# Blender 5.1.2
# www.blender.org
mtllib stilletohandle.mtl
o Element_1_L_low_lambert2_0
v -0.024504 0.764616 -0.121813
v -0.051995 0.778324 -0.119050
v -0.040891 0.789394 -0.119485
v -0.025425 0.793868 -0.120506
v -0.009671 0.790453 -0.121196
v 0.002134 0.780160 -0.122017
v 0.006794 0.765675 -0.122098
v 0.003124 0.750908 -0.122071
v -0.007960 0.739838 -0.121289
v -0.023447 0.735364 -0.120615
v -0.039180 0.738779 -0.119579
v -0.051006 0.749072 -0.119104
v -0.055646 0.763557 -0.118676
v -0.064089 0.785084 -0.090997
v -0.047549 0.801650 -0.091903
v -0.049200 0.802568 -0.110855
v -0.066148 0.785591 -0.109926
v -0.024416 0.808293 -0.093171
v -0.025493 0.809375 -0.112154
v -0.000887 0.803232 -0.094460
v -0.001381 0.804189 -0.113476
v 0.016732 0.787825 -0.095426
v 0.016676 0.788400 -0.114465
v 0.023723 0.766198 -0.095809
v 0.023839 0.766237 -0.114858
v 0.018209 0.744148 -0.095507
v 0.018189 0.743641 -0.114548
v 0.001670 0.727582 -0.094601
v 0.001240 0.726664 -0.113619
v -0.021463 0.720939 -0.093333
v -0.022467 0.719857 -0.112320
v -0.044991 0.726000 -0.092043
v -0.046579 0.725043 -0.110999
v -0.062612 0.741407 -0.091078
v -0.064635 0.740832 -0.110009
v -0.069602 0.763034 -0.090695
v -0.071799 0.762995 -0.109617
vn -0.0547 -0.0000 -0.9985
vn -0.3318 0.1604 -0.9296
vn -0.2209 0.2903 -0.9311
vn -0.0629 0.3375 -0.9392
vn 0.0978 0.3012 -0.9485
vn 0.2167 0.1790 -0.9597
vn 0.2687 0.0109 -0.9632
vn 0.2282 -0.1604 -0.9603
vn 0.1178 -0.2903 -0.9497
vn -0.0401 -0.3375 -0.9405
vn -0.2009 -0.3011 -0.9322
vn -0.3203 -0.1790 -0.9303
vn -0.3723 -0.0109 -0.9281
vn -0.7019 0.7058 0.0953
vn -0.7017 0.7060 0.0953
vn -0.7018 0.7059 0.0953
vn -0.7019 0.7059 0.0953
vn -0.2717 0.9598 0.0702
vn -0.2718 0.9598 0.0702
vn 0.2125 0.9762 0.0436
vn 0.2124 0.9762 0.0436
vn 0.6588 0.7520 0.0208
vn 0.6587 0.7521 0.0208
vn 0.9516 0.3074 0.0065
vn 0.9515 0.3074 0.0065
vn 0.9701 -0.2426 0.0054
vn 0.9701 -0.2425 0.0054
vn 0.7080 -0.7060 0.0181
vn 0.7081 -0.7058 0.0181
vn 0.2777 -0.9598 0.0400
vn 0.2778 -0.9598 0.0400
vn -0.2064 -0.9762 0.0666
vn -0.6527 -0.7520 0.0926
vn -0.6525 -0.7521 0.0926
vn -0.9452 -0.3073 0.1104
vn -0.9452 -0.3074 0.1104
vt 0.203216 0.386269
vt 0.205704 0.394262
vt 0.209388 0.391896
vt 0.211476 0.388084
vt 0.211304 0.383751
vt 0.208914 0.380115
vt 0.205051 0.378130
vt 0.200709 0.378265
vt 0.196991 0.380525
vt 0.194976 0.384365
vt 0.195228 0.388704
vt 0.197540 0.392422
vt 0.201350 0.394550
vt 0.208813 0.404220
vt 0.217186 0.399204
vt 0.212992 0.395226
vt 0.207265 0.399100
vt 0.221388 0.390355
vt 0.216563 0.389254
vt 0.221170 0.380657
vt 0.216068 0.382207
vt 0.216030 0.372412
vt 0.212317 0.376300
vt 0.207417 0.367629
vt 0.206136 0.373315
vt 0.197586 0.368255
vt 0.199272 0.373360
vt 0.189406 0.373498
vt 0.193349 0.377086
vt 0.185048 0.382164
vt 0.189879 0.383240
vt 0.185048 0.391960
vt 0.190543 0.390166
vt 0.190460 0.400083
vt 0.194054 0.396123
vt 0.199138 0.404363
vt 0.200225 0.399540
s 1
usemtl lambert2.003
f 1/1/1 2/2/2 3/3/3
f 1/1/1 3/3/3 4/4/4
f 1/1/1 4/4/4 5/5/5
f 5/5/5 6/6/6 1/1/1
f 1/1/1 6/6/6 7/7/7
f 1/1/1 7/7/7 8/8/8
f 1/1/1 8/8/8 9/9/9
f 1/1/1 9/9/9 10/10/10
f 1/1/1 10/10/10 11/11/11
f 1/1/1 11/11/11 12/12/12
f 1/1/1 12/12/12 13/13/13
f 13/13/13 2/2/2 1/1/1
f 14/14/14 15/15/15 16/16/16
f 14/14/14 16/16/16 17/17/17
f 15/15/15 18/18/18 19/19/19
f 15/15/15 19/19/19 16/16/16
f 18/18/18 20/20/20 21/21/21
f 18/18/18 21/21/21 19/19/19
f 20/20/20 22/22/22 23/23/23
f 20/20/20 23/23/23 21/21/21
f 22/22/22 24/24/24 25/25/25
f 22/22/22 25/25/25 23/23/23
f 24/24/24 26/26/26 27/27/27
f 24/24/24 27/27/27 25/25/25
f 26/26/26 28/28/28 29/29/29
f 26/26/26 29/29/29 27/27/27
f 28/28/28 30/30/30 31/31/31
f 28/28/28 31/31/31 29/29/29
f 30/30/30 32/32/32 33/33/32
f 30/30/30 33/33/32 31/31/31
f 32/32/32 34/34/33 35/35/34
f 32/32/32 35/35/34 33/33/32
f 34/34/33 36/36/35 37/37/36
f 34/34/33 37/37/36 35/35/34
f 36/36/35 14/14/14 17/17/17
f 36/36/35 17/17/17 37/37/36
f 2/2/2 13/13/13 37/37/36
f 2/2/2 37/37/36 17/17/17
f 3/3/3 2/2/2 17/17/17
f 3/3/3 17/17/17 16/16/16
f 4/4/4 3/3/3 16/16/16
f 4/4/4 16/16/16 19/19/19
f 5/5/5 4/4/4 19/19/19
f 5/5/5 19/19/19 21/21/21
f 6/6/6 5/5/5 21/21/21
f 6/6/6 21/21/21 23/23/23
f 7/7/7 6/6/6 23/23/23
f 7/7/7 23/23/23 25/25/25
f 8/8/8 7/7/7 25/25/25
f 8/8/8 25/25/25 27/27/27
f 9/9/9 8/8/8 27/27/27
f 9/9/9 27/27/27 29/29/29
f 10/10/10 9/9/9 29/29/29
f 10/10/10 29/29/29 31/31/31
f 11/11/11 10/10/10 31/31/31
f 11/11/11 31/31/31 33/33/32
f 12/12/12 11/11/11 33/33/32
f 12/12/12 33/33/32 35/35/34
f 13/13/13 12/12/12 35/35/34
f 13/13/13 35/35/34 37/37/36
o Element_1_low_lambert2_0
v 0.112822 0.768712 -0.035885
v 0.127974 0.763421 -0.036716
v 0.134184 0.763421 0.076596
v 0.119032 0.768712 0.077426
v 0.142734 0.769727 -0.037524
v 0.148944 0.769727 0.075787
v 0.148456 0.783936 -0.037838
v 0.154665 0.783936 0.075473
v 0.141788 0.797725 -0.037473
v 0.147997 0.797725 0.075839
v 0.126636 0.803016 -0.036642
v 0.132845 0.803016 0.076669
v 0.111876 0.796710 -0.035833
v 0.118085 0.796710 0.077478
v 0.106154 0.782501 -0.035520
v 0.112364 0.782501 0.077791
v 0.106154 0.782501 -0.035520
v 0.112364 0.782501 0.077791
vn -0.6567 -0.7533 0.0360
vn 0.0338 -0.9994 -0.0019
vn 0.7061 -0.7071 -0.0387
vn 0.9979 0.0338 -0.0547
vn 0.9979 0.0339 -0.0547
vn 0.6567 0.7533 -0.0360
vn -0.0338 0.9994 0.0019
vn -0.7061 0.7071 0.0387
vn -0.9979 -0.0338 0.0547
vn -0.9979 -0.0339 0.0547
vt 0.057765 0.395457
vt 0.057765 0.390886
vt 0.023778 0.390886
vt 0.023778 0.395457
vt 0.057765 0.386314
vt 0.023778 0.386314
vt 0.057765 0.381743
vt 0.023778 0.381743
vt 0.057765 0.377172
vt 0.023778 0.377172
vt 0.057765 0.372600
vt 0.023778 0.372600
vt 0.057765 0.368029
vt 0.023778 0.368029
vt 0.057765 0.363457
vt 0.023778 0.363457
vt 0.057765 0.400029
vt 0.023778 0.400029
s 1
usemtl lambert2.003
f 38/38/37 39/39/38 40/40/38
f 38/38/37 40/40/38 41/41/37
f 39/39/38 42/42/39 43/43/39
f 39/39/38 43/43/39 40/40/38
f 42/42/39 44/44/40 45/45/41
f 42/42/39 45/45/41 43/43/39
f 44/44/40 46/46/42 47/47/42
f 44/44/40 47/47/42 45/45/41
f 46/46/42 48/48/43 49/49/43
f 46/46/42 49/49/43 47/47/42
f 48/48/43 50/50/44 51/51/44
f 48/48/43 51/51/44 49/49/43
f 50/50/44 52/52/45 53/53/45
f 50/50/44 53/53/45 51/51/44
f 54/54/46 38/38/37 41/41/37
f 54/54/46 41/41/37 55/55/46
o Element_1_R_low_lambert2_0
v -0.008638 0.764616 0.167712
v -0.035277 0.749072 0.167914
v -0.023470 0.738779 0.167093
v -0.007719 0.735364 0.166403
v 0.007749 0.739838 0.165382
v 0.018852 0.750908 0.164947
v 0.022504 0.765675 0.164573
v 0.017864 0.780160 0.165002
v 0.006038 0.790453 0.165475
v -0.009696 0.793868 0.166512
v -0.025181 0.789394 0.167186
v -0.036266 0.778325 0.167968
v -0.039937 0.763557 0.167995
v -0.049877 0.741407 0.141323
v -0.032256 0.726000 0.140357
v -0.031763 0.725043 0.159373
v -0.049819 0.740832 0.160362
v -0.008728 0.720939 0.139068
v -0.007650 0.719857 0.158051
v 0.014406 0.727582 0.137800
v 0.016057 0.726664 0.156752
v 0.030945 0.744148 0.136894
v 0.033006 0.743641 0.155823
v 0.036458 0.766198 0.136592
v 0.038655 0.766238 0.155514
v 0.029468 0.787825 0.136975
v 0.031492 0.788400 0.155906
v 0.011848 0.803232 0.137941
v 0.013436 0.804190 0.156896
v -0.011681 0.808293 0.139230
v -0.010677 0.809375 0.158217
v -0.034814 0.801650 0.140498
v -0.034384 0.802568 0.159516
v -0.051354 0.785084 0.141404
v -0.051332 0.785591 0.160445
v -0.056866 0.763034 0.141706
v -0.056983 0.762995 0.160755
vn -0.0288 -0.0555 0.9980
vn -0.2579 -0.2057 0.9440
vn -0.1217 -0.3471 0.9299
vn 0.0635 -0.3873 0.9198
vn 0.2456 -0.3346 0.9098
vn 0.3727 -0.1844 0.9095
vn 0.4208 0.0125 0.9071
vn 0.3595 0.2058 0.9102
vn 0.2226 0.3471 0.9110
vn 0.0374 0.3873 0.9212
vn -0.1447 0.3346 0.9312
vn -0.2711 0.1844 0.9447
vn -0.3192 -0.0126 0.9476
vn -0.6589 -0.7520 -0.0207
vn -0.6587 -0.7521 -0.0207
vn -0.6588 -0.7520 -0.0207
vn -0.6587 -0.7521 -0.0208
vn -0.2123 -0.9762 -0.0436
vn -0.2124 -0.9762 -0.0436
vn 0.2718 -0.9598 -0.0701
vn 0.2718 -0.9598 -0.0702
vn 0.7019 -0.7058 -0.0953
vn 0.7018 -0.7059 -0.0954
vn 0.9638 -0.2424 -0.1114
vn 0.9637 -0.2425 -0.1114
vn 0.9451 0.3076 -0.1104
vn 0.9452 0.3074 -0.1104
vn 0.6525 0.7521 -0.0926
vn 0.2063 0.9762 -0.0666
vn -0.2779 0.9598 -0.0400
vn -0.2778 0.9598 -0.0400
vn -0.7081 0.7059 -0.0180
vn -0.7080 0.7060 -0.0180
vn -0.9702 0.2424 -0.0054
vn -0.9701 0.2425 -0.0054
vt 0.454085 0.470998
vt 0.451597 0.463005
vt 0.447914 0.465371
vt 0.445825 0.469183
vt 0.445997 0.473516
vt 0.448387 0.477152
vt 0.452251 0.479137
vt 0.456592 0.479002
vt 0.460311 0.476742
vt 0.462325 0.472902
vt 0.462074 0.468563
vt 0.459761 0.464845
vt 0.455951 0.462717
vt 0.448489 0.453047
vt 0.440115 0.458063
vt 0.444309 0.462041
vt 0.450036 0.458167
vt 0.435913 0.466912
vt 0.440738 0.468013
vt 0.436132 0.476610
vt 0.441233 0.475060
vt 0.441271 0.484855
vt 0.444984 0.480967
vt 0.449884 0.489638
vt 0.451165 0.483952
vt 0.459715 0.489012
vt 0.458029 0.483908
vt 0.467895 0.483769
vt 0.463952 0.480181
vt 0.472253 0.475103
vt 0.467422 0.474027
vt 0.472253 0.465307
vt 0.466759 0.467101
vt 0.466841 0.457184
vt 0.463247 0.461145
vt 0.458163 0.452904
vt 0.457076 0.457727
s 1
usemtl lambert2.003
f 56/56/47 57/57/48 58/58/49
f 56/56/47 58/58/49 59/59/50
f 56/56/47 59/59/50 60/60/51
f 60/60/51 61/61/52 56/56/47
f 56/56/47 61/61/52 62/62/53
f 56/56/47 62/62/53 63/63/54
f 56/56/47 63/63/54 64/64/55
f 56/56/47 64/64/55 65/65/56
f 56/56/47 65/65/56 66/66/57
f 56/56/47 66/66/57 67/67/58
f 56/56/47 67/67/58 68/68/59
f 68/68/59 57/57/48 56/56/47
f 69/69/60 70/70/61 71/71/62
f 69/69/60 71/71/62 72/72/63
f 70/70/61 73/73/64 74/74/65
f 70/70/61 74/74/65 71/71/62
f 73/73/64 75/75/66 76/76/67
f 73/73/64 76/76/67 74/74/65
f 75/75/66 77/77/68 78/78/69
f 75/75/66 78/78/69 76/76/67
f 77/77/68 79/79/70 80/80/71
f 77/77/68 80/80/71 78/78/69
f 79/79/70 81/81/72 82/82/73
f 79/79/70 82/82/73 80/80/71
f 81/81/72 83/83/74 84/84/74
f 81/81/72 84/84/74 82/82/73
f 83/83/74 85/85/75 86/86/75
f 83/83/74 86/86/75 84/84/74
f 85/85/75 87/87/76 88/88/77
f 85/85/75 88/88/77 86/86/75
f 87/87/76 89/89/78 90/90/79
f 87/87/76 90/90/79 88/88/77
f 89/89/78 91/91/80 92/92/81
f 89/89/78 92/92/81 90/90/79
f 91/91/80 69/69/60 72/72/63
f 91/91/80 72/72/63 92/92/81
f 57/57/48 68/68/59 92/92/81
f 57/57/48 92/92/81 72/72/63
f 58/58/49 57/57/48 72/72/63
f 58/58/49 72/72/63 71/71/62
f 59/59/50 58/58/49 71/71/62
f 59/59/50 71/71/62 74/74/65
f 60/60/51 59/59/50 74/74/65
f 60/60/51 74/74/65 76/76/67
f 61/61/52 60/60/51 76/76/67
f 61/61/52 76/76/67 78/78/69
f 62/62/53 61/61/52 78/78/69
f 62/62/53 78/78/69 80/80/71
f 63/63/54 62/62/53 80/80/71
f 63/63/54 80/80/71 82/82/73
f 64/64/55 63/63/54 82/82/73
f 64/64/55 82/82/73 84/84/74
f 65/65/56 64/64/55 84/84/74
f 65/65/56 84/84/74 86/86/75
f 66/66/57 65/65/56 86/86/75
f 66/66/57 86/86/75 88/88/77
f 67/67/58 66/66/57 88/88/77
f 67/67/58 88/88/77 90/90/79
f 68/68/59 67/67/58 90/90/79
f 68/68/59 90/90/79 92/92/81
o Element_2_L_low_lambert2_0
v -0.012846 0.541126 -0.118335
v -0.022738 0.523803 -0.117779
v -0.030667 0.530704 -0.117461
v -0.012189 0.521513 -0.118473
v -0.001805 0.524513 -0.118926
v 0.005626 0.531935 -0.119450
v 0.008087 0.541836 -0.119468
v 0.004964 0.551548 -0.119413
v -0.002953 0.558450 -0.118863
v -0.013515 0.560740 -0.118401
v -0.023885 0.557740 -0.117716
v -0.031330 0.550318 -0.117424
v -0.033778 0.540417 -0.117174
v -0.035239 0.527858 -0.111865
v -0.039236 0.540222 -0.111646
v -0.025167 0.519050 -0.112417
v -0.011715 0.516157 -0.113154
v 0.001509 0.519955 -0.113879
v 0.010964 0.529425 -0.114397
v 0.014116 0.542031 -0.114570
v 0.010120 0.554394 -0.114351
v 0.000047 0.563203 -0.113799
v -0.013403 0.566095 -0.113062
v -0.026629 0.562298 -0.112337
v -0.036084 0.552828 -0.111819
v -0.024372 0.519802 -0.105762
v -0.034102 0.528310 -0.105229
v -0.011378 0.517007 -0.106474
v 0.001397 0.520675 -0.107174
v 0.010530 0.529823 -0.107674
v 0.013574 0.542000 -0.107841
v 0.009714 0.553943 -0.107630
v -0.000016 0.562451 -0.107096
v -0.013009 0.565246 -0.106384
v -0.025784 0.561577 -0.105684
v -0.034917 0.552429 -0.105184
v -0.037962 0.540253 -0.105017
vn -0.0526 0.0042 -0.9986
vn -0.2809 -0.4727 -0.8353
vn -0.4733 -0.2842 -0.8338
vn -0.0284 -0.5316 -0.8465
vn 0.2193 -0.4557 -0.8627
vn 0.3977 -0.2547 -0.8815
vn 0.4601 0.0172 -0.8877
vn 0.3795 0.2842 -0.8805
vn 0.1879 0.4727 -0.8610
vn -0.0643 0.5316 -0.8445
vn -0.3123 0.4557 -0.8336
vn -0.4916 0.2547 -0.8328
vn -0.5543 -0.0172 -0.8321
vn -0.6073 -0.3781 -0.6987
vn -0.7161 -0.0229 -0.6977
vn -0.3484 -0.6233 -0.7001
vn -0.0153 -0.7002 -0.7138
vn 0.3112 -0.6009 -0.7362
vn 0.5517 -0.3388 -0.7621
vn 0.6356 0.0230 -0.7717
vn 0.5274 0.3782 -0.7608
vn 0.2698 0.6233 -0.7340
vn -0.0628 0.7002 -0.7112
vn -0.3898 0.6009 -0.6978
vn -0.6316 0.3388 -0.6973
vn -0.6446 -0.7473 0.1614
vn -0.6447 -0.7472 0.1614
vn -0.2013 -0.9704 0.1336
vn 0.2799 -0.9540 0.1072
vn 0.7074 -0.7014 0.0873
vn 0.9675 -0.2408 0.0768
vn 0.9490 0.3054 0.0778
vn 0.6583 0.7473 0.0900
vn 0.2147 0.9704 0.1108
vn -0.2665 0.9540 0.1372
vn -0.6937 0.7014 0.1641
vn -0.9533 0.2407 0.1821
vt 0.772399 0.948274
vt 0.770811 0.942775
vt 0.768294 0.944325
vt 0.773764 0.942774
vt 0.776374 0.944155
vt 0.777874 0.946701
vt 0.777984 0.949660
vt 0.776505 0.952223
vt 0.773988 0.953773
vt 0.771035 0.953774
vt 0.768425 0.952393
vt 0.766924 0.949847
vt 0.766814 0.946889
vt 0.766701 0.942768
vt 0.764702 0.946365
vt 0.770232 0.940688
vt 0.774295 0.940632
vt 0.777860 0.942581
vt 0.780010 0.946069
vt 0.780097 0.950184
vt 0.778097 0.953781
vt 0.774566 0.955860
vt 0.770503 0.955917
vt 0.766938 0.953967
vt 0.764788 0.950479
vt 0.769666 0.938827
vt 0.765302 0.941445
vt 0.774792 0.938630
vt 0.779231 0.941199
vt 0.781866 0.945554
vt 0.781866 0.950622
vt 0.779497 0.955103
vt 0.775132 0.957722
vt 0.770007 0.957918
vt 0.765567 0.955349
vt 0.762933 0.950994
vt 0.762933 0.945926
s 1
usemtl lambert2.003
f 93/93/82 94/94/83 95/95/84
f 93/93/82 96/96/85 94/94/83
f 93/93/82 97/97/86 96/96/85
f 97/97/86 93/93/82 98/98/87
f 93/93/82 99/99/88 98/98/87
f 93/93/82 100/100/89 99/99/88
f 93/93/82 101/101/90 100/100/89
f 93/93/82 102/102/91 101/101/90
f 93/93/82 103/103/92 102/102/91
f 93/93/82 104/104/93 103/103/92
f 93/93/82 105/105/94 104/104/93
f 105/105/94 93/93/82 95/95/84
f 95/95/84 106/106/95 107/107/96
f 95/95/84 107/107/96 105/105/94
f 94/94/83 108/108/97 106/106/95
f 94/94/83 106/106/95 95/95/84
f 96/96/85 109/109/98 108/108/97
f 96/96/85 108/108/97 94/94/83
f 97/97/86 110/110/99 109/109/98
f 97/97/86 109/109/98 96/96/85
f 98/98/87 111/111/100 110/110/99
f 98/98/87 110/110/99 97/97/86
f 99/99/88 112/112/101 111/111/100
f 99/99/88 111/111/100 98/98/87
f 100/100/89 113/113/102 112/112/101
f 100/100/89 112/112/101 99/99/88
f 101/101/90 114/114/103 113/113/102
f 101/101/90 113/113/102 100/100/89
f 102/102/91 115/115/104 114/114/103
f 102/102/91 114/114/103 101/101/90
f 103/103/92 116/116/105 115/115/104
f 103/103/92 115/115/104 102/102/91
f 104/104/93 117/117/106 116/116/105
f 104/104/93 116/116/105 103/103/92
f 105/105/94 107/107/96 117/117/106
f 105/105/94 117/117/106 104/104/93
f 108/108/97 118/118/107 119/119/108
f 108/108/97 119/119/108 106/106/95
f 109/109/98 120/120/109 118/118/107
f 109/109/98 118/118/107 108/108/97
f 110/110/99 121/121/110 120/120/109
f 110/110/99 120/120/109 109/109/98
f 111/111/100 122/122/111 121/121/110
f 111/111/100 121/121/110 110/110/99
f 112/112/101 123/123/112 122/122/111
f 112/112/101 122/122/111 111/111/100
f 113/113/102 124/124/113 123/123/112
f 113/113/102 123/123/112 112/112/101
f 114/114/103 125/125/114 124/124/113
f 114/114/103 124/124/113 113/113/102
f 115/115/104 126/126/115 125/125/114
f 115/115/104 125/125/114 114/114/103
f 116/116/105 127/127/116 126/126/115
f 116/116/105 126/126/115 115/115/104
f 117/117/106 128/128/117 127/127/116
f 117/117/106 127/127/116 116/116/105
f 107/107/96 129/129/118 128/128/117
f 107/107/96 128/128/117 117/117/106
f 106/106/95 119/119/108 129/129/118
f 106/106/95 129/129/118 107/107/96
o Element_2_low_lambert2_0
v 0.125592 -0.603874 0.053488
v 0.146700 -0.594856 0.052332
v 0.143067 -0.594856 -0.013965
v 0.121959 -0.603874 -0.012808
v 0.168369 -0.602423 0.051144
v 0.164736 -0.602423 -0.015152
v 0.177906 -0.622143 0.050621
v 0.174273 -0.622143 -0.015675
v 0.169723 -0.642464 0.051070
v 0.166090 -0.642464 -0.015226
v 0.148614 -0.651482 0.052227
v 0.144981 -0.651482 -0.014069
v 0.126945 -0.643914 0.053414
v 0.123312 -0.643914 -0.012882
v 0.117409 -0.624195 0.053937
v 0.113775 -0.624195 -0.012359
v 0.117409 -0.624195 0.053937
v 0.113775 -0.624195 -0.012359
vn -0.7061 0.7071 0.0387
vn -0.0338 0.9994 0.0019
vn 0.6567 0.7533 -0.0360
vn 0.9979 0.0339 -0.0547
vn 0.9979 0.0338 -0.0547
vn 0.7061 -0.7071 -0.0387
vn 0.0338 -0.9994 -0.0019
vn 0.0338 -0.9994 -0.0018
vn -0.6567 -0.7533 0.0360
vn -0.9979 -0.0339 0.0547
vn -0.9979 -0.0338 0.0547
vt 0.870446 0.948377
vt 0.870446 0.954914
vt 0.890331 0.954914
vt 0.890331 0.948377
vt 0.870446 0.961452
vt 0.890331 0.961452
vt 0.870446 0.967990
vt 0.890331 0.967990
vt 0.870446 0.974527
vt 0.890331 0.974527
vt 0.870446 0.981065
vt 0.890331 0.981065
vt 0.870446 0.987603
vt 0.890331 0.987603
vt 0.870446 0.994141
vt 0.890331 0.994141
vt 0.870446 0.941839
vt 0.890331 0.941839
s 1
usemtl lambert2.003
f 130/130/119 131/131/120 132/132/120
f 130/130/119 132/132/120 133/133/119
f 131/131/120 134/134/121 135/135/121
f 131/131/120 135/135/121 132/132/120
f 134/134/121 136/136/122 137/137/123
f 134/134/121 137/137/123 135/135/121
f 136/136/122 138/138/124 139/139/124
f 136/136/122 139/139/124 137/137/123
f 138/138/124 140/140/125 141/141/126
f 138/138/124 141/141/126 139/139/124
f 140/140/125 142/142/127 143/143/127
f 140/140/125 143/143/127 141/141/126
f 142/142/127 144/144/128 145/145/128
f 142/142/127 145/145/128 143/143/127
f 146/146/129 130/130/119 133/133/119
f 146/146/129 133/133/119 147/147/129
o Element_2_R_low_lambert2_0
v 0.004104 0.541539 0.162782
v -0.013706 0.531117 0.163859
v -0.005790 0.524215 0.163309
v 0.004772 0.521925 0.162847
v 0.015143 0.524925 0.162162
v 0.022587 0.532347 0.161870
v 0.025035 0.542248 0.161620
v 0.021924 0.551961 0.161907
v 0.013995 0.558862 0.162225
v 0.003446 0.561152 0.162919
v -0.006937 0.558152 0.163372
v -0.014369 0.550730 0.163896
v -0.016830 0.540829 0.163914
v -0.022859 0.540634 0.159016
v -0.018863 0.528271 0.158797
v -0.008790 0.519463 0.158245
v 0.004661 0.516570 0.157508
v 0.017886 0.520367 0.156783
v 0.027341 0.529837 0.156265
v 0.030492 0.542443 0.156092
v 0.026497 0.554806 0.156311
v 0.016424 0.563615 0.156863
v 0.002973 0.566508 0.157600
v -0.010252 0.562710 0.158325
v -0.019707 0.553240 0.158843
v -0.018457 0.528722 0.152076
v -0.008727 0.520214 0.151543
v 0.004267 0.517419 0.150830
v 0.017041 0.521088 0.150130
v 0.026174 0.530236 0.149630
v 0.029218 0.542412 0.149463
v 0.025359 0.554355 0.149675
v 0.015629 0.562863 0.150208
v 0.002636 0.565658 0.150920
v -0.010140 0.561990 0.151620
v -0.019273 0.552841 0.152120
v -0.022317 0.540665 0.152287
vn 0.0606 0.0039 0.9982
vn -0.3794 -0.2842 0.8805
vn -0.1879 -0.4727 0.8610
vn 0.0643 -0.5316 0.8446
vn 0.3123 -0.4558 0.8335
vn 0.4916 -0.2547 0.8327
vn 0.5543 0.0172 0.8322
vn 0.4734 0.2842 0.8337
vn 0.2809 0.4727 0.8353
vn 0.0283 0.5316 0.8465
vn -0.2193 0.4557 0.8627
vn -0.3977 0.2547 0.8815
vn -0.4601 -0.0172 0.8877
vn -0.6355 -0.0229 0.7717
vn -0.5266 -0.3794 0.7608
vn -0.2710 -0.6227 0.7340
vn 0.0641 -0.7001 0.7112
vn 0.3887 -0.6016 0.6979
vn 0.6323 -0.3376 0.6973
vn 0.7161 0.0215 0.6976
vn 0.6067 0.3794 0.6986
vn 0.3496 0.6226 0.7001
vn 0.0140 0.7001 0.7139
vn -0.3100 0.6016 0.7362
vn -0.5523 0.3376 0.7622
vn -0.6584 -0.7472 -0.0900
vn -0.6583 -0.7473 -0.0900
vn -0.2147 -0.9704 -0.1108
vn 0.2665 -0.9540 -0.1372
vn 0.6936 -0.7014 -0.1641
vn 0.9533 -0.2408 -0.1821
vn 0.9348 0.3054 -0.1811
vn 0.6446 0.7473 -0.1614
vn 0.2012 0.9704 -0.1336
vn -0.2798 0.9540 -0.1072
vn -0.7074 0.7014 -0.0873
vn -0.9675 0.2408 -0.0768
vt 0.835115 0.984497
vt 0.831010 0.988446
vt 0.833527 0.989996
vt 0.836480 0.989997
vt 0.839090 0.988616
vt 0.840590 0.986070
vt 0.840700 0.983112
vt 0.839221 0.980548
vt 0.836704 0.978998
vt 0.833751 0.978997
vt 0.831141 0.980378
vt 0.829640 0.982924
vt 0.829531 0.985882
vt 0.827418 0.986407
vt 0.829417 0.990004
vt 0.832948 0.992083
vt 0.837011 0.992140
vt 0.840576 0.990190
vt 0.842726 0.986702
vt 0.842813 0.982587
vt 0.840813 0.978990
vt 0.837282 0.976911
vt 0.833219 0.976854
vt 0.829654 0.978804
vt 0.827504 0.982292
vt 0.828018 0.991326
vt 0.832382 0.993944
vt 0.837508 0.994141
vt 0.841947 0.991572
vt 0.844582 0.987217
vt 0.844582 0.982149
vt 0.842213 0.977668
vt 0.837848 0.975050
vt 0.832723 0.974853
vt 0.828284 0.977422
vt 0.825649 0.981777
vt 0.825649 0.986845
s 1
usemtl lambert2.003
f 148/148/130 149/149/131 150/150/132
f 148/148/130 150/150/132 151/151/133
f 148/148/130 151/151/133 152/152/134
f 152/152/134 153/153/135 148/148/130
f 148/148/130 153/153/135 154/154/136
f 148/148/130 154/154/136 155/155/137
f 148/148/130 155/155/137 156/156/138
f 148/148/130 156/156/138 157/157/139
f 148/148/130 157/157/139 158/158/140
f 148/148/130 158/158/140 159/159/141
f 148/148/130 159/159/141 160/160/142
f 160/160/142 149/149/131 148/148/130
f 149/149/131 160/160/142 161/161/143
f 149/149/131 161/161/143 162/162/144
f 150/150/132 149/149/131 162/162/144
f 150/150/132 162/162/144 163/163/145
f 151/151/133 150/150/132 163/163/145
f 151/151/133 163/163/145 164/164/146
f 152/152/134 151/151/133 164/164/146
f 152/152/134 164/164/146 165/165/147
f 153/153/135 152/152/134 165/165/147
f 153/153/135 165/165/147 166/166/148
f 154/154/136 153/153/135 166/166/148
f 154/154/136 166/166/148 167/167/149
f 155/155/137 154/154/136 167/167/149
f 155/155/137 167/167/149 168/168/150
f 156/156/138 155/155/137 168/168/150
f 156/156/138 168/168/150 169/169/151
f 157/157/139 156/156/138 169/169/151
f 157/157/139 169/169/151 170/170/152
f 158/158/140 157/157/139 170/170/152
f 158/158/140 170/170/152 171/171/153
f 159/159/141 158/158/140 171/171/153
f 159/159/141 171/171/153 172/172/154
f 160/160/142 159/159/141 172/172/154
f 160/160/142 172/172/154 161/161/143
f 163/163/145 162/162/144 173/173/155
f 163/163/145 173/173/155 174/174/156
f 164/164/146 163/163/145 174/174/156
f 164/164/146 174/174/156 175/175/157
f 165/165/147 164/164/146 175/175/157
f 165/165/147 175/175/157 176/176/158
f 166/166/148 165/165/147 176/176/158
f 166/166/148 176/176/158 177/177/159
f 167/167/149 166/166/148 177/177/159
f 167/167/149 177/177/159 178/178/160
f 168/168/150 167/167/149 178/178/160
f 168/168/150 178/178/160 179/179/161
f 169/169/151 168/168/150 179/179/161
f 169/169/151 179/179/161 180/180/162
f 170/170/152 169/169/151 180/180/162
f 170/170/152 180/180/162 181/181/163
f 171/171/153 170/170/152 181/181/163
f 171/171/153 181/181/163 182/182/164
f 172/172/154 171/171/153 182/182/164
f 172/172/154 182/182/164 183/183/165
f 161/161/143 172/172/154 183/183/165
f 161/161/143 183/183/165 184/184/166
f 162/162/144 161/161/143 184/184/166
f 162/162/144 184/184/166 173/173/155
o Element_3_low_lambert2_0
v 0.152004 -0.850938 0.052041
v 0.173112 -0.841920 0.050884
v 0.169479 -0.841920 -0.015412
v 0.148371 -0.850938 -0.014255
v 0.194781 -0.849488 0.049697
v 0.191148 -0.849488 -0.016599
v 0.204318 -0.869208 0.049174
v 0.200685 -0.869208 -0.017122
v 0.196135 -0.889529 0.049623
v 0.192502 -0.889529 -0.016674
v 0.175027 -0.898547 0.050779
v 0.171394 -0.898547 -0.015517
v 0.153358 -0.890979 0.051967
v 0.149724 -0.890979 -0.014329
v 0.143821 -0.871259 0.052489
v 0.140188 -0.871259 -0.013807
v 0.143821 -0.871259 0.052489
v 0.140188 -0.871259 -0.013807
vn -0.7061 0.7071 0.0387
vn -0.0338 0.9994 0.0019
vn 0.6567 0.7533 -0.0360
vn 0.9979 0.0339 -0.0547
vn 0.9979 0.0338 -0.0547
vn 0.7061 -0.7071 -0.0387
vn 0.0338 -0.9994 -0.0018
vn 0.0338 -0.9994 -0.0019
vn -0.6567 -0.7533 0.0360
vn -0.9979 -0.0339 0.0547
vn -0.9979 -0.0338 0.0547
vt 0.890331 0.931760
vt 0.890331 0.925222
vt 0.870446 0.925222
vt 0.870446 0.931760
vt 0.890331 0.918684
vt 0.870446 0.918684
vt 0.890331 0.912147
vt 0.870446 0.912147
vt 0.890331 0.905609
vt 0.870446 0.905609
vt 0.890331 0.899071
vt 0.870446 0.899071
vt 0.890331 0.892534
vt 0.870446 0.892534
vt 0.890331 0.885996
vt 0.870446 0.885996
vt 0.890331 0.938298
vt 0.870446 0.938298
s 1
usemtl lambert2.003
f 185/185/167 186/186/168 187/187/168
f 185/185/167 187/187/168 188/188/167
f 186/186/168 189/189/169 190/190/169
f 186/186/168 190/190/169 187/187/168
f 189/189/169 191/191/170 192/192/171
f 189/189/169 192/192/171 190/190/169
f 191/191/170 193/193/172 194/194/172
f 191/191/170 194/194/172 192/192/171
f 193/193/172 195/195/173 196/196/174
f 193/193/172 196/196/174 194/194/172
f 195/195/173 197/197/175 198/198/175
f 195/195/173 198/198/175 196/196/174
f 197/197/175 199/199/176 200/200/176
f 197/197/175 200/200/176 198/198/175
f 201/201/177 185/185/167 188/188/167
f 201/201/177 188/188/167 202/202/177
o Metal_down_L_low_lambert2_0
v 0.187566 -0.681187 -0.070842
v 0.177420 -0.682995 -0.078906
v 0.179502 -0.670310 -0.076144
v 0.186196 -0.669260 -0.070767
v 0.138544 -0.678758 -0.077808
v 0.140786 -0.679703 -0.068278
v 0.190279 -0.704796 -0.070991
v 0.177318 -0.707250 -0.081065
v 0.161757 -0.686251 -0.086961
v 0.157465 -0.680001 -0.083624
v 0.136553 -0.681696 -0.086870
v 0.160156 -0.711048 -0.091054
v 0.135063 -0.692401 -0.094997
v 0.091232 -0.685657 -0.078146
v 0.090896 -0.688072 -0.065544
v 0.134598 -0.717538 -0.100874
v 0.091788 -0.687713 -0.089916
v 0.092786 -0.698713 -0.100024
v 0.204317 -0.807845 -0.071760
v 0.189089 -0.811548 -0.082301
v 0.093776 -0.724041 -0.107161
v 0.031210 -0.689456 -0.075834
v 0.032047 -0.692293 -0.062319
v 0.168941 -0.815685 -0.092889
v 0.030584 -0.691288 -0.088395
v 0.030378 -0.702456 -0.099051
v 0.138952 -0.820674 -0.103574
v 0.030830 -0.727882 -0.106553
v -0.028825 -0.689728 -0.071567
v -0.026953 -0.692068 -0.059086
v 0.228623 -0.899539 -0.073092
v 0.212607 -0.905316 -0.082867
v -0.030523 -0.691860 -0.083213
v 0.095246 -0.825106 -0.110663
v -0.031872 -0.702940 -0.093192
v 0.189106 -0.911974 -0.092865
v 0.235053 -0.947164 -0.073444
v 0.237459 -0.936617 -0.073576
v 0.238458 -0.936617 -0.055344
v 0.236052 -0.947164 -0.055213
v -0.076174 -0.686039 -0.066041
v -0.077294 -0.687098 -0.056328
v 0.219719 -0.935868 -0.085153
v 0.217000 -0.945313 -0.086211
v -0.074991 -0.688870 -0.075277
v -0.031923 -0.728303 -0.100273
v 0.150660 -0.920815 -0.103310
v 0.194058 -0.939649 -0.094916
v 0.216111 -0.962670 -0.072406
v 0.199880 -0.960058 -0.086260
v -0.073677 -0.699479 -0.083558
v -0.117182 -0.680370 -0.059886
v -0.123305 -0.679755 -0.053806
v -0.095490 -0.688578 -0.069762
v 0.191308 -0.949540 -0.096054
v -0.099689 -0.695117 -0.072634
v -0.072159 -0.724548 -0.089543
v -0.114563 -0.692896 -0.062906
v -0.123867 -0.691747 -0.053775
v 0.182465 -0.961732 -0.093487
v -0.124979 -0.715486 -0.053714
v -0.123981 -0.715486 -0.035483
v -0.122868 -0.691747 -0.035544
v -0.096873 -0.719764 -0.076969
v 0.152584 -0.952883 -0.101051
v 0.168566 -0.991477 -0.069801
v 0.157895 -0.986397 -0.084486
v -0.113058 -0.717096 -0.065152
v 0.099441 -0.930113 -0.110403
v 0.150366 -0.966406 -0.100052
v 0.150679 -0.978881 -0.095720
v 0.099594 -0.968007 -0.103485
v -0.026975 -0.829512 -0.103965
v -0.069827 -0.827967 -0.092132
v 0.098579 -0.985400 -0.100061
v 0.106450 -1.020189 -0.066397
v 0.101868 -1.012446 -0.081638
v -0.132023 -0.819764 -0.053328
v -0.131024 -0.819764 -0.035097
v -0.098810 -0.825119 -0.078216
v 0.098750 -1.001737 -0.093864
v -0.117856 -0.822406 -0.065480
v 0.039237 -0.975079 -0.102134
v 0.037483 -0.935996 -0.110337
v 0.040176 -0.993289 -0.097928
v 0.043479 -1.030457 -0.062946
v 0.042340 -1.021913 -0.078450
v 0.041229 -1.010485 -0.091071
v -0.024541 -0.936801 -0.103664
v -0.075495 -0.932088 -0.090961
v -0.021300 -0.973360 -0.097193
v -0.018486 -0.990106 -0.093868
v -0.113094 -0.925295 -0.076315
v -0.150767 -0.915159 -0.052301
v -0.149694 -0.915156 -0.034073
v -0.016705 -1.006029 -0.087592
v -0.020041 -1.024478 -0.059465
v -0.017684 -1.016593 -0.075086
v -0.135649 -0.919881 -0.063782
v -0.074965 -0.963260 -0.088848
v -0.071560 -0.976265 -0.088068
v -0.070346 -0.988555 -0.083652
v -0.084263 -1.002255 -0.055946
v -0.075683 -0.996494 -0.071685
v -0.116294 -0.953003 -0.077975
v -0.112957 -0.962628 -0.079424
v -0.157006 -0.952748 -0.051959
v -0.155926 -0.952745 -0.033732
v -0.140830 -0.950849 -0.065395
v -0.102996 -0.974053 -0.077863
v -0.119577 -0.973646 -0.068753
v -0.133906 -0.977294 -0.053225
v -0.137587 -0.960093 -0.066779
v -0.153864 -0.963107 -0.052131
v -0.152781 -0.963105 -0.033904
v 0.187195 -0.669260 -0.052535
v 0.188565 -0.681187 -0.052610
v 0.191278 -0.704796 -0.052759
v 0.141785 -0.679703 -0.050047
v 0.205316 -0.807845 -0.053528
v 0.091895 -0.688072 -0.047313
v 0.144060 -0.722246 -0.050171
v 0.142558 -0.694963 -0.050089
v 0.092333 -0.705827 -0.047337
v 0.093115 -0.735859 -0.047380
v 0.033046 -0.692293 -0.044088
v 0.033674 -0.710870 -0.044122
v 0.034719 -0.741802 -0.044179
v 0.229622 -0.899539 -0.054860
v -0.025954 -0.692068 -0.040854
v 0.097072 -0.854999 -0.047596
v 0.152001 -0.834210 -0.050607
v -0.025192 -0.709812 -0.040896
v -0.023944 -0.739829 -0.040965
v -0.076295 -0.687098 -0.038096
v -0.076035 -0.702375 -0.038110
v -0.075691 -0.729697 -0.038129
v 0.038821 -0.863112 -0.044404
v 0.217110 -0.962670 -0.054175
v -0.122306 -0.679755 -0.035574
v 0.217110 -0.962670 -0.054175
v 0.236052 -0.947164 -0.055213
v 0.183363 -0.961579 -0.052325
v 0.169575 -0.991625 -0.051570
v 0.105367 -0.963117 -0.048051
v 0.169996 -0.934675 -0.051593
v -0.019846 -0.858963 -0.041189
v 0.169575 -0.991625 -0.051570
v 0.109963 -0.994432 -0.048303
v -0.076206 -0.842459 -0.038101
v 0.107449 -1.020189 -0.048165
v 0.042573 -0.974110 -0.044610
v 0.107449 -1.020189 -0.048165
v 0.043673 -1.006644 -0.044670
v -0.020880 -0.968025 -0.041133
v 0.044478 -1.030457 -0.044715
v 0.044478 -1.030457 -0.044715
v -0.023288 -0.999441 -0.041001
v -0.087872 -0.945588 -0.037461
v -0.019042 -1.024478 -0.041234
v -0.099281 -0.973598 -0.036836
v -0.019042 -1.024478 -0.041234
v -0.083184 -1.002252 -0.037718
v -0.083184 -1.002252 -0.037718
v -0.132823 -0.977292 -0.034998
v 0.033993 -0.828305 -0.110467
v -0.122868 -0.691747 -0.035544
v -0.123981 -0.715486 -0.035483
v -0.131024 -0.819764 -0.035097
v -0.149694 -0.915156 -0.034073
v 0.229622 -0.899539 -0.054860
v 0.205316 -0.807845 -0.053528
v 0.191278 -0.704796 -0.052759
v 0.188565 -0.681187 -0.052610
v 0.187195 -0.669260 -0.052535
v 0.141785 -0.679703 -0.050047
v 0.091895 -0.688072 -0.047313
v 0.033046 -0.692293 -0.044088
v -0.025954 -0.692068 -0.040854
v -0.076295 -0.687098 -0.038096
v -0.122306 -0.679755 -0.035574
v -0.152781 -0.963105 -0.033904
v -0.132823 -0.977292 -0.034998
v -0.155926 -0.952745 -0.033732
v 0.238458 -0.936617 -0.055344
vn 0.9108 0.1056 -0.3991
vn 0.4891 0.1392 -0.8610
vn 0.0235 0.9475 -0.3190
vn 0.0696 0.9944 -0.0802
vn -0.1505 0.9858 -0.0747
vn -0.1877 0.9807 0.0543
vn 0.8797 0.1172 -0.4608
vn 0.5227 0.0723 -0.8494
vn 0.3233 0.2321 -0.9174
vn 0.0415 0.6870 -0.7255
vn -0.0501 0.8185 -0.5723
vn 0.3907 0.0696 -0.9179
vn 0.1231 0.3675 -0.9218
vn -0.0945 0.9955 0.0033
vn -0.1060 0.9913 0.0783
vn 0.2238 0.0745 -0.9718
vn -0.0652 0.8437 -0.5329
vn 0.0003 0.4142 -0.9102
vn 0.8470 0.1680 -0.5043
vn 0.4838 0.0922 -0.8703
vn 0.0536 0.0814 -0.9952
vn -0.0326 0.9992 0.0225
vn -0.0292 0.9960 0.0843
vn 0.3613 0.0577 -0.9307
vn -0.0570 0.8582 -0.5102
vn -0.0639 0.4279 -0.9016
vn 0.2151 0.0304 -0.9761
vn -0.0574 0.0839 -0.9948
vn 0.0269 0.9996 -0.0034
vn 0.0467 0.9965 0.0699
vn 0.8230 0.2195 -0.5239
vn 0.4436 0.1232 -0.8877
vn -0.0505 0.8442 -0.5337
vn 0.0595 0.0185 -0.9981
vn -0.1276 0.4099 -0.9032
vn 0.3142 0.0662 -0.9471
vn 0.7190 -0.5653 -0.4043
vn 0.8643 0.1274 -0.4865
vn 0.9895 0.1339 -0.0542
vn 0.7719 -0.6343 -0.0423
vn 0.0745 0.9934 -0.0870
vn 0.1258 0.9914 0.0371
vn 0.4403 0.1036 -0.8918
vn 0.4569 -0.3467 -0.8192
vn -0.0680 0.8179 -0.5714
vn -0.1674 0.0739 -0.9831
vn 0.1894 0.0006 -0.9819
vn 0.2522 0.0485 -0.9665
vn 0.5273 -0.7888 -0.3158
vn 0.4098 -0.6323 -0.6575
vn -0.2475 0.3550 -0.9015
vn -0.1221 0.9425 -0.3110
vn -0.1449 0.9871 -0.0685
vn -0.1667 0.6799 -0.7141
vn 0.2554 -0.1882 -0.9483
vn -0.4364 0.2064 -0.8758
vn -0.3330 0.0556 -0.9413
vn -0.5884 0.1027 -0.8020
vn -0.9540 0.0424 -0.2969
vn 0.3253 -0.4998 -0.8027
vn -0.9309 0.0556 -0.3611
vn -0.9965 0.0637 0.0546
vn -0.9974 0.0469 0.0547
vn -0.4924 0.0398 -0.8695
vn 0.1340 -0.0798 -0.9878
vn 0.4395 -0.8523 -0.2837
vn 0.3481 -0.7263 -0.5927
vn -0.6165 0.0338 -0.7866
vn 0.0586 -0.0429 -0.9974
vn 0.1248 -0.2223 -0.9670
vn 0.2415 -0.5304 -0.8126
vn 0.0453 -0.1715 -0.9841
vn -0.1691 0.0111 -0.9855
vn -0.3214 0.0132 -0.9469
vn 0.0452 -0.2745 -0.9605
vn 0.2761 -0.9271 -0.2536
vn 0.2058 -0.7898 -0.5778
vn -0.9067 0.1100 -0.4072
vn -0.9902 0.1281 0.0552
vn -0.4633 0.0310 -0.8857
vn 0.1246 -0.5659 -0.8150
vn -0.5814 0.0574 -0.8116
vn -0.0424 -0.2008 -0.9787
vn -0.0517 -0.0562 -0.9971
vn -0.0389 -0.2955 -0.9545
vn 0.0203 -0.9719 -0.2343
vn -0.0021 -0.8242 -0.5662
vn -0.0228 -0.5793 -0.8148
vn -0.1632 -0.0487 -0.9854
vn -0.2950 -0.0129 -0.9554
vn -0.1346 -0.1797 -0.9745
vn -0.1248 -0.2903 -0.9488
vn -0.4203 0.0436 -0.9063
vn -0.8892 0.1629 -0.4276
vn -0.9812 0.1846 0.0563
vn -0.1638 -0.5851 -0.7942
vn -0.2229 -0.9491 -0.2225
vn -0.2002 -0.8111 -0.5495
vn -0.5466 0.0908 -0.8325
vn -0.2345 -0.0926 -0.9677
vn -0.2126 -0.2483 -0.9451
vn -0.2803 -0.5638 -0.7769
vn -0.3903 -0.8910 -0.2318
vn -0.3430 -0.7628 -0.5482
vn -0.3617 0.0288 -0.9318
vn -0.3476 -0.2182 -0.9119
vn -0.9206 0.0652 -0.3849
vn -0.9962 0.0644 0.0591
vn -0.5432 0.0696 -0.8367
vn -0.3727 -0.5337 -0.7591
vn -0.4305 -0.6676 -0.6074
vn -0.4982 -0.8288 -0.2546
vn -0.5203 -0.3830 -0.7633
vn -0.7191 -0.6156 -0.3223
vn -0.7262 -0.6862 0.0432
vn 0.0316 0.9995 -0.0019
vn 0.9920 0.1143 -0.0544
vn 0.9899 0.1313 -0.0542
vn -0.1932 0.9811 0.0106
vn 0.9796 0.1935 -0.0537
vn -0.1147 0.9934 0.0063
vn 0.0547 -0.0000 0.9985
vn -0.0338 0.9994 0.0019
vn 0.9669 0.2496 -0.0530
vn 0.0473 0.9989 -0.0026
vn 0.1264 0.9920 -0.0069
vn 0.5538 -0.8320 -0.0329
vn -0.0991 0.9951 0.0054
vn 0.4630 -0.8859 -0.0291
vn 0.2961 -0.9550 -0.0182
vn 0.0338 -0.9994 -0.0019
vn -0.2150 -0.9765 0.0122
vn -0.3817 -0.9240 0.0223
vn -0.4887 -0.8720 0.0292
vn -0.0554 0.0153 -0.9983
vn 0.0547 -0.0001 0.9985
vn 0.0546 -0.0000 0.9985
vn 0.0545 -0.0000 0.9985
vt 0.539346 0.290545
vt 0.542875 0.291808
vt 0.542425 0.288602
vt 0.540377 0.287573
vt 0.553656 0.287746
vt 0.552944 0.284851
vt 0.537504 0.297362
vt 0.542184 0.298625
vt 0.547684 0.292802
vt 0.548715 0.290540
vt 0.554466 0.290578
vt 0.547779 0.300102
vt 0.555204 0.294549
vt 0.567480 0.288027
vt 0.567761 0.284159
vt 0.555402 0.302211
vt 0.567268 0.291637
vt 0.567079 0.296147
vt 0.532570 0.329152
vt 0.537940 0.330405
vt 0.566873 0.304087
vt 0.584917 0.288497
vt 0.585040 0.284339
vt 0.544520 0.331705
vt 0.584804 0.292317
vt 0.584666 0.297004
vt 0.553664 0.333157
vt 0.584430 0.305012
vt 0.602351 0.289054
vt 0.602300 0.285174
vt 0.526963 0.358052
vt 0.532456 0.359494
vt 0.602347 0.292672
vt 0.566256 0.334320
vt 0.602266 0.297188
vt 0.539815 0.361102
vt 0.526861 0.372699
vt 0.526007 0.369762
vt 0.521028 0.370579
vt 0.522209 0.374753
vt 0.616170 0.289584
vt 0.617047 0.286730
vt 0.531768 0.368883
vt 0.532757 0.371648
vt 0.615193 0.292367
vt 0.601998 0.305138
vt 0.551085 0.363334
vt 0.539273 0.369514
vt 0.531228 0.378156
vt 0.537154 0.376235
vt 0.614221 0.296284
vt 0.627244 0.291261
vt 0.629266 0.290382
vt 0.620936 0.292724
vt 0.540197 0.372438
vt 0.621860 0.295030
vt 0.613550 0.303907
vt 0.626800 0.294337
vt 0.630543 0.293233
vt 0.542482 0.376194
vt 0.631773 0.300154
vt 0.637230 0.299208
vt 0.634822 0.290665
vt 0.621310 0.302282
vt 0.550842 0.373038
vt 0.544419 0.388437
vt 0.548617 0.384744
vt 0.627005 0.301145
vt 0.565511 0.365710
vt 0.551502 0.377110
vt 0.551314 0.381083
vt 0.565594 0.377194
vt 0.600874 0.335413
vt 0.613522 0.334968
vt 0.565930 0.382474
vt 0.562905 0.397410
vt 0.564753 0.392487
vt 0.634815 0.332275
vt 0.640284 0.331663
vt 0.622751 0.334075
vt 0.565911 0.387679
vt 0.629386 0.333186
vt 0.582325 0.379073
vt 0.582663 0.367163
vt 0.582135 0.384651
vt 0.581589 0.400555
vt 0.581766 0.395225
vt 0.581939 0.390175
vt 0.599911 0.367434
vt 0.614519 0.366279
vt 0.599132 0.378531
vt 0.598420 0.383649
vt 0.625894 0.364570
vt 0.638826 0.362196
vt 0.644239 0.361851
vt 0.598097 0.388780
vt 0.600452 0.398659
vt 0.598936 0.393624
vt 0.633292 0.363310
vt 0.614166 0.375687
vt 0.613221 0.379606
vt 0.613122 0.383544
vt 0.619479 0.391338
vt 0.615555 0.387374
vt 0.625894 0.372930
vt 0.624792 0.375771
vt 0.638940 0.373913
vt 0.644239 0.375098
vt 0.633343 0.372716
vt 0.622279 0.379344
vt 0.627596 0.379754
vt 0.633397 0.382056
vt 0.632225 0.375430
vt 0.638031 0.376760
vt 0.642614 0.379258
vt 0.537779 0.283693
vt 0.534586 0.287757
vt 0.532199 0.296133
vt 0.552093 0.279389
vt 0.527148 0.328209
vt 0.567613 0.278651
vt 0.531261 0.217923
vt 0.525832 0.218031
vt 0.527652 0.227436
vt 0.533622 0.227480
vt 0.585205 0.278853
vt 0.528258 0.238373
vt 0.534409 0.238374
vt 0.521498 0.357358
vt 0.602786 0.279719
vt 0.557312 0.227493
vt 0.553553 0.217150
vt 0.527652 0.249311
vt 0.533622 0.249267
vt 0.618255 0.281460
vt 0.525832 0.258716
vt 0.531261 0.258824
vt 0.558531 0.238373
vt 0.527267 0.382060
vt 0.632247 0.286246
vt 0.579506 0.205853
vt 0.576554 0.202234
vt 0.579062 0.212120
vt 0.584937 0.214872
vt 0.578842 0.226630
vt 0.573628 0.214436
vt 0.557312 0.249254
vt 0.541598 0.393114
vt 0.585093 0.225973
vt 0.553654 0.259628
vt 0.590192 0.226602
vt 0.580603 0.238373
vt 0.561269 0.402496
vt 0.587072 0.238373
vt 0.578967 0.250132
vt 0.591807 0.238373
vt 0.581401 0.406089
vt 0.585190 0.250777
vt 0.574059 0.262445
vt 0.590192 0.250145
vt 0.579546 0.264743
vt 0.601703 0.403862
vt 0.585345 0.261930
vt 0.621937 0.396203
vt 0.636952 0.386092
vt 0.583554 0.335136
vt 0.523406 0.267356
vt 0.528113 0.267712
vt 0.548777 0.269677
vt 0.567598 0.273748
vt 0.567051 0.203130
vt 0.548675 0.207073
vt 0.528113 0.209035
vt 0.523406 0.209391
vt 0.521028 0.209571
vt 0.522796 0.218078
vt 0.524122 0.227406
vt 0.524564 0.238373
vt 0.524122 0.249341
vt 0.522796 0.258668
vt 0.521028 0.267176
vt 0.577101 0.274623
vt 0.580053 0.271002
vt 0.575022 0.275143
vt 0.574475 0.201721
s 1
usemtl lambert2.003
f 203/203/178 204/204/179 205/205/180
f 203/203/178 205/205/180 206/206/181
f 205/205/180 207/207/182 208/208/183
f 205/205/180 208/208/183 206/206/181
f 209/209/184 210/210/185 204/204/179
f 209/209/184 204/204/179 203/203/178
f 204/204/179 211/211/186 212/212/187
f 204/204/179 212/212/187 205/205/180
f 212/212/187 213/213/188 207/207/182
f 212/212/187 207/207/182 205/205/180
f 210/210/185 214/214/189 211/211/186
f 210/210/185 211/211/186 204/204/179
f 211/211/186 215/215/190 213/213/188
f 211/211/186 213/213/188 212/212/187
f 207/207/182 216/216/191 217/217/192
f 207/207/182 217/217/192 208/208/183
f 214/214/189 218/218/193 215/215/190
f 214/214/189 215/215/190 211/211/186
f 213/213/188 219/219/194 216/216/191
f 213/213/188 216/216/191 207/207/182
f 215/215/190 220/220/195 219/219/194
f 215/215/190 219/219/194 213/213/188
f 209/209/184 221/221/196 222/222/197
f 209/209/184 222/222/197 210/210/185
f 218/218/193 223/223/198 220/220/195
f 218/218/193 220/220/195 215/215/190
f 224/224/199 225/225/200 217/217/192
f 224/224/199 217/217/192 216/216/191
f 210/210/185 222/222/197 226/226/201
f 210/210/185 226/226/201 214/214/189
f 227/227/202 224/224/199 216/216/191
f 227/227/202 216/216/191 219/219/194
f 220/220/195 228/228/203 227/227/202
f 220/220/195 227/227/202 219/219/194
f 214/214/189 226/226/201 229/229/204
f 214/214/189 229/229/204 218/218/193
f 223/223/198 230/230/205 228/228/203
f 223/223/198 228/228/203 220/220/195
f 224/224/199 231/231/206 232/232/207
f 224/224/199 232/232/207 225/225/200
f 221/221/196 233/233/208 234/234/209
f 221/221/196 234/234/209 222/222/197
f 227/227/202 235/235/210 231/231/206
f 227/227/202 231/231/206 224/224/199
f 218/218/193 229/229/204 236/236/211
f 218/218/193 236/236/211 223/223/198
f 237/237/212 235/235/210 227/227/202
f 237/237/212 227/227/202 228/228/203
f 222/222/197 234/234/209 238/238/213
f 222/222/197 238/238/213 226/226/201
f 239/239/214 240/240/215 241/241/216
f 239/239/214 241/241/216 242/242/217
f 243/243/218 244/244/219 232/232/207
f 243/243/218 232/232/207 231/231/206
f 233/233/208 240/240/215 245/245/220
f 233/233/208 245/245/220 234/234/209
f 239/239/214 246/246/221 245/245/220
f 239/239/214 245/245/220 240/240/215
f 247/247/222 243/243/218 231/231/206
f 247/247/222 231/231/206 235/235/210
f 248/248/223 237/237/212 228/228/203
f 248/248/223 228/228/203 230/230/205
f 226/226/201 238/238/213 249/249/224
f 226/226/201 249/249/224 229/229/204
f 234/234/209 245/245/220 250/250/225
f 234/234/209 250/250/225 238/238/213
f 251/251/226 252/252/227 246/246/221
f 251/251/226 246/246/221 239/239/214
f 253/253/228 247/247/222 235/235/210
f 253/253/228 235/235/210 237/237/212
f 254/254/229 255/255/230 244/244/219
f 254/254/229 244/244/219 243/243/218
f 256/256/231 254/254/229 243/243/218
f 256/256/231 243/243/218 247/247/222
f 246/246/221 257/257/232 250/250/225
f 246/246/221 250/250/225 245/245/220
f 247/247/222 253/253/228 258/258/233
f 247/247/222 258/258/233 256/256/231
f 237/237/212 248/248/223 259/259/234
f 237/237/212 259/259/234 253/253/228
f 256/256/231 258/258/233 260/260/235
f 256/256/231 260/260/235 254/254/229
f 254/254/229 260/260/235 261/261/236
f 254/254/229 261/261/236 255/255/230
f 252/252/227 262/262/237 257/257/232
f 252/252/227 257/257/232 246/246/221
f 261/261/236 263/263/238 264/264/239
f 261/261/236 264/264/239 265/265/240
f 253/253/228 259/259/234 266/266/241
f 253/253/228 266/266/241 258/258/233
f 238/238/213 250/250/225 267/267/242
f 238/238/213 267/267/242 249/249/224
f 268/268/243 269/269/244 252/252/227
f 268/268/243 252/252/227 251/251/226
f 258/258/233 266/266/241 270/270/245
f 258/258/233 270/270/245 260/260/235
f 260/260/235 270/270/245 263/263/238
f 260/260/235 263/263/238 261/261/236
f 229/229/204 249/249/224 271/271/246
f 229/229/204 271/271/246 236/236/211
f 257/257/232 272/272/247 267/267/242
f 257/257/232 267/267/242 250/250/225
f 269/269/244 273/273/248 262/262/237
f 269/269/244 262/262/237 252/252/227
f 262/262/237 273/273/248 272/272/247
f 262/262/237 272/272/247 257/257/232
f 249/249/224 267/267/242 274/274/249
f 249/249/224 274/274/249 271/271/246
f 275/275/250 276/276/251 259/259/234
f 275/275/250 259/259/234 248/248/223
f 272/272/247 277/277/252 274/274/249
f 272/272/247 274/274/249 267/267/242
f 278/278/253 279/279/254 269/269/244
f 278/278/253 269/269/244 268/268/243
f 263/263/238 280/280/255 281/281/256
f 263/263/238 281/281/256 264/264/239
f 259/259/234 276/276/251 282/282/257
f 259/259/234 282/282/257 266/266/241
f 273/273/248 283/283/258 277/277/252
f 273/273/248 277/277/252 272/272/247
f 279/279/254 283/283/258 273/273/248
f 279/279/254 273/273/248 269/269/244
f 266/266/241 282/282/257 284/284/259
f 266/266/241 284/284/259 270/270/245
f 270/270/245 284/284/259 280/280/255
f 270/270/245 280/280/255 263/263/238
f 271/271/246 274/274/249 285/285/260
f 271/271/246 285/285/260 286/286/261
f 277/277/252 287/287/262 285/285/260
f 277/277/252 285/285/260 274/274/249
f 288/288/263 289/289/264 279/279/254
f 288/288/263 279/279/254 278/278/253
f 283/283/258 290/290/265 287/287/262
f 283/283/258 287/287/262 277/277/252
f 279/279/254 289/289/264 290/290/265
f 279/279/254 290/290/265 283/283/258
f 275/275/250 291/291/266 292/292/267
f 275/275/250 292/292/267 276/276/251
f 286/286/261 285/285/260 293/293/268
f 286/286/261 293/293/268 291/291/266
f 294/294/269 293/293/268 285/285/260
f 294/294/269 285/285/260 287/287/262
f 276/276/251 292/292/267 295/295/270
f 276/276/251 295/295/270 282/282/257
f 280/280/255 296/296/271 297/297/272
f 280/280/255 297/297/272 281/281/256
f 298/298/273 294/294/269 287/287/262
f 298/298/273 287/287/262 290/290/265
f 288/288/263 299/299/274 300/300/275
f 288/288/263 300/300/275 289/289/264
f 282/282/257 295/295/270 301/301/276
f 282/282/257 301/301/276 284/284/259
f 284/284/259 301/301/276 296/296/271
f 284/284/259 296/296/271 280/280/255
f 300/300/275 298/298/273 290/290/265
f 300/300/275 290/290/265 289/289/264
f 291/291/266 293/293/268 302/302/277
f 291/291/266 302/302/277 292/292/267
f 303/303/278 302/302/277 293/293/268
f 303/303/278 293/293/268 294/294/269
f 304/304/279 303/303/278 294/294/269
f 304/304/279 294/294/269 298/298/273
f 299/299/274 305/305/280 306/306/281
f 299/299/274 306/306/281 300/300/275
f 300/300/275 306/306/281 304/304/279
f 300/300/275 304/304/279 298/298/273
f 292/292/267 302/302/277 307/307/282
f 292/292/267 307/307/282 295/295/270
f 308/308/283 307/307/282 302/302/277
f 308/308/283 302/302/277 303/303/278
f 296/296/271 309/309/284 310/310/285
f 296/296/271 310/310/285 297/297/272
f 295/295/270 307/307/282 311/311/286
f 295/295/270 311/311/286 301/301/276
f 312/312/287 308/308/283 303/303/278
f 312/312/287 303/303/278 304/304/279
f 301/301/276 311/311/286 309/309/284
f 301/301/276 309/309/284 296/296/271
f 306/306/281 313/313/288 312/312/287
f 306/306/281 312/312/287 304/304/279
f 305/305/280 314/314/289 313/313/288
f 305/305/280 313/313/288 306/306/281
f 315/315/290 311/311/286 307/307/282
f 315/315/290 307/307/282 308/308/283
f 310/310/285 309/309/284 316/316/291
f 310/310/285 316/316/291 317/317/292
f 313/313/288 315/315/290 308/308/283
f 313/313/288 308/308/283 312/312/287
f 311/311/286 315/315/290 316/316/291
f 311/311/286 316/316/291 309/309/284
f 314/314/289 316/316/291 315/315/290
f 314/314/289 315/315/290 313/313/288
f 203/203/178 206/206/181 318/318/293
f 203/203/178 318/318/293 319/319/294
f 209/209/184 203/203/178 319/319/294
f 209/209/184 319/319/294 320/320/295
f 318/318/293 206/206/181 208/208/183
f 318/318/293 208/208/183 321/321/296
f 209/209/184 320/320/295 322/322/297
f 209/209/184 322/322/297 221/221/196
f 321/321/296 208/208/183 217/217/192
f 321/321/296 217/217/192 323/323/298
f 324/324/299 325/325/299 326/326/299
f 324/324/299 326/326/299 327/327/299
f 323/323/298 217/217/192 225/225/200
f 323/323/298 225/225/200 328/328/300
f 329/329/299 330/330/299 327/327/299
f 329/329/299 327/327/299 326/326/299
f 331/331/301 233/233/208 221/221/196
f 331/331/301 221/221/196 322/322/297
f 328/328/300 225/225/200 232/232/207
f 328/328/300 232/232/207 332/332/302
f 333/333/299 334/334/299 324/324/299
f 333/333/299 324/324/299 327/327/299
f 335/335/299 336/336/299 330/330/299
f 335/335/299 330/330/299 329/329/299
f 233/233/208 331/331/301 241/241/216
f 233/233/208 241/241/216 240/240/215
f 332/332/302 232/232/207 244/244/219
f 332/332/302 244/244/219 337/337/303
f 336/336/299 335/335/299 338/338/299
f 336/336/299 338/338/299 339/339/299
f 330/330/299 340/340/299 333/333/299
f 330/330/299 333/333/299 327/327/299
f 251/251/226 239/239/214 242/242/217
f 251/251/226 242/242/217 341/341/304
f 337/337/303 244/244/219 255/255/230
f 337/337/303 255/255/230 342/342/305
f 343/343/299 344/344/299 345/345/299
f 343/343/299 345/345/299 346/346/299
f 342/342/305 255/255/230 261/261/236
f 342/342/305 261/261/236 265/265/240
f 347/347/299 348/348/299 334/334/299
f 347/347/299 334/334/299 333/333/299
f 336/336/299 349/349/299 340/340/299
f 336/336/299 340/340/299 330/330/299
f 268/268/243 251/251/226 341/341/304
f 268/268/243 341/341/304 350/350/306
f 347/347/299 351/351/299 345/345/299
f 347/347/299 345/345/299 348/348/299
f 352/352/299 349/349/299 336/336/299
f 352/352/299 336/336/299 339/339/299
f 353/353/299 346/346/299 345/345/299
f 353/353/299 345/345/299 351/351/299
f 354/354/299 347/347/299 333/333/299
f 354/354/299 333/333/299 340/340/299
f 278/278/253 268/268/243 350/350/306
f 278/278/253 350/350/306 355/355/307
f 347/347/299 354/354/299 356/356/299
f 347/347/299 356/356/299 351/351/299
f 349/349/299 357/357/299 354/354/299
f 349/349/299 354/354/299 340/340/299
f 351/351/299 356/356/299 358/358/299
f 351/351/299 358/358/299 353/353/299
f 288/288/263 278/278/253 355/355/307
f 288/288/263 355/355/307 359/359/308
f 354/354/299 357/357/299 360/360/299
f 354/354/299 360/360/299 356/356/299
f 361/361/299 357/357/299 349/349/299
f 361/361/299 349/349/299 352/352/299
f 356/356/299 360/360/299 362/362/299
f 356/356/299 362/362/299 358/358/299
f 357/357/299 361/361/299 363/363/299
f 357/357/299 363/363/299 360/360/299
f 299/299/274 288/288/263 359/359/308
f 299/299/274 359/359/308 364/364/309
f 362/362/299 360/360/299 363/363/299
f 362/362/299 363/363/299 365/365/299
f 305/305/280 299/299/274 364/364/309
f 305/305/280 364/364/309 366/366/310
f 314/314/289 305/305/280 366/366/310
f 314/314/289 366/366/310 367/367/311
f 317/317/292 316/316/291 314/314/289
f 317/317/292 314/314/289 367/367/311
f 275/275/250 248/248/223 230/230/205
f 275/275/250 230/230/205 368/368/312
f 223/223/198 236/236/211 368/368/312
f 223/223/198 368/368/312 230/230/205
f 368/368/312 286/286/261 291/291/266
f 368/368/312 291/291/266 275/275/250
f 368/368/312 236/236/211 271/271/246
f 368/368/312 271/271/246 286/286/261
f 369/369/299 370/370/299 339/339/299
f 369/369/299 339/339/299 338/338/299
f 352/352/299 339/339/299 370/370/299
f 352/352/299 370/370/299 371/371/299
f 361/361/299 352/352/299 371/371/299
f 361/361/299 371/371/299 372/372/299
f 334/334/299 348/348/299 373/373/299
f 334/334/299 373/373/299 374/374/299
f 324/324/299 334/334/299 374/374/299
f 324/324/299 374/374/299 375/375/299
f 375/375/299 376/376/299 325/325/299
f 375/375/299 325/325/299 324/324/299
f 377/377/299 378/378/299 325/325/299
f 377/377/299 325/325/299 376/376/299
f 378/378/299 379/379/299 326/326/299
f 378/378/299 326/326/299 325/325/299
f 379/379/299 380/380/299 329/329/299
f 379/379/299 329/329/299 326/326/299
f 380/380/299 381/381/299 335/335/299
f 380/380/299 335/335/299 329/329/299
f 381/381/299 382/382/299 338/338/299
f 381/381/299 338/338/299 335/335/299
f 382/382/299 383/383/313 369/369/299
f 382/382/299 369/369/299 338/338/299
f 365/365/299 363/363/299 384/384/299
f 365/365/299 384/384/299 385/385/313
f 372/372/299 363/363/299 361/361/299
f 363/363/299 372/372/299 384/384/299
f 384/384/299 372/372/299 386/386/314
f 373/373/299 344/344/299 387/387/315
f 344/344/299 373/373/299 345/345/299
f 345/345/299 373/373/299 348/348/299
o Metal_down_R_low_lambert2_0
v 0.196852 -0.681187 0.098611
v 0.195482 -0.669260 0.098686
v 0.189415 -0.670310 0.104763
v 0.187648 -0.682995 0.107736
v 0.150076 -0.679829 0.101174
v 0.148894 -0.679028 0.110891
v 0.199566 -0.704796 0.098462
v 0.187782 -0.707250 0.109892
v 0.168328 -0.680001 0.114606
v 0.172960 -0.686251 0.117454
v 0.147909 -0.682064 0.120116
v 0.171815 -0.711048 0.121697
v 0.199647 -0.811997 0.109833
v 0.213636 -0.808358 0.097691
v 0.147316 -0.692792 0.128358
v 0.100245 -0.689924 0.103905
v 0.101956 -0.687522 0.116394
v 0.147486 -0.717638 0.134251
v 0.212637 -0.808358 0.079459
v 0.198566 -0.704796 0.080230
v 0.180767 -0.815987 0.122560
v 0.103794 -0.689530 0.128033
v 0.105885 -0.700404 0.137972
v 0.152106 -0.820678 0.136459
v 0.107637 -0.725352 0.144959
v 0.238084 -0.902288 0.096351
v 0.237085 -0.902288 0.078120
v 0.042117 -0.693575 0.120651
v 0.041466 -0.696219 0.107126
v 0.042865 -0.695331 0.133206
v 0.223232 -0.908066 0.107818
v 0.043818 -0.706297 0.143821
v 0.109437 -0.825106 0.148281
v 0.045064 -0.731072 0.151229
v 0.200964 -0.914723 0.120324
v -0.017547 -0.695626 0.110360
v -0.018040 -0.693385 0.122970
v -0.018454 -0.695548 0.134733
v 0.246920 -0.939366 0.095867
v 0.245920 -0.939366 0.077635
v 0.048528 -0.828305 0.154780
v 0.230550 -0.938617 0.109313
v 0.163863 -0.923141 0.134909
v -0.018712 -0.706433 0.144800
v 0.243515 -0.949914 0.077767
v 0.244514 -0.949914 0.095999
v -0.065787 -0.687409 0.122656
v -0.067969 -0.688240 0.113123
v 0.227964 -0.948063 0.110662
v -0.063596 -0.690406 0.131707
v -0.018006 -0.731259 0.151844
v 0.206111 -0.942398 0.121821
v 0.225571 -0.965420 0.097037
v 0.210951 -0.962807 0.112581
v -0.061382 -0.701087 0.139794
v 0.113634 -0.931004 0.147562
v -0.107266 -0.680440 0.121021
v -0.114024 -0.679608 0.115647
v -0.084602 -0.689320 0.128466
v 0.203501 -0.952290 0.123253
v -0.088465 -0.695776 0.131780
v -0.059232 -0.725803 0.145579
v -0.104329 -0.693072 0.123736
v -0.114585 -0.691606 0.115678
v 0.165530 -0.955237 0.132453
v 0.194424 -0.964361 0.121669
v -0.115590 -0.691447 0.097446
v -0.116707 -0.715063 0.097508
v -0.115700 -0.715280 0.115739
v -0.085191 -0.720433 0.135781
v 0.177992 -0.993677 0.099645
v 0.168988 -0.988569 0.115408
v -0.102587 -0.717291 0.125805
v 0.163211 -0.968673 0.131703
v -0.056673 -0.827967 0.147900
v -0.012785 -0.829512 0.154979
v -0.123736 -0.819764 0.097893
v -0.122737 -0.819764 0.116125
v 0.163041 -0.981040 0.127363
v -0.086915 -0.825116 0.137229
v -0.107293 -0.822405 0.126653
v 0.113030 -0.968881 0.140668
v 0.111633 -0.986058 0.137376
v 0.115736 -1.020189 0.103056
v 0.112853 -1.012539 0.118706
v 0.111107 -1.002094 0.131199
v -0.010120 -0.936791 0.154399
v 0.051984 -0.935996 0.154270
v 0.052831 -0.975079 0.145924
v -0.061711 -0.932063 0.147315
v -0.141784 -0.915135 0.098882
v -0.140785 -0.915135 0.117114
v 0.053304 -0.993289 0.141640
v -0.100553 -0.925266 0.136858
v 0.052765 -1.030457 0.106507
v 0.053327 -1.021913 0.122042
v 0.053602 -1.010485 0.134709
v -0.124414 -0.919854 0.126869
v -0.007777 -0.973356 0.147622
v -0.005450 -0.990106 0.144015
v -0.004365 -1.006029 0.137582
v -0.006705 -1.016593 0.125258
v -0.010755 -1.024478 0.109988
v -0.061506 -0.963238 0.145162
v -0.148095 -0.952727 0.099228
v -0.147096 -0.952727 0.117459
v -0.058304 -0.976247 0.144020
v -0.103636 -0.952977 0.138862
v -0.057689 -0.988541 0.139503
v -0.129446 -0.950824 0.129041
v -0.064354 -0.996481 0.128195
v -0.074659 -1.002244 0.113490
v -0.100204 -0.962604 0.139941
v -0.090543 -0.974031 0.137305
v -0.144983 -0.963087 0.099057
v -0.143984 -0.963087 0.117289
v -0.108018 -0.973623 0.130061
v -0.124038 -0.977275 0.116196
v -0.126096 -0.960069 0.130064
v 0.195853 -0.681187 0.080379
v 0.194482 -0.669260 0.080454
v 0.149073 -0.679703 0.082943
v 0.195853 -0.681187 0.080379
v 0.149846 -0.694963 0.082900
v 0.149073 -0.679703 0.082943
v 0.194482 -0.669260 0.080454
v 0.198566 -0.704796 0.080230
v 0.151348 -0.722246 0.082818
v 0.099240 -0.689744 0.085674
v 0.212637 -0.808358 0.079459
v 0.159321 -0.834719 0.082381
v 0.099675 -0.707425 0.085650
v 0.099240 -0.689744 0.085674
v 0.100441 -0.736991 0.085608
v 0.040452 -0.695786 0.088895
v 0.040452 -0.695786 0.088895
v 0.041074 -0.714177 0.088861
v 0.104360 -0.854999 0.085393
v 0.042089 -0.744214 0.088806
v 0.237085 -0.902288 0.078120
v 0.177422 -0.936840 0.081389
v -0.018558 -0.695274 0.092129
v -0.018558 -0.695274 0.092129
v -0.017799 -0.712919 0.092087
v 0.046109 -0.863112 0.088585
v -0.016574 -0.742262 0.092020
v -0.068978 -0.687936 0.094892
v -0.068719 -0.703218 0.094878
v -0.068978 -0.687936 0.094892
v 0.112695 -0.963743 0.084936
v -0.012558 -0.858963 0.091800
v 0.224572 -0.965420 0.078805
v -0.068380 -0.730387 0.094859
v -0.115029 -0.679439 0.097416
v 0.224572 -0.965420 0.078805
v 0.176993 -0.993677 0.081413
v 0.190806 -0.964009 0.080656
v 0.243515 -0.949914 0.077767
v -0.068763 -0.842453 0.094880
v 0.176993 -0.993677 0.081413
v 0.049861 -0.974110 0.088380
v 0.117282 -0.994922 0.084685
v 0.114737 -1.020189 0.084825
v -0.013529 -0.968023 0.091853
v 0.114737 -1.020189 0.084825
v 0.050961 -1.006644 0.088319
v -0.079924 -0.945566 0.095492
v 0.051766 -1.030457 0.088276
v 0.051766 -1.030457 0.088276
v -0.016000 -0.999441 0.091989
v -0.011754 -1.024478 0.091756
v -0.011754 -1.024478 0.091756
v -0.091443 -0.973580 0.096123
v -0.075658 -1.002244 0.095258
v -0.075658 -1.002244 0.095258
v -0.125037 -0.977275 0.097964
v -0.144983 -0.963087 0.099057
v -0.125037 -0.977275 0.097964
v -0.141784 -0.915135 0.098882
v -0.123736 -0.819764 0.097893
v -0.068763 -0.842453 0.094880
v -0.079924 -0.945566 0.095492
v -0.123736 -0.819764 0.097893
v -0.116707 -0.715063 0.097508
v -0.068380 -0.730387 0.094859
v -0.068763 -0.842453 0.094880
v -0.116707 -0.715063 0.097508
v -0.115590 -0.691447 0.097446
v -0.068719 -0.703218 0.094878
v -0.068380 -0.730387 0.094859
v -0.115590 -0.691447 0.097446
v -0.115029 -0.679439 0.097416
v -0.068978 -0.687936 0.094892
v -0.068719 -0.703218 0.094878
v 0.245920 -0.939366 0.077635
v -0.148095 -0.952727 0.099228
v -0.141784 -0.915135 0.098882
vn 0.9490 0.1056 0.2972
vn 0.0764 0.9942 0.0761
vn 0.0543 0.9462 0.3191
vn 0.5803 0.1392 0.8024
vn -0.2106 0.9772 -0.0262
vn -0.1650 0.9818 0.0941
vn 0.9249 0.1170 0.3618
vn 0.6125 0.0722 0.7871
vn 0.1123 0.6898 0.7153
vn 0.4197 0.2334 0.8771
vn -0.0100 0.8193 0.5732
vn 0.4887 0.0696 0.8697
vn 0.5760 0.0914 0.8123
vn 0.8975 0.1665 0.4084
vn 0.2133 0.3720 0.9034
vn -0.1468 0.9877 -0.0533
vn -0.1291 0.9916 0.0124
vn 0.3283 0.0756 0.9416
vn 0.9800 0.1918 -0.0537
vn 0.9899 0.1310 -0.0543
vn 0.4608 0.0572 0.8857
vn -0.0364 0.8448 0.5339
vn 0.0859 0.4203 0.9033
vn 0.3207 0.0303 0.9467
vn 0.1614 0.0830 0.9834
vn 0.8758 0.2168 0.4313
vn 0.9677 0.2466 -0.0530
vn -0.0496 0.9987 -0.0140
vn -0.0514 0.9966 -0.0645
vn -0.0141 0.8601 0.5100
vn 0.5384 0.1216 0.8338
vn 0.0287 0.4324 0.9012
vn 0.1685 0.0186 0.9855
vn 0.0511 0.0851 0.9951
vn 0.4163 0.0655 0.9069
vn 0.0632 0.9962 -0.0591
vn 0.0508 0.9987 0.0066
vn 0.0268 0.8458 0.5328
vn 0.9123 0.1275 0.3891
vn 0.9895 0.1339 -0.0543
vn 0.0543 0.0153 0.9984
vn 0.5352 0.1036 0.8384
vn 0.2957 0.0004 0.9553
vn -0.0202 0.4153 0.9095
vn 0.7719 -0.6343 -0.0423
vn 0.7589 -0.5653 0.3233
vn 0.1248 0.9884 0.0860
vn 0.1586 0.9866 -0.0378
vn 0.5435 -0.3467 0.7644
vn 0.0307 0.8189 0.5731
vn -0.0589 0.0752 0.9954
vn 0.3564 0.0485 0.9331
vn 0.5542 -0.7926 0.2542
vn 0.4752 -0.6364 0.6076
vn -0.1327 0.3616 0.9228
vn 0.1672 -0.0425 0.9850
vn -0.0600 0.9419 0.3306
vn -0.1099 0.9895 0.0940
vn -0.0649 0.6807 0.7297
vn 0.3569 -0.1893 0.9148
vn -0.3325 0.2083 0.9198
vn -0.2278 0.0574 0.9720
vn -0.4944 0.1036 0.8630
vn -0.9161 0.0426 0.3987
vn 0.2388 -0.0798 0.9678
vn 0.4065 -0.5037 0.7622
vn -0.9974 0.0470 0.0555
vn -0.9965 0.0635 0.0552
vn -0.8872 0.0556 0.4580
vn -0.3943 0.0402 0.9181
vn 0.4512 -0.8623 0.2300
vn 0.3950 -0.7377 0.5475
vn -0.5264 0.0338 0.8496
vn 0.2248 -0.2251 0.9480
vn -0.2168 0.0126 0.9761
vn -0.0607 0.0111 0.9981
vn -0.9907 0.1246 0.0546
vn -0.8567 0.1069 0.5047
vn 0.3171 -0.5400 0.7796
vn -0.3642 0.0296 0.9308
vn -0.4886 0.0554 0.8707
vn 0.1498 -0.1717 0.9737
vn 0.1449 -0.2765 0.9500
vn 0.2871 -0.9325 0.2193
vn 0.2551 -0.7968 0.5478
vn 0.2033 -0.5713 0.7951
vn -0.0549 -0.0489 0.9973
vn 0.0573 -0.0557 0.9968
vn 0.0635 -0.2010 0.9775
vn -0.1898 -0.0138 0.9817
vn -0.9821 0.1805 0.0538
vn -0.8361 0.1587 0.5251
vn 0.0641 -0.2963 0.9529
vn -0.3192 0.0416 0.9468
vn 0.0456 -0.9721 0.2300
vn 0.0588 -0.8255 0.5614
vn 0.0648 -0.5810 0.8113
vn -0.4513 0.0881 0.8880
vn -0.0278 -0.1794 0.9834
vn -0.0208 -0.2901 0.9568
vn -0.0764 -0.5849 0.8075
vn -0.1395 -0.8108 0.5685
vn -0.1978 -0.9489 0.2459
vn -0.1286 -0.0917 0.9875
vn -0.9963 0.0666 0.0546
vn -0.8702 0.0669 0.4882
vn -0.1092 -0.2474 0.9627
vn -0.2579 0.0298 0.9657
vn -0.1954 -0.5629 0.8031
vn -0.4469 0.0707 0.8918
vn -0.2825 -0.7613 0.5836
vn -0.3642 -0.8899 0.2747
vn -0.2463 -0.2168 0.9446
vn -0.2887 -0.5315 0.7964
vn -0.7273 -0.6852 0.0398
vn -0.6791 -0.6141 0.4021
vn -0.3622 -0.6653 0.6528
vn -0.4683 -0.8273 0.3103
vn -0.4329 -0.3811 0.8169
vn 0.9920 0.1143 -0.0544
vn 0.0302 0.9995 -0.0017
vn -0.2104 0.9775 0.0175
vn -0.0547 -0.0000 -0.9985
vn -0.1468 0.9889 0.0209
vn -0.0464 0.9987 0.0218
vn 0.0731 0.9972 0.0158
vn 0.1633 0.9866 0.0064
vn 0.5482 -0.8358 -0.0301
vn -0.0715 0.9973 0.0168
vn 0.4450 -0.8952 -0.0244
vn 0.2809 -0.9596 -0.0154
vn 0.0338 -0.9994 -0.0019
vn -0.2155 -0.9764 0.0118
vn -0.3836 -0.9233 0.0210
vn -0.4905 -0.8710 0.0269
vn -0.0547 0.0001 -0.9985
vn -0.0548 -0.0000 -0.9985
vt 0.656278 0.320347
vt 0.657561 0.323308
vt 0.659554 0.322346
vt 0.659981 0.319212
vt 0.669856 0.326510
vt 0.670649 0.323648
vt 0.654980 0.313421
vt 0.659707 0.312379
vt 0.665829 0.320698
vt 0.664885 0.318415
vt 0.671560 0.320846
vt 0.665365 0.311166
vt 0.657009 0.280339
vt 0.651584 0.281307
vt 0.672489 0.316928
vt 0.684705 0.327535
vt 0.684505 0.323669
vt 0.673088 0.309405
vt 0.646132 0.281961
vt 0.649535 0.314409
vt 0.663646 0.279412
vt 0.684407 0.320063
vt 0.684444 0.315583
vt 0.672854 0.278515
vt 0.684654 0.307756
vt 0.647405 0.251492
vt 0.641980 0.251879
vt 0.701969 0.323595
vt 0.701938 0.327760
vt 0.702015 0.319757
vt 0.652967 0.250319
vt 0.702102 0.315090
vt 0.685503 0.277956
vt 0.702263 0.307239
vt 0.660398 0.249074
vt 0.719121 0.327829
vt 0.719432 0.323966
vt 0.719642 0.320343
vt 0.647108 0.239728
vt 0.641980 0.238722
vt 0.702831 0.277990
vt 0.652775 0.240900
vt 0.671763 0.247517
vt 0.719775 0.315859
vt 0.643463 0.234600
vt 0.648049 0.236843
vt 0.733351 0.324533
vt 0.734009 0.327429
vt 0.653883 0.238181
vt 0.732548 0.321692
vt 0.719856 0.308044
vt 0.660276 0.240646
vt 0.652657 0.231587
vt 0.658486 0.233825
vt 0.731738 0.317734
vt 0.686271 0.246316
vt 0.744652 0.323882
vt 0.746665 0.324953
vt 0.738322 0.321852
vt 0.661339 0.237774
vt 0.739322 0.319614
vt 0.731363 0.310208
vt 0.744177 0.320678
vt 0.747769 0.321984
vt 0.671989 0.237820
vt 0.663802 0.234179
vt 0.752235 0.324748
vt 0.754786 0.316409
vt 0.749382 0.315167
vt 0.739044 0.312342
vt 0.666380 0.222178
vt 0.670364 0.226095
vt 0.744675 0.313862
vt 0.672847 0.233823
vt 0.732725 0.279577
vt 0.720131 0.278513
vt 0.759300 0.284073
vt 0.753864 0.283224
vt 0.672857 0.229888
vt 0.741879 0.280882
vt 0.748477 0.282068
vt 0.686895 0.234839
vt 0.687484 0.229631
vt 0.685220 0.214670
vt 0.686800 0.219681
vt 0.687709 0.224502
vt 0.720637 0.246488
vt 0.703471 0.245940
vt 0.703689 0.234017
vt 0.735047 0.248343
vt 0.764597 0.254186
vt 0.759122 0.253565
vt 0.703769 0.228431
vt 0.746293 0.250582
vt 0.704030 0.212509
vt 0.703931 0.217844
vt 0.703847 0.222901
vt 0.753636 0.252189
vt 0.720417 0.235369
vt 0.719983 0.230229
vt 0.719909 0.225096
vt 0.720986 0.220306
vt 0.722750 0.215358
vt 0.735157 0.238941
vt 0.764923 0.240964
vt 0.759962 0.241846
vt 0.734425 0.234981
vt 0.746727 0.242238
vt 0.734544 0.231044
vt 0.754219 0.242787
vt 0.737171 0.227339
vt 0.741295 0.223573
vt 0.745761 0.239351
vt 0.743430 0.235666
vt 0.763678 0.236803
vt 0.759073 0.238922
vt 0.748752 0.235508
vt 0.754653 0.233488
vt 0.753200 0.240032
vt 0.652012 0.322876
vt 0.654643 0.327143
vt 0.668815 0.331945
vt 0.137009 0.175140
vt 0.134573 0.183777
vt 0.137609 0.183828
vt 0.139386 0.175322
vt 0.132301 0.174779
vt 0.129144 0.183664
vt 0.684403 0.333041
vt 0.111639 0.172791
vt 0.106752 0.182864
vt 0.132425 0.193181
vt 0.135940 0.193154
vt 0.126548 0.193218
vt 0.701881 0.333274
vt 0.135124 0.204121
vt 0.131467 0.204117
vt 0.103083 0.193205
vt 0.125494 0.204110
vt 0.092823 0.168816
vt 0.086350 0.180118
vt 0.719258 0.333346
vt 0.135611 0.215089
vt 0.132101 0.215055
vt 0.101852 0.204084
vt 0.126265 0.215005
vt 0.734777 0.332903
vt 0.134361 0.224463
vt 0.137398 0.224418
vt 0.081429 0.192316
vt 0.103059 0.214966
vt 0.648987 0.227594
vt 0.128962 0.224565
vt 0.749160 0.328862
vt 0.080365 0.171526
vt 0.075063 0.180543
vt 0.080866 0.177795
vt 0.083321 0.167910
vt 0.106705 0.225316
vt 0.663830 0.217350
vt 0.079780 0.204060
vt 0.075206 0.191652
vt 0.070204 0.192278
vt 0.081403 0.215809
vt 0.683867 0.209406
vt 0.073311 0.204053
vt 0.086297 0.228017
vt 0.068576 0.204048
vt 0.704132 0.206968
vt 0.075179 0.216459
vt 0.070178 0.215822
vt 0.724299 0.210148
vt 0.080808 0.230328
vt 0.075012 0.227568
vt 0.744023 0.218845
vt 0.080294 0.236596
vt 0.083242 0.240219
vt 0.758454 0.229627
vt 0.092746 0.239333
vt 0.111571 0.235399
vt 0.132322 0.233456
vt 0.137005 0.233105
vt 0.139386 0.232928
vt 0.085400 0.167398
vt 0.085320 0.240735
s 1
usemtl lambert2.003
f 388/388/316 389/389/317 390/390/318
f 388/388/316 390/390/318 391/391/319
f 390/390/318 389/389/317 392/392/320
f 390/390/318 392/392/320 393/393/321
f 394/394/322 388/388/316 391/391/319
f 394/394/322 391/391/319 395/395/323
f 391/391/319 390/390/318 396/396/324
f 391/391/319 396/396/324 397/397/325
f 396/396/324 390/390/318 393/393/321
f 396/396/324 393/393/321 398/398/326
f 395/395/323 391/391/319 397/397/325
f 395/395/323 397/397/325 399/399/327
f 394/394/322 395/395/323 400/400/328
f 394/394/322 400/400/328 401/401/329
f 397/397/325 396/396/324 398/398/326
f 397/397/325 398/398/326 402/402/330
f 393/393/321 392/392/320 403/403/331
f 393/393/321 403/403/331 404/404/332
f 399/399/327 397/397/325 402/402/330
f 399/399/327 402/402/330 405/405/333
f 394/394/322 401/401/329 406/406/334
f 394/394/322 406/406/334 407/407/335
f 395/395/323 399/399/327 408/408/336
f 395/395/323 408/408/336 400/400/328
f 398/398/326 393/393/321 404/404/332
f 398/398/326 404/404/332 409/409/337
f 402/402/330 398/398/326 409/409/337
f 402/402/330 409/409/337 410/410/338
f 399/399/327 405/405/333 411/411/339
f 399/399/327 411/411/339 408/408/336
f 405/405/333 402/402/330 410/410/338
f 405/405/333 410/410/338 412/412/340
f 406/406/334 401/401/329 413/413/341
f 406/406/334 413/413/341 414/414/342
f 415/415/343 404/404/332 403/403/331
f 415/415/343 403/403/331 416/416/344
f 417/417/345 409/409/337 404/404/332
f 417/417/345 404/404/332 415/415/343
f 401/401/329 400/400/328 418/418/346
f 401/401/329 418/418/346 413/413/341
f 410/410/338 409/409/337 417/417/345
f 410/410/338 417/417/345 419/419/347
f 405/405/333 412/412/340 420/420/348
f 405/405/333 420/420/348 411/411/339
f 412/412/340 410/410/338 419/419/347
f 412/412/340 419/419/347 421/421/349
f 400/400/328 408/408/336 422/422/350
f 400/400/328 422/422/350 418/418/346
f 415/415/343 416/416/344 423/423/351
f 415/415/343 423/423/351 424/424/352
f 417/417/345 415/415/343 424/424/352
f 417/417/345 424/424/352 425/425/353
f 413/413/341 426/426/354 427/427/355
f 413/413/341 427/427/355 414/414/342
f 420/420/348 412/412/340 421/421/349
f 420/420/348 421/421/349 428/428/356
f 413/413/341 418/418/346 429/429/357
f 413/413/341 429/429/357 426/426/354
f 408/408/336 411/411/339 430/430/358
f 408/408/336 430/430/358 422/422/350
f 431/431/359 419/419/347 417/417/345
f 431/431/359 417/417/345 425/425/353
f 432/432/360 427/427/355 426/426/354
f 432/432/360 426/426/354 433/433/361
f 434/434/362 424/424/352 423/423/351
f 434/434/362 423/423/351 435/435/363
f 433/433/361 426/426/354 429/429/357
f 433/433/361 429/429/357 436/436/364
f 437/437/365 425/425/353 424/424/352
f 437/437/365 424/424/352 434/434/362
f 438/438/366 421/421/349 419/419/347
f 438/438/366 419/419/347 431/431/359
f 429/429/357 418/418/346 422/422/350
f 429/429/357 422/422/350 439/439/367
f 440/440/368 433/433/361 436/436/364
f 440/440/368 436/436/364 441/441/369
f 442/442/370 431/431/359 425/425/353
f 442/442/370 425/425/353 437/437/365
f 430/430/358 411/411/339 420/420/348
f 430/430/358 420/420/348 443/443/371
f 444/444/372 434/434/362 435/435/363
f 444/444/372 435/435/363 445/445/373
f 446/446/374 437/437/365 434/434/362
f 446/446/374 434/434/362 444/444/372
f 436/436/364 429/429/357 439/439/367
f 436/436/364 439/439/367 447/447/375
f 437/437/365 446/446/374 448/448/376
f 437/437/365 448/448/376 442/442/370
f 431/431/359 442/442/370 449/449/377
f 431/431/359 449/449/377 438/438/366
f 446/446/374 444/444/372 450/450/378
f 446/446/374 450/450/378 448/448/376
f 444/444/372 445/445/373 451/451/379
f 444/444/372 451/451/379 450/450/378
f 439/439/367 422/422/350 430/430/358
f 439/439/367 430/430/358 452/452/380
f 441/441/369 436/436/364 447/447/375
f 441/441/369 447/447/375 453/453/381
f 454/454/382 455/455/383 456/456/384
f 454/454/382 456/456/384 451/451/379
f 442/442/370 448/448/376 457/457/385
f 442/442/370 457/457/385 449/449/377
f 458/458/386 440/440/368 441/441/369
f 458/458/386 441/441/369 459/459/387
f 448/448/376 450/450/378 460/460/388
f 448/448/376 460/460/388 457/457/385
f 450/450/378 451/451/379 456/456/384
f 450/450/378 456/456/384 460/460/388
f 447/447/375 439/439/367 452/452/380
f 447/447/375 452/452/380 461/461/389
f 438/438/366 449/449/377 462/462/390
f 438/438/366 462/462/390 463/463/391
f 456/456/384 455/455/383 464/464/392
f 456/456/384 464/464/392 465/465/393
f 459/459/387 441/441/369 453/453/381
f 459/459/387 453/453/381 466/466/394
f 453/453/381 447/447/375 461/461/389
f 453/453/381 461/461/389 466/466/394
f 449/449/377 457/457/385 467/467/395
f 449/449/377 467/467/395 462/462/390
f 460/460/388 456/456/384 465/465/393
f 460/460/388 465/465/393 468/468/396
f 457/457/385 460/460/388 468/468/396
f 457/457/385 468/468/396 467/467/395
f 452/452/380 430/430/358 443/443/371
f 452/452/380 443/443/371 469/469/397
f 461/461/389 452/452/380 469/469/397
f 461/461/389 469/469/397 470/470/398
f 471/471/399 458/458/386 459/459/387
f 471/471/399 459/459/387 472/472/400
f 466/466/394 461/461/389 470/470/398
f 466/466/394 470/470/398 473/473/401
f 472/472/400 459/459/387 466/466/394
f 472/472/400 466/466/394 473/473/401
f 428/428/356 463/463/391 474/474/402
f 428/428/356 474/474/402 475/475/403
f 469/469/397 443/443/371 475/475/403
f 469/469/397 475/475/403 476/476/404
f 463/463/391 462/462/390 477/477/405
f 463/463/391 477/477/405 474/474/402
f 465/465/393 464/464/392 478/478/406
f 465/465/393 478/478/406 479/479/407
f 470/470/398 469/469/397 476/476/404
f 470/470/398 476/476/404 480/480/408
f 462/462/390 467/467/395 481/481/409
f 462/462/390 481/481/409 477/477/405
f 482/482/410 471/471/399 472/472/400
f 482/482/410 472/472/400 483/483/411
f 473/473/401 470/470/398 480/480/408
f 473/473/401 480/480/408 484/484/412
f 467/467/395 468/468/396 485/485/413
f 467/467/395 485/485/413 481/481/409
f 468/468/396 465/465/393 479/479/407
f 468/468/396 479/479/407 485/485/413
f 472/472/400 473/473/401 484/484/412
f 472/472/400 484/484/412 483/483/411
f 476/476/404 475/475/403 474/474/402
f 476/476/404 474/474/402 486/486/414
f 487/487/415 480/480/408 476/476/404
f 487/487/415 476/476/404 486/486/414
f 488/488/416 484/484/412 480/480/408
f 488/488/416 480/480/408 487/487/415
f 482/482/410 483/483/411 489/489/417
f 482/482/410 489/489/417 490/490/418
f 489/489/417 483/483/411 484/484/412
f 489/489/417 484/484/412 488/488/416
f 486/486/414 474/474/402 477/477/405
f 486/486/414 477/477/405 491/491/419
f 479/479/407 478/478/406 492/492/420
f 479/479/407 492/492/420 493/493/421
f 494/494/422 487/487/415 486/486/414
f 494/494/422 486/486/414 491/491/419
f 491/491/419 477/477/405 481/481/409
f 491/491/419 481/481/409 495/495/423
f 496/496/424 488/488/416 487/487/415
f 496/496/424 487/487/415 494/494/422
f 481/481/409 485/485/413 497/497/425
f 481/481/409 497/497/425 495/495/423
f 490/490/418 489/489/417 498/498/426
f 490/490/418 498/498/426 499/499/427
f 489/489/417 488/488/416 496/496/424
f 489/489/417 496/496/424 498/498/426
f 485/485/413 479/479/407 493/493/421
f 485/485/413 493/493/421 497/497/425
f 500/500/428 494/494/422 491/491/419
f 500/500/428 491/491/419 495/495/423
f 501/501/429 496/496/424 494/494/422
f 501/501/429 494/494/422 500/500/428
f 493/493/421 492/492/420 502/502/430
f 493/493/421 502/502/430 503/503/431
f 498/498/426 496/496/424 501/501/429
f 498/498/426 501/501/429 504/504/432
f 499/499/427 498/498/426 504/504/432
f 499/499/427 504/504/432 505/505/433
f 506/506/434 500/500/428 495/495/423
f 506/506/434 495/495/423 497/497/425
f 504/504/432 501/501/429 500/500/428
f 504/504/432 500/500/428 506/506/434
f 497/497/425 493/493/421 503/503/431
f 497/497/425 503/503/431 506/506/434
f 505/505/433 504/504/432 506/506/434
f 505/505/433 506/506/434 503/503/431
f 507/507/435 508/508/436 389/389/317
f 507/507/435 389/389/317 388/388/316
f 407/407/335 507/507/435 388/388/316
f 407/407/335 388/388/316 394/394/322
f 389/389/317 508/508/436 509/509/437
f 389/389/317 509/509/437 392/392/320
f 510/510/438 511/511/438 512/512/438
f 510/510/438 512/512/438 513/513/438
f 514/514/438 515/515/438 511/511/438
f 514/514/438 511/511/438 510/510/438
f 392/392/320 509/509/437 516/516/439
f 392/392/320 516/516/439 403/403/331
f 515/515/438 514/514/438 517/517/438
f 515/515/438 517/517/438 518/518/438
f 511/511/438 519/519/438 520/520/438
f 511/511/438 520/520/438 512/512/438
f 515/515/438 521/521/438 519/519/438
f 515/515/438 519/519/438 511/511/438
f 403/403/331 516/516/439 522/522/440
f 403/403/331 522/522/440 416/416/344
f 523/523/438 520/520/438 519/519/438
f 523/523/438 519/519/438 524/524/438
f 521/521/438 515/515/438 518/518/438
f 521/521/438 518/518/438 525/525/438
f 524/524/438 519/519/438 521/521/438
f 524/524/438 521/521/438 526/526/438
f 518/518/438 517/517/438 527/527/438
f 518/518/438 527/527/438 528/528/438
f 416/416/344 522/522/440 529/529/441
f 416/416/344 529/529/441 423/423/351
f 530/530/438 523/523/438 524/524/438
f 530/530/438 524/524/438 531/531/438
f 526/526/438 521/521/438 525/525/438
f 526/526/438 525/525/438 532/532/438
f 531/531/438 524/524/438 526/526/438
f 531/531/438 526/526/438 533/533/438
f 423/423/351 529/529/441 534/534/442
f 423/423/351 534/534/442 435/435/363
f 531/531/438 535/535/438 536/536/438
f 531/531/438 536/536/438 530/530/438
f 525/525/438 518/518/438 528/528/438
f 525/525/438 528/528/438 537/537/438
f 533/533/438 526/526/438 532/532/438
f 533/533/438 532/532/438 538/538/438
f 539/539/443 432/432/360 433/433/361
f 539/539/443 433/433/361 440/440/368
f 533/533/438 540/540/438 535/535/438
f 533/533/438 535/535/438 531/531/438
f 435/435/363 534/534/442 541/541/444
f 435/435/363 541/541/444 445/445/373
f 542/542/438 543/543/438 544/544/438
f 542/542/438 544/544/438 545/545/438
f 445/445/373 541/541/444 454/454/382
f 445/445/373 454/454/382 451/451/379
f 540/540/438 533/533/438 538/538/438
f 540/540/438 538/538/438 546/546/438
f 547/547/445 539/539/443 440/440/368
f 547/547/445 440/440/368 458/458/386
f 532/532/438 525/525/438 537/537/438
f 532/532/438 537/537/438 548/548/438
f 537/537/438 528/528/438 544/544/438
f 537/537/438 544/544/438 549/549/438
f 550/550/438 549/549/438 544/544/438
f 550/550/438 544/544/438 543/543/438
f 538/538/438 532/532/438 548/548/438
f 538/538/438 548/548/438 551/551/438
f 552/552/446 547/547/445 458/458/386
f 552/552/446 458/458/386 471/471/399
f 537/537/438 549/549/438 553/553/438
f 537/537/438 553/553/438 548/548/438
f 546/546/438 538/538/438 551/551/438
f 546/546/438 551/551/438 554/554/438
f 549/549/438 550/550/438 555/555/438
f 549/549/438 555/555/438 553/553/438
f 556/556/447 552/552/446 471/471/399
f 556/556/447 471/471/399 482/482/410
f 548/548/438 553/553/438 557/557/438
f 548/548/438 557/557/438 551/551/438
f 553/553/438 555/555/438 558/558/438
f 553/553/438 558/558/438 557/557/438
f 559/559/448 556/556/447 482/482/410
f 559/559/448 482/482/410 490/490/418
f 551/551/438 557/557/438 560/560/438
f 551/551/438 560/560/438 554/554/438
f 558/558/438 561/561/438 560/560/438
f 558/558/438 560/560/438 557/557/438
f 562/562/449 559/559/448 490/490/418
f 562/562/449 490/490/418 499/499/427
f 563/563/438 564/564/438 560/560/438
f 563/563/438 560/560/438 561/561/438
f 565/565/450 562/562/449 499/499/427
f 565/565/450 499/499/427 505/505/433
f 503/503/431 502/502/430 565/565/450
f 503/503/431 565/565/450 505/505/433
f 438/438/366 463/463/391 428/428/356
f 438/438/366 428/428/356 421/421/349
f 428/428/356 475/475/403 443/443/371
f 428/428/356 443/443/371 420/420/348
f 566/566/438 567/567/438 568/546/438
f 566/566/438 568/546/438 569/554/438
f 570/567/438 571/568/438 572/540/438
f 570/567/438 572/540/438 573/546/438
f 574/568/438 575/569/438 576/535/438
f 574/568/438 576/535/438 577/540/438
f 578/569/438 579/570/451 580/536/438
f 578/569/438 580/536/438 581/535/438
f 545/545/438 527/527/438 582/571/452
f 527/527/438 545/545/438 544/544/438
f 527/527/438 544/544/438 528/528/438
f 560/560/438 584/566/438 554/554/438
f 584/566/438 560/560/438 564/564/438
f 584/566/438 564/564/438 583/572/452
o Metal_top_L_low_lambert2_0
v 0.074131 0.915936 -0.060139
v 0.100566 0.901357 -0.061588
v 0.090257 0.891422 -0.071168
v 0.066976 0.904147 -0.069910
v 0.110092 0.879443 -0.062110
v 0.098737 0.872110 -0.071368
v 0.192017 0.802769 -0.056586
v 0.229412 0.783005 -0.055103
v 0.228929 0.783005 -0.063912
v 0.191533 0.802762 -0.065395
v 0.227418 0.761377 -0.057348
v 0.255062 0.743710 -0.058021
v 0.257949 0.759164 -0.055108
v 0.229412 0.783005 -0.055103
v 0.257466 0.759164 -0.063918
v 0.241667 0.753837 -0.072235
v 0.215884 0.774660 -0.072304
v 0.267027 0.732163 -0.060858
v 0.270587 0.736806 -0.060545
v 0.270104 0.736806 -0.069355
v 0.252559 0.734375 -0.076784
v 0.180724 0.792411 -0.073937
v 0.111315 0.850199 -0.062177
v 0.100562 0.842772 -0.071924
v 0.032079 0.924824 -0.057835
v 0.028774 0.911952 -0.067717
v 0.191281 0.778092 -0.057134
v 0.192017 0.802769 -0.056586
v 0.270587 0.736806 -0.060545
v 0.272373 0.715084 -0.064591
v 0.271890 0.715084 -0.073400
v 0.266937 0.718323 -0.062954
v 0.272373 0.715084 -0.064591
v 0.253631 0.724689 -0.059939
v 0.225894 0.738734 -0.058442
v 0.253889 0.716548 -0.080155
v 0.152431 0.813757 -0.064430
v 0.141604 0.801901 -0.074077
v 0.079351 0.884739 -0.076784
v 0.061473 0.891225 -0.078818
v 0.083388 0.868452 -0.079849
v 0.112541 0.820890 -0.062244
v 0.103701 0.810038 -0.073426
v 0.153946 0.787629 -0.055677
v 0.152916 0.813772 -0.055620
v 0.227584 0.751591 -0.078260
v 0.206798 0.764422 -0.079816
v 0.265539 0.703060 -0.060776
v 0.268355 0.693151 -0.060423
v 0.190635 0.752945 -0.057393
v 0.253047 0.702778 -0.057910
v 0.268355 0.693151 -0.060423
v 0.267872 0.693151 -0.069232
v 0.086775 0.837803 -0.082218
v 0.173620 0.780228 -0.081380
v 0.232069 0.737282 -0.082697
v 0.025902 0.897901 -0.078061
v -0.024158 0.926354 -0.054753
v -0.024261 0.913187 -0.064778
v 0.225234 0.713462 -0.057229
v 0.250938 0.700239 -0.076548
v 0.254105 0.680939 -0.054898
v 0.154898 0.760855 -0.055729
v 0.059452 0.872579 -0.086804
v 0.205620 0.750317 -0.085570
v 0.233296 0.722038 -0.085470
v 0.135272 0.788525 -0.082154
v 0.094635 0.799790 -0.085239
v 0.190223 0.727279 -0.057076
v 0.253622 0.680939 -0.063707
v 0.239566 0.692171 -0.071802
v 0.174015 0.765062 -0.086630
v 0.225127 0.687830 -0.054868
v 0.231611 0.709271 -0.082354
v 0.061031 0.842018 -0.093895
v 0.207440 0.734964 -0.087898
v -0.024889 0.898806 -0.075675
v 0.024036 0.877924 -0.090640
v 0.155839 0.734002 -0.055781
v 0.227432 0.702783 -0.077749
v 0.224664 0.687992 -0.063679
v 0.215600 0.698775 -0.071754
v 0.189893 0.701076 -0.056469
v 0.177113 0.748794 -0.088672
v 0.137980 0.772480 -0.087096
v 0.207421 0.721564 -0.085135
v -0.080163 0.921018 -0.051684
v -0.077095 0.908362 -0.061916
v 0.209008 0.709738 -0.079137
v 0.064764 0.805506 -0.099302
v -0.026547 0.878365 -0.089798
v 0.178092 0.733060 -0.086489
v 0.025270 0.846395 -0.102239
v 0.142951 0.755727 -0.089013
v 0.189430 0.701231 -0.065280
v 0.183752 0.709664 -0.073738
v 0.156704 0.706527 -0.055828
v 0.179478 0.719572 -0.081153
v 0.101866 0.776786 -0.090717
v 0.143227 0.738751 -0.088003
v -0.075329 0.894468 -0.072514
v 0.156243 0.706695 -0.064639
v 0.148707 0.714245 -0.075085
v 0.143543 0.723935 -0.083536
v 0.029285 0.809397 -0.109435
v 0.107528 0.757265 -0.092363
v -0.026395 0.846253 -0.102887
v 0.069887 0.781083 -0.101231
v -0.121519 0.909302 -0.049417
v -0.114693 0.897987 -0.059954
v 0.106887 0.738314 -0.092403
v -0.076263 0.874454 -0.085169
v 0.123999 0.707639 -0.062872
v 0.115291 0.708374 -0.075950
v 0.105449 0.708914 -0.088641
v 0.073796 0.757915 -0.102185
v -0.109851 0.885415 -0.069430
v -0.023646 0.808680 -0.110670
v 0.073592 0.735117 -0.102439
v -0.077094 0.842239 -0.096880
v 0.031806 0.782690 -0.110871
v -0.146909 0.892966 -0.048026
v -0.137060 0.883714 -0.058711
v -0.109075 0.866740 -0.077643
v 0.131696 0.621941 -0.063294
v 0.119646 0.629449 -0.075033
v 0.073090 0.696581 -0.102110
v 0.033441 0.756241 -0.111125
v -0.076192 0.804146 -0.104270
v -0.126635 0.877754 -0.065496
v -0.109956 0.834999 -0.085260
v 0.034071 0.729873 -0.111219
v -0.130251 0.861132 -0.068253
v 0.102735 0.632390 -0.087472
v -0.154932 0.870457 -0.047586
v -0.144240 0.863806 -0.058131
v -0.022305 0.781408 -0.111888
v -0.153695 0.841196 -0.038818
v -0.154449 0.870457 -0.038777
v -0.154177 0.841196 -0.047627
v -0.132610 0.829616 -0.071294
v 0.076103 0.626197 -0.101314
v -0.110511 0.796584 -0.091499
v 0.034906 0.688642 -0.111267
v -0.144600 0.833816 -0.059259
v -0.021432 0.754175 -0.111854
v -0.153421 0.811871 -0.047669
v -0.152938 0.811871 -0.038859
v 0.138318 0.550933 -0.063656
v 0.126097 0.557412 -0.074127
v -0.076115 0.777957 -0.105366
v -0.146509 0.800190 -0.061707
v -0.139099 0.790662 -0.075203
v -0.020519 0.726721 -0.111876
v -0.075894 0.752231 -0.105151
v 0.108492 0.559683 -0.085942
v 0.037153 0.617606 -0.111381
v -0.019101 0.684597 -0.112057
v -0.113290 0.773056 -0.092391
v -0.188958 0.815975 -0.045721
v -0.182824 0.803092 -0.057002
v 0.080120 0.553537 -0.100448
v 0.142453 0.506602 -0.063883
v 0.130125 0.512439 -0.073561
v -0.074601 0.725845 -0.104926
v -0.144535 0.770511 -0.078776
v -0.115018 0.750920 -0.091796
v -0.224543 0.823370 -0.042594
v -0.219728 0.810619 -0.051645
v -0.179189 0.789410 -0.065974
v -0.224170 0.797091 -0.033779
v -0.189412 0.788845 -0.036861
v -0.188476 0.815975 -0.036912
v -0.224060 0.823370 -0.033785
v -0.016709 0.613357 -0.112496
v -0.259737 0.837347 -0.028297
v -0.224060 0.823370 -0.033785
v -0.260220 0.837347 -0.037107
v 0.112086 0.514292 -0.084986
v -0.180552 0.774127 -0.070333
v -0.147480 0.752030 -0.078288
v -0.251907 0.822732 -0.046132
v -0.257257 0.810331 -0.028433
v -0.259737 0.837347 -0.028297
v 0.145343 0.475609 -0.064041
v 0.122094 0.485984 -0.075111
v -0.072548 0.684394 -0.104850
v 0.039640 0.545257 -0.111505
v -0.216366 0.797307 -0.059485
v -0.112593 0.727431 -0.090884
v -0.224722 0.771232 -0.033748
v -0.190349 0.761714 -0.036809
v -0.288960 0.844789 -0.033973
v -0.275729 0.829648 -0.043563
v -0.283239 0.820840 -0.024793
v -0.288477 0.844789 -0.025164
v 0.082628 0.508175 -0.099907
v -0.246068 0.808668 -0.054192
v -0.144031 0.731774 -0.076716
v -0.181958 0.757346 -0.071121
v -0.215911 0.782871 -0.064902
v -0.256544 0.784995 -0.028472
v 0.108373 0.493510 -0.085099
v -0.303245 0.832577 -0.029099
v -0.296682 0.820891 -0.026827
v -0.264231 0.816858 -0.050803
v -0.303728 0.832577 -0.037908
v -0.287563 0.821586 -0.047038
v -0.109053 0.687983 -0.090015
v -0.282021 0.797985 -0.025189
v 0.100354 0.462545 -0.061576
v 0.092368 0.469503 -0.080552
v -0.226158 0.746213 -0.033670
v -0.191286 0.734584 -0.036758
v -0.245177 0.795709 -0.060322
v -0.178450 0.739167 -0.069384
v -0.268883 0.809621 -0.054924
v -0.215592 0.767302 -0.067108
v -0.139408 0.698992 -0.071718
v -0.297359 0.805184 -0.028105
v -0.259365 0.763019 -0.028317
v 0.085939 0.482651 -0.094879
v -0.307694 0.810644 -0.032803
v -0.176502 0.723405 -0.064525
v -0.070051 0.613471 -0.105078
v -0.245524 0.782336 -0.063058
v -0.285255 0.779908 -0.024682
v -0.212641 0.750593 -0.065316
v -0.014217 0.541126 -0.111724
v -0.308177 0.810644 -0.041612
v -0.290891 0.805276 -0.050301
v -0.270906 0.796857 -0.057835
v -0.148649 0.697574 -0.058992
v -0.182594 0.713872 -0.055950
v -0.228035 0.721614 -0.033567
v -0.192222 0.707454 -0.036707
v -0.298170 0.791788 -0.026745
v 0.041193 0.500089 -0.111583
v -0.156945 0.696767 -0.047476
v -0.192705 0.707454 -0.045516
v -0.211958 0.736171 -0.060079
v -0.243399 0.767032 -0.060938
v -0.305477 0.788922 -0.028976
v -0.218446 0.727464 -0.051950
v -0.263954 0.742723 -0.028066
v -0.269369 0.781610 -0.055211
v -0.292321 0.766564 -0.024953
v -0.107437 0.617971 -0.089546
v -0.228518 0.721614 -0.042376
v -0.289200 0.787450 -0.047096
v -0.243928 0.753825 -0.055087
v -0.305960 0.788922 -0.037786
v -0.264421 0.768049 -0.051285
v -0.132275 0.621418 -0.072028
v -0.147971 0.618373 -0.058657
v -0.159096 0.612081 -0.047358
v -0.252238 0.746743 -0.046633
v 0.050780 0.452210 -0.058859
v 0.046529 0.460361 -0.085248
v -0.277859 0.767981 -0.043760
v -0.264437 0.742723 -0.036875
v -0.292804 0.766564 -0.033763
v 0.043070 0.474368 -0.105026
v -0.014217 0.541126 -0.111724
v -0.067761 0.541358 -0.105399
v -0.007964 0.447334 -0.055640
v -0.009840 0.455920 -0.084561
v -0.106887 0.546166 -0.089319
v -0.011511 0.470241 -0.106200
v -0.012773 0.496032 -0.113274
v -0.133608 0.549928 -0.071354
v -0.149872 0.547024 -0.058123
v -0.160425 0.540787 -0.038449
v -0.158614 0.612081 -0.038548
v -0.160908 0.540787 -0.047259
v -0.066903 0.448220 -0.052410
v -0.066118 0.456541 -0.079075
v -0.066332 0.496337 -0.105600
v -0.106543 0.501337 -0.089178
v -0.065779 0.470650 -0.099038
v -0.134440 0.505296 -0.070933
v -0.151059 0.502480 -0.057790
v -0.161556 0.496277 -0.038387
v -0.162039 0.496277 -0.047197
v -0.117061 0.455173 -0.049661
v -0.111682 0.462584 -0.069370
v -0.107708 0.475978 -0.084177
v -0.129536 0.485160 -0.071819
v -0.141629 0.476936 -0.060568
v -0.162829 0.465159 -0.047153
v 0.074613 0.915936 -0.051330
v 0.101049 0.901357 -0.052778
v 0.110574 0.879443 -0.053300
v 0.257949 0.759164 -0.055108
v 0.075661 0.887969 -0.051387
v 0.110574 0.879443 -0.053300
v 0.101049 0.901357 -0.052778
v 0.074613 0.915936 -0.051330
v 0.111798 0.850199 -0.053367
v 0.032561 0.924824 -0.049025
v 0.076998 0.853514 -0.051460
v 0.111798 0.850199 -0.053367
v 0.033633 0.893870 -0.049084
v 0.032561 0.924824 -0.049025
v 0.152916 0.813772 -0.055620
v 0.113024 0.820890 -0.053434
v 0.078451 0.818439 -0.051540
v 0.113024 0.820890 -0.053434
v 0.034960 0.855900 -0.049156
v -0.023676 0.926354 -0.045944
v 0.116302 0.789640 -0.053614
v -0.023676 0.926354 -0.045944
v -0.022595 0.894405 -0.046003
v 0.254105 0.680939 -0.054898
v 0.036323 0.817569 -0.049231
v 0.118505 0.762011 -0.053735
v -0.021272 0.855263 -0.046075
v 0.080104 0.790730 -0.051630
v 0.225127 0.687830 -0.054868
v -0.079680 0.921018 -0.042874
v 0.189893 0.701076 -0.056469
v -0.079680 0.921018 -0.042874
v -0.078659 0.890062 -0.042930
v 0.120700 0.734324 -0.053855
v -0.019940 0.815848 -0.046148
v 0.082009 0.761808 -0.051735
v 0.037465 0.789061 -0.049294
v 0.156704 0.706527 -0.055828
v 0.124489 0.707701 -0.054063
v -0.077418 0.852089 -0.042998
v 0.083913 0.732886 -0.051839
v 0.038682 0.759935 -0.049360
v -0.121036 0.909302 -0.040608
v 0.124489 0.707701 -0.054063
v -0.120193 0.881327 -0.040654
v -0.121036 0.909302 -0.040608
v -0.076190 0.813754 -0.043065
v -0.018967 0.787073 -0.046201
v 0.086715 0.689127 -0.051993
v 0.039898 0.730810 -0.049427
v -0.119199 0.846861 -0.040708
v -0.146426 0.892966 -0.039216
v -0.017980 0.757880 -0.046255
v 0.132179 0.621941 -0.054484
v -0.154449 0.870457 -0.038777
v -0.146426 0.892966 -0.039216
v -0.118280 0.811768 -0.040759
v 0.041738 0.686162 -0.049528
v -0.075404 0.785233 -0.043108
v -0.016993 0.728687 -0.046309
v 0.132179 0.621941 -0.054484
v 0.091309 0.615691 -0.052244
v -0.153695 0.841196 -0.038818
v -0.074651 0.756092 -0.043150
v -0.152938 0.811871 -0.038859
v -0.015473 0.683742 -0.046393
v -0.118058 0.784010 -0.040771
v 0.044825 0.610466 -0.049697
v 0.138801 0.550933 -0.054847
v -0.073897 0.726952 -0.043191
v -0.118005 0.755026 -0.040774
v 0.138801 0.550933 -0.054847
v 0.095932 0.541376 -0.052498
v -0.153778 0.784761 -0.038813
v -0.072718 0.682281 -0.043256
v -0.188476 0.815975 -0.036912
v -0.012889 0.607293 -0.046534
v -0.117952 0.726041 -0.040777
v -0.154438 0.756345 -0.038777
v 0.142935 0.506602 -0.055074
v 0.047949 0.533672 -0.049868
v 0.142935 0.506602 -0.055074
v 0.098819 0.494981 -0.052656
v -0.155100 0.727928 -0.038741
v -0.117791 0.682192 -0.040786
v 0.145826 0.475609 -0.055232
v -0.070685 0.606549 -0.043367
v -0.288477 0.844789 -0.025164
v 0.145826 0.475609 -0.055232
v 0.100837 0.462545 -0.052767
v -0.156462 0.696767 -0.038666
v -0.010265 0.529672 -0.046678
v -0.303245 0.832577 -0.029099
v 0.049899 0.485729 -0.049975
v 0.100837 0.462545 -0.052767
v -0.117416 0.608613 -0.040806
v -0.307694 0.810644 -0.032803
v -0.156462 0.696767 -0.038666
v -0.192222 0.707454 -0.036707
v 0.051263 0.452210 -0.050050
v -0.068616 0.529719 -0.043480
v -0.158614 0.612081 -0.038548
v -0.228035 0.721614 -0.033567
v -0.305477 0.788922 -0.028976
v -0.008626 0.481213 -0.046768
v 0.051263 0.452210 -0.050050
v -0.292321 0.766564 -0.024953
v -0.263954 0.742723 -0.028066
v -0.117009 0.534156 -0.040828
v -0.007481 0.447334 -0.046831
v -0.067324 0.481754 -0.043551
v -0.007481 0.447334 -0.046831
v -0.160425 0.540787 -0.038449
v -0.066420 0.448220 -0.043601
v -0.116756 0.487671 -0.040842
v -0.066420 0.448220 -0.043601
v -0.161556 0.496277 -0.038387
v -0.116578 0.455173 -0.040852
v -0.116578 0.455173 -0.040852
v -0.162347 0.465159 -0.038344
v -0.162347 0.465159 -0.038344
v -0.014217 0.541126 -0.111724
v -0.014217 0.541126 -0.111724
vn 0.2737 0.8604 -0.4298
vn 0.5907 0.6718 -0.4469
vn 0.3337 0.3971 -0.8550
vn 0.1360 0.5519 -0.8228
vn 0.8619 0.2458 -0.4436
vn 0.5074 0.1325 -0.8515
vn 0.0901 0.1615 0.9827
vn 0.0768 0.1190 0.9899
vn 0.5055 0.7227 -0.4714
vn 0.3764 0.7970 -0.4724
vn -0.0309 -0.0667 0.9973
vn -0.0001 -0.1084 0.9941
vn 0.1552 0.0711 0.9853
vn 0.0769 0.1191 0.9899
vn 0.6351 0.6152 -0.4671
vn 0.3168 0.3816 -0.8684
vn 0.2889 0.4074 -0.8663
vn 0.1291 -0.1480 0.9805
vn 0.6489 0.0666 0.7580
vn 0.7588 0.3491 -0.5499
vn 0.3213 0.2837 -0.9035
vn 0.2146 0.4640 -0.8595
vn 0.9011 0.0392 -0.4318
vn 0.5562 0.0521 -0.8294
vn 0.0735 0.9038 -0.4215
vn 0.0157 0.5953 -0.8033
vn 0.0044 -0.0266 0.9996
vn 0.0902 0.1615 0.9827
vn 0.6488 0.0666 0.7580
vn 0.8687 -0.0159 0.4950
vn 0.7696 -0.0449 -0.6370
vn 0.2166 0.0011 0.9763
vn 0.8688 -0.0159 0.4949
vn 0.0813 0.0051 0.9967
vn 0.0221 -0.0033 0.9998
vn 0.2866 -0.0329 -0.9575
vn 0.2565 0.8559 -0.4491
vn 0.1709 0.5408 -0.8236
vn 0.2815 0.3579 -0.8903
vn 0.1422 0.4899 -0.8601
vn 0.3845 0.1834 -0.9047
vn 0.5219 0.6671 -0.5316
vn 0.3686 0.4386 -0.8196
vn 0.0440 -0.0044 0.9990
vn 0.0971 0.1634 0.9818
vn 0.3015 0.3666 -0.8802
vn 0.2574 0.3715 -0.8920
vn 0.2627 0.1134 0.9582
vn 0.5918 -0.1232 0.7966
vn 0.0285 -0.0029 0.9996
vn 0.1051 0.1013 0.9893
vn 0.6750 -0.4880 -0.5534
vn 0.4624 0.1199 -0.8785
vn 0.1790 0.3874 -0.9044
vn 0.2617 0.2619 -0.9289
vn 0.0231 0.5687 -0.8222
vn -0.0537 0.9062 -0.4195
vn -0.0637 0.6042 -0.7943
vn 0.0334 0.0631 0.9974
vn 0.1644 -0.3850 -0.9082
vn 0.1066 -0.1477 0.9833
vn 0.0486 -0.0010 0.9988
vn 0.2149 0.3637 -0.9064
vn 0.1898 0.2509 -0.9492
vn 0.1607 -0.0263 -0.9867
vn 0.1652 0.4082 -0.8978
vn 0.3673 0.3010 -0.8801
vn 0.0279 0.0243 0.9993
vn 0.1107 -0.9334 -0.3412
vn -0.0767 -0.6228 -0.7786
vn 0.1232 0.2399 -0.9629
vn -0.0347 -0.1010 0.9943
vn 0.0259 -0.3522 -0.9356
vn 0.3030 0.2384 -0.9227
vn 0.0672 -0.0031 -0.9977
vn -0.0633 0.5936 -0.8023
vn 0.0526 0.4897 -0.8703
vn 0.0467 0.0037 0.9989
vn -0.1225 -0.5579 -0.8208
vn -0.2986 -0.9234 -0.2413
vn -0.2130 -0.6797 -0.7019
vn -0.0374 -0.1214 0.9919
vn 0.0390 0.0172 -0.9991
vn 0.1176 0.2236 -0.9676
vn -0.0709 -0.3078 -0.9488
vn -0.1799 0.8953 -0.4075
vn -0.1429 0.5918 -0.7933
vn -0.1594 -0.5404 -0.8262
vn 0.3483 0.1653 -0.9227
vn -0.0646 0.5261 -0.8480
vn -0.0354 -0.2414 -0.9698
vn 0.0913 0.3354 -0.9376
vn 0.0717 0.0391 -0.9967
vn -0.2894 -0.9247 -0.2473
vn -0.1626 -0.6914 -0.7039
vn 0.0124 -0.1501 0.9886
vn -0.0924 -0.4974 -0.8626
vn 0.2494 0.2060 -0.9462
vn 0.0746 -0.1516 -0.9856
vn -0.1504 0.5708 -0.8072
vn -0.1773 -0.9608 -0.2133
vn -0.0065 -0.7871 -0.6168
vn 0.0934 -0.4262 -0.8998
vn 0.1248 0.1089 -0.9862
vn 0.2023 0.0602 -0.9775
vn -0.0651 0.3590 -0.9311
vn 0.2959 0.1272 -0.9467
vn -0.3765 0.8384 -0.3941
vn -0.2626 0.5411 -0.7989
vn 0.2402 -0.0717 -0.9681
vn -0.1839 0.4903 -0.8519
vn 0.8655 -0.2881 -0.4098
vn 0.6452 -0.2269 -0.7295
vn 0.4432 -0.0809 -0.8928
vn 0.2547 0.0456 -0.9659
vn -0.2729 0.4884 -0.8289
vn -0.0530 0.0895 -0.9946
vn 0.2677 -0.0172 -0.9634
vn -0.2232 0.3249 -0.9190
vn 0.1126 0.0478 -0.9925
vn -0.6800 0.6287 -0.3773
vn -0.4533 0.3732 -0.8095
vn -0.3530 0.3633 -0.8622
vn 0.9242 0.0866 -0.3720
vn 0.6757 0.0326 -0.7365
vn 0.3154 -0.0106 -0.9489
vn 0.1006 0.0142 -0.9948
vn -0.2224 0.0864 -0.9711
vn -0.4102 0.3448 -0.8443
vn -0.4356 0.2241 -0.8718
vn 0.1003 0.0023 -0.9950
vn -0.5142 0.1726 -0.8401
vn 0.5147 0.0058 -0.8573
vn -0.9202 0.1855 -0.3446
vn -0.6132 0.1052 -0.7829
vn -0.0515 0.0222 -0.9984
vn -0.0619 -0.0030 0.9981
vn -0.0844 0.0264 0.9961
vn -0.9467 -0.0218 -0.3214
vn -0.5889 0.1125 -0.8003
vn 0.3349 0.0045 -0.9422
vn -0.4297 0.1247 -0.8943
vn 0.1108 0.0032 -0.9938
vn -0.6670 0.0387 -0.7441
vn -0.0544 -0.0021 -0.9985
vn -0.4185 0.7584 -0.4997
vn 0.0290 0.0545 0.9981
vn 0.9141 0.0863 -0.3963
vn 0.6111 0.0431 -0.7904
vn -0.2086 0.0202 -0.9778
vn -0.3889 0.5159 -0.7633
vn -0.4253 0.2721 -0.8632
vn -0.0577 -0.0015 -0.9983
vn -0.2091 -0.0157 -0.9778
vn 0.5004 0.0231 -0.8655
vn 0.1361 0.0050 -0.9907
vn -0.0591 0.0013 -0.9983
vn -0.3775 0.0583 -0.9242
vn 0.1161 0.9112 -0.3953
vn -0.0346 0.6279 -0.7775
vn 0.3432 0.0106 -0.9392
vn 0.8729 0.0775 -0.4817
vn 0.5664 0.0015 -0.8241
vn -0.2235 -0.0203 -0.9745
vn -0.3219 0.1220 -0.9389
vn -0.3612 -0.0358 -0.9318
vn 0.2146 0.8853 -0.4126
vn 0.0296 0.5610 -0.8273
vn -0.1264 0.4361 -0.8910
vn 0.1225 0.0005 0.9925
vn 0.0715 -0.0005 0.9974
vn 0.0972 0.1586 0.9825
vn 0.1749 0.1642 0.9708
vn -0.0590 0.0027 -0.9983
vn 0.1997 0.2030 0.9586
vn 0.1749 0.1643 0.9708
vn 0.2423 0.8903 -0.3855
vn 0.4920 -0.0121 -0.8705
vn -0.1619 0.1716 -0.9718
vn -0.3080 -0.0491 -0.9501
vn 0.0725 0.5505 -0.8317
vn 0.1476 0.0045 0.9890
vn 0.6392 -0.6377 -0.4298
vn 0.4482 -0.3681 -0.8147
vn -0.2385 -0.0096 -0.9711
vn 0.1783 0.0055 -0.9840
vn -0.0221 0.4386 -0.8984
vn -0.4005 -0.0756 -0.9132
vn 0.1210 -0.0032 0.9926
vn 0.0708 -0.0006 0.9975
vn -0.1308 0.9095 -0.3947
vn -0.0066 0.5235 -0.8520
vn 0.0385 0.0046 0.9992
vn 0.0088 0.2750 0.9614
vn 0.3430 -0.0462 -0.9382
vn 0.0394 0.4720 -0.8807
vn -0.3721 -0.1518 -0.9157
vn -0.1791 -0.0374 -0.9831
vn -0.0716 0.2353 -0.9693
vn 0.1487 -0.0034 0.9889
vn 0.4839 -0.2218 -0.8466
vn -0.5190 0.1736 0.8370
vn -0.2754 -0.0315 0.9608
vn 0.0282 0.4929 -0.8696
vn -0.6949 0.4922 -0.5242
vn -0.2143 0.3592 -0.9083
vn -0.4514 -0.0383 -0.8915
vn 0.0558 0.0049 0.9984
vn 0.2231 -0.9304 -0.2908
vn 0.2919 -0.7517 -0.5914
vn 0.1176 -0.0065 0.9930
vn 0.0702 -0.0008 0.9975
vn -0.0332 0.2971 -0.9543
vn -0.2348 -0.2082 -0.9495
vn -0.1066 0.3343 -0.9364
vn -0.1470 -0.0176 -0.9890
vn -0.5576 -0.1161 -0.8220
vn -0.2537 0.0166 0.9671
vn 0.1360 -0.0161 0.9906
vn 0.3379 -0.4147 -0.8449
vn -0.7447 0.0198 0.6671
vn -0.3213 -0.3865 -0.8645
vn -0.2623 -0.0047 -0.9650
vn -0.1770 0.0013 -0.9842
vn 0.0436 -0.0016 0.9990
vn -0.2316 -0.2441 -0.9417
vn -0.0583 0.0036 -0.9983
vn -0.8253 0.0635 -0.5611
vn -0.3832 0.0295 -0.9232
vn -0.2694 0.0190 -0.9628
vn -0.6830 -0.2154 -0.6979
vn -0.3588 -0.6345 -0.6846
vn 0.0148 -0.1909 0.9815
vn 0.0101 -0.1611 0.9869
vn -0.2040 0.0693 0.9765
vn 0.1668 -0.1069 -0.9802
vn -0.8812 -0.3340 -0.3345
vn -0.3406 -0.8961 -0.2845
vn -0.2981 -0.4242 -0.8551
vn -0.3000 -0.2581 -0.9184
vn -0.6293 -0.1078 0.7696
vn -0.3492 -0.5415 -0.7647
vn -0.0033 -0.2115 0.9774
vn -0.3835 -0.2726 -0.8824
vn -0.1752 -0.2230 0.9590
vn -0.4629 -0.0132 -0.8863
vn -0.4544 -0.8258 -0.3340
vn -0.4580 -0.2954 -0.8384
vn -0.3772 -0.4093 -0.8307
vn -0.8348 -0.3407 -0.4325
vn -0.4275 -0.3988 -0.8113
vn -0.6061 -0.0182 -0.7952
vn -0.7025 -0.0048 -0.7117
vn -0.9507 0.0229 -0.3092
vn -0.4234 -0.4744 -0.7718
vn 0.1251 -0.9720 -0.1989
vn 0.1354 -0.8673 -0.4789
vn -0.4580 -0.4259 -0.7803
vn -0.5728 -0.7497 -0.3313
vn -0.7030 -0.6289 -0.3320
vn 0.1498 -0.5249 -0.8379
vn -0.1399 0.0001 -0.9902
vn -0.2976 -0.0044 -0.9547
vn 0.0232 -0.9824 -0.1852
vn 0.0060 -0.8956 -0.4448
vn -0.4597 -0.0049 -0.8881
vn -0.0258 -0.5689 -0.8220
vn -0.0492 -0.1565 -0.9865
vn -0.5918 0.0018 -0.8061
vn -0.6632 0.0105 -0.7484
vn -0.0430 0.0024 0.9991
vn -0.0544 0.0027 0.9985
vn -0.9474 0.0234 -0.3191
vn -0.0801 -0.9790 -0.1877
vn -0.1278 -0.8765 -0.4642
vn -0.2696 -0.1173 -0.9558
vn -0.4463 -0.0631 -0.8927
vn -0.2053 -0.5363 -0.8187
vn -0.5820 -0.0339 -0.8125
vn -0.6371 -0.0285 -0.7702
vn -0.0395 0.0024 0.9992
vn -0.9195 0.0174 -0.3928
vn -0.1901 -0.9446 -0.2677
vn -0.3031 -0.7721 -0.5586
vn -0.4010 -0.4368 -0.8052
vn -0.5585 -0.2489 -0.7913
vn -0.5068 -0.3964 -0.7655
vn -0.6370 -0.6811 -0.3611
vn 0.1164 0.1837 0.9761
vn 0.2013 0.1601 0.9664
vn 0.1906 0.0357 0.9810
vn 0.0547 -0.0000 0.9985
vn 0.1906 0.0358 0.9810
vn 0.1164 0.1836 0.9761
vn 0.1706 0.0049 0.9853
vn 0.0721 0.1728 0.9823
vn 0.0721 0.1726 0.9823
vn 0.0971 0.1635 0.9818
vn 0.1050 0.0653 0.9923
vn 0.1050 0.0654 0.9923
vn 0.0483 0.1673 0.9847
vn 0.0483 0.1672 0.9847
vn -0.0347 -0.1011 0.9943
vn 0.0240 0.1711 0.9850
vn 0.0124 -0.1502 0.9886
vn 0.1237 -0.0207 0.9921
vn -0.0213 0.1790 0.9836
vn -0.1050 0.1498 0.9831
vn 0.1629 0.0101 0.9866
vn -0.0843 0.0264 0.9961
vn 0.1628 0.0101 0.9866
vn 0.0289 0.0546 0.9981
vn 0.1515 0.0091 0.9884
vn 0.1516 0.0091 0.9884
vn 0.0972 0.1586 0.9826
vn 0.1481 0.0088 0.9889
vn 0.1482 0.0088 0.9889
vn 0.1709 -0.1119 0.9789
vn 0.0088 0.2751 0.9614
vn 0.1709 -0.1120 0.9789
vn 0.0878 -0.1363 0.9868
vn -0.0282 -0.0292 0.9992
vn -0.5191 0.1735 0.8369
vn 0.0878 -0.1364 0.9868
vn -0.0281 -0.0292 0.9992
vn 0.0102 -0.1611 0.9869
vn 0.0732 -0.1354 0.9881
vn -0.0545 0.0028 0.9985
vn 0.0148 -0.1910 0.9815
vn 0.0731 -0.1354 0.9881
vn -0.1754 -0.2230 0.9589
vn -0.0033 -0.2116 0.9774
vn 0.0588 -0.1342 0.9892
vn -0.0431 0.0025 0.9991
vn 0.0444 -0.1364 0.9897
vn 0.0445 -0.1364 0.9897
vn -0.0396 0.0024 0.9992
vn 0.0298 -0.1383 0.9899
vn -0.0550 -0.1197 0.9913
vn -0.0550 -0.1196 0.9913
vn 0.0261 0.0031 -0.9997
vn -0.0558 0.0047 -0.9984
vt 0.095423 0.247327
vt 0.088071 0.251808
vt 0.091271 0.255588
vt 0.097716 0.251802
vt 0.084647 0.257939
vt 0.088312 0.261011
vt 0.058983 0.278487
vt 0.047452 0.283088
vt 0.048874 0.285323
vt 0.059959 0.280943
vt 0.697704 0.965927
vt 0.693727 0.962913
vt 0.693174 0.965385
vt 0.697235 0.969365
vt 0.039939 0.291605
vt 0.044727 0.294115
vt 0.052660 0.288842
vt 0.692018 0.960963
vt 0.691467 0.961678
vt 0.036160 0.298539
vt 0.041426 0.299886
vt 0.063030 0.284988
vt 0.082897 0.266557
vt 0.086454 0.269724
vt 0.107366 0.244260
vt 0.108385 0.249140
vt 0.702940 0.968870
vt 0.702643 0.972785
vt 0.033889 0.297265
vt 0.032738 0.305031
vt 0.035397 0.305125
vt 0.692079 0.958758
vt 0.691257 0.958205
vt 0.694071 0.959874
vt 0.698098 0.962335
vt 0.040808 0.305190
vt 0.070578 0.278417
vt 0.073943 0.282747
vt 0.094332 0.258074
vt 0.099393 0.256462
vt 0.092922 0.263016
vt 0.080755 0.275091
vt 0.084101 0.279523
vt 0.708413 0.970683
vt 0.708362 0.974844
vt 0.048961 0.295580
vt 0.055276 0.292657
vt 0.692459 0.956334
vt 0.692122 0.954742
vt 0.703229 0.964879
vt 0.694369 0.956375
vt 0.033368 0.313171
vt 0.035569 0.311836
vt 0.090945 0.272250
vt 0.065090 0.289242
vt 0.047518 0.299849
vt 0.109242 0.254388
vt 0.123484 0.243373
vt 0.123382 0.248384
vt 0.698406 0.958319
vt 0.040832 0.310119
vt 0.694434 0.952862
vt 0.708480 0.966423
vt 0.099885 0.262593
vt 0.055435 0.297121
vt 0.046809 0.304278
vt 0.076030 0.287384
vt 0.087587 0.283912
vt 0.703493 0.960807
vt 0.038523 0.316429
vt 0.043345 0.313443
vt 0.064823 0.293933
vt 0.698654 0.954233
vt 0.046639 0.308107
vt 0.098977 0.272095
vt 0.054461 0.301561
vt 0.123413 0.253828
vt 0.109757 0.261475
vt 0.708550 0.962151
vt 0.047368 0.310575
vt 0.047079 0.316774
vt 0.050333 0.313070
vt 0.703757 0.956650
vt 0.063547 0.298634
vt 0.075274 0.292473
vt 0.053869 0.305523
vt 0.139558 0.244918
vt 0.138336 0.249748
vt 0.052798 0.309342
vt 0.097301 0.283331
vt 0.123690 0.261313
vt 0.062702 0.303237
vt 0.109261 0.271564
vt 0.073628 0.297507
vt 0.057861 0.314465
vt 0.059828 0.310924
vt 0.708638 0.957781
vt 0.061626 0.307398
vt 0.085733 0.291521
vt 0.073122 0.302640
vt 0.137511 0.254983
vt 0.067099 0.313760
vt 0.070058 0.310550
vt 0.072496 0.307255
vt 0.107855 0.282821
vt 0.083999 0.297760
vt 0.123527 0.271708
vt 0.095532 0.290810
vt 0.151355 0.248498
vt 0.148884 0.252877
vt 0.083908 0.303859
vt 0.137454 0.262112
vt 0.074548 0.316535
vt 0.078977 0.314946
vt 0.083692 0.313574
vt 0.094213 0.297972
vt 0.147160 0.257480
vt 0.122741 0.283150
vt 0.094068 0.305068
vt 0.137659 0.272400
vt 0.106897 0.290826
vt 0.158511 0.253260
vt 0.155170 0.256922
vt 0.146852 0.263653
vt 0.075167 0.341416
vt 0.079928 0.338799
vt 0.094315 0.316947
vt 0.106234 0.298772
vt 0.137704 0.284048
vt 0.152079 0.259300
vt 0.147528 0.273573
vt 0.106022 0.306686
vt 0.153396 0.264342
vt 0.085886 0.337346
vt 0.161698 0.259495
vt 0.157927 0.262475
vt 0.122389 0.291266
vt 0.165725 0.267498
vt 0.164139 0.258622
vt 0.163148 0.268111
vt 0.155180 0.273943
vt 0.094517 0.338611
vt 0.148366 0.285462
vt 0.105905 0.319119
vt 0.159556 0.271452
vt 0.122183 0.299340
vt 0.165282 0.276556
vt 0.166763 0.274485
vt 0.074447 0.363255
vt 0.079031 0.360935
vt 0.137963 0.291840
vt 0.161860 0.281612
vt 0.158262 0.286065
vt 0.121968 0.307526
vt 0.138135 0.299552
vt 0.085062 0.359694
vt 0.106010 0.340617
vt 0.121661 0.320117
vt 0.149469 0.292609
vt 0.174809 0.277156
vt 0.172280 0.281961
vt 0.094159 0.360708
vt 0.074694 0.377307
vt 0.079036 0.374992
vt 0.137862 0.307487
vt 0.159461 0.292707
vt 0.150177 0.299416
vt 0.184856 0.275284
vt 0.183019 0.279947
vt 0.170407 0.286708
vt 0.764565 0.975213
vt 0.759450 0.973624
vt 0.759098 0.977926
vt 0.764342 0.979385
vt 0.121281 0.341402
vt 0.195434 0.269263
vt 0.184412 0.272650
vt 0.195690 0.271920
vt 0.085038 0.373701
vt 0.170373 0.291549
vt 0.160378 0.298581
vt 0.192521 0.276770
vt 0.769441 0.977585
vt 0.769589 0.981898
vt 0.075586 0.386436
vt 0.082400 0.383064
vt 0.137334 0.319996
vt 0.105963 0.362270
vt 0.181496 0.284502
vt 0.149742 0.306745
vt 0.764850 0.971110
vt 0.759801 0.969322
vt 0.204184 0.271339
vt 0.199475 0.275670
vt 0.773247 0.979471
vt 0.773820 0.983321
vt 0.094344 0.374417
vt 0.190261 0.281452
vt 0.159716 0.305120
vt 0.170619 0.296661
vt 0.180871 0.289072
vt 0.769535 0.973557
vt 0.086721 0.379998
vt 0.776207 0.981511
vt 0.775263 0.979599
vt 0.195617 0.279437
vt 0.207497 0.275622
vt 0.202283 0.278784
vt 0.148825 0.318923
vt 0.773257 0.975829
vt 0.087447 0.392793
vt 0.091294 0.387693
vt 0.765258 0.967147
vt 0.760152 0.965020
vt 0.189519 0.285664
vt 0.169760 0.302236
vt 0.196551 0.282034
vt 0.180486 0.293717
vt 0.159305 0.315831
vt 0.775544 0.977102
vt 0.770123 0.970086
vt 0.093859 0.382260
vt 0.777214 0.978064
vt 0.169698 0.307239
vt 0.136526 0.341404
vt 0.189266 0.289677
vt 0.773871 0.972976
vt 0.179630 0.298645
vt 0.120896 0.362995
vt 0.208142 0.282255
vt 0.202689 0.283717
vt 0.196693 0.285890
vt 0.163884 0.317056
vt 0.172371 0.310449
vt 0.765729 0.963255
vt 0.760503 0.960718
vt 0.775712 0.974967
vt 0.106165 0.375635
vt 0.167982 0.318089
vt 0.176211 0.312911
vt 0.179779 0.303114
vt 0.188617 0.294187
vt 0.776876 0.974573
vt 0.182272 0.306217
vt 0.770960 0.966898
vt 0.196315 0.290389
vt 0.775014 0.970906
vt 0.148043 0.340307
vt 0.185822 0.308837
vt 0.202463 0.289062
vt 0.189123 0.298388
vt 0.207939 0.288891
vt 0.195226 0.294577
vt 0.156760 0.339629
vt 0.162645 0.340881
vt 0.167167 0.342992
vt 0.192125 0.301145
vt 0.102113 0.398479
vt 0.104360 0.390396
vt 0.199642 0.295109
vt 0.196361 0.303196
vt 0.204772 0.296143
vt 0.105902 0.383446
vt 0.135822 0.362938
vt 0.120190 0.400800
vt 0.120360 0.391851
vt 0.147663 0.362049
vt 0.120505 0.384100
vt 0.120650 0.376214
vt 0.156821 0.361498
vt 0.162800 0.362757
vt 0.169876 0.364968
vt 0.169796 0.343053
vt 0.167223 0.364903
vt 0.138374 0.399031
vt 0.136399 0.391059
vt 0.135134 0.376241
vt 0.146984 0.375547
vt 0.135118 0.384043
vt 0.156322 0.375216
vt 0.162276 0.376635
vt 0.169131 0.379263
vt 0.166524 0.378947
vt 0.153239 0.393974
vt 0.149580 0.388741
vt 0.147190 0.383289
vt 0.154406 0.381330
vt 0.158611 0.384479
vt 0.165269 0.388071
vt 0.094412 0.244881
vt 0.086227 0.249999
vt 0.082240 0.256985
vt 0.038141 0.289706
vt 0.719266 0.987249
vt 0.714143 0.985615
vt 0.715387 0.989172
vt 0.719203 0.991699
vt 0.080447 0.265889
vt 0.106979 0.241638
vt 0.719337 0.981765
vt 0.714189 0.980960
vt 0.725469 0.988522
vt 0.725386 0.993448
vt 0.069785 0.275951
vt 0.078874 0.273147
vt 0.719395 0.976182
vt 0.714236 0.976294
vt 0.725568 0.982480
vt 0.123539 0.240707
vt 0.713993 0.971304
vt 0.733735 0.994141
vt 0.733824 0.989057
vt 0.037638 0.318772
vt 0.725665 0.976381
vt 0.713882 0.966898
vt 0.733933 0.982829
vt 0.719366 0.971767
vt 0.047046 0.319442
vt 0.140054 0.242315
vt 0.058028 0.317133
vt 0.742102 0.993741
vt 0.742193 0.988816
vt 0.713772 0.962483
vt 0.734043 0.976558
vt 0.719309 0.967158
vt 0.725718 0.971843
vt 0.066689 0.316142
vt 0.713417 0.958224
vt 0.742305 0.982774
vt 0.719252 0.962549
vt 0.725765 0.967207
vt 0.152466 0.246094
vt 0.072088 0.317483
vt 0.748436 0.987760
vt 0.748342 0.992211
vt 0.742422 0.976675
vt 0.734124 0.971979
vt 0.719178 0.955576
vt 0.725812 0.962571
vt 0.748557 0.982278
vt 0.160423 0.251521
vt 0.734205 0.967334
vt 0.072542 0.341432
vt 0.753614 0.986308
vt 0.752245 0.989819
vt 0.748695 0.976696
vt 0.725888 0.955465
vt 0.742528 0.972138
vt 0.734287 0.962689
vt 0.712944 0.944540
vt 0.719069 0.943874
vt 0.753730 0.981654
vt 0.742644 0.967503
vt 0.753847 0.976990
vt 0.734412 0.955538
vt 0.748879 0.972285
vt 0.726020 0.943416
vt 0.071794 0.363237
vt 0.742760 0.962869
vt 0.749098 0.967681
vt 0.712514 0.933208
vt 0.718962 0.932033
vt 0.754184 0.972690
vt 0.742934 0.955764
vt 0.174753 0.274624
vt 0.734625 0.943374
vt 0.749317 0.963076
vt 0.754504 0.968182
vt 0.071992 0.377514
vt 0.726156 0.931193
vt 0.712246 0.926133
vt 0.718896 0.924640
vt 0.754825 0.963673
vt 0.749636 0.956110
vt 0.073698 0.388050
vt 0.743224 0.943718
vt 0.204832 0.268923
vt 0.712059 0.921187
vt 0.718849 0.919472
vt 0.755271 0.958735
vt 0.734842 0.931023
vt 0.209583 0.274114
vt 0.726241 0.923562
vt 0.086341 0.395201
vt 0.750155 0.944419
vt 0.210807 0.282148
vt 0.170429 0.318911
vt 0.177500 0.315240
vt 0.726300 0.918227
vt 0.743517 0.931497
vt 0.756253 0.945300
vt 0.187151 0.311127
vt 0.210311 0.289970
vt 0.734977 0.923313
vt 0.101491 0.401041
vt 0.206726 0.297880
vt 0.198004 0.305278
vt 0.750677 0.932589
vt 0.735072 0.917922
vt 0.743699 0.923868
vt 0.120152 0.403439
vt 0.757079 0.933990
vt 0.743827 0.918534
vt 0.751002 0.925203
vt 0.138907 0.401611
vt 0.757595 0.926929
vt 0.751230 0.920040
vt 0.154252 0.396459
vt 0.757956 0.921992
vt 0.167197 0.389655
s 1
usemtl lambert2.003
f 585/573/453 586/574/454 587/575/455
f 585/573/453 587/575/455 588/576/456
f 586/574/454 589/577/457 590/578/458
f 586/574/454 590/578/458 587/575/455
f 591/579/459 592/580/460 593/581/461
f 591/579/459 593/581/461 594/582/462
f 595/583/463 596/584/464 597/585/465
f 595/583/463 597/585/465 598/586/466
f 593/581/461 599/587/467 600/588/468
f 593/581/461 600/588/468 601/589/469
f 596/584/464 602/590/470 603/591/471
f 596/584/464 603/591/471 597/585/465
f 599/587/467 604/592/472 605/593/473
f 599/587/467 605/593/473 600/588/468
f 594/582/462 593/581/461 601/589/469
f 594/582/462 601/589/469 606/594/474
f 590/578/458 589/577/457 607/595/475
f 590/578/458 607/595/475 608/596/476
f 609/597/477 585/573/453 588/576/456
f 609/597/477 588/576/456 610/598/478
f 611/599/479 595/583/463 598/586/466
f 611/599/479 598/586/466 612/600/480
f 613/601/481 614/602/482 615/603/483
f 613/601/481 615/603/483 604/592/472
f 602/590/470 616/604/484 617/605/485
f 602/590/470 617/605/485 603/591/471
f 618/606/486 616/604/484 602/590/470
f 618/606/486 602/590/470 596/584/464
f 619/607/487 618/606/486 596/584/464
f 619/607/487 596/584/464 595/583/463
f 605/593/473 604/592/472 615/603/483
f 605/593/473 615/603/483 620/608/488
f 621/609/489 594/582/462 606/594/474
f 621/609/489 606/594/474 622/610/490
f 623/611/491 624/612/492 588/576/456
f 623/611/491 588/576/456 587/575/455
f 590/578/458 625/613/493 623/611/491
f 590/578/458 623/611/491 587/575/455
f 608/596/476 607/595/475 626/614/494
f 608/596/476 626/614/494 627/615/495
f 628/616/496 611/599/479 612/600/480
f 628/616/496 612/600/480 629/617/497
f 630/618/498 631/619/499 601/589/469
f 630/618/498 601/589/469 600/588/468
f 632/620/500 633/621/501 617/605/485
f 632/620/500 617/605/485 616/604/484
f 634/622/502 619/607/487 595/583/463
f 634/622/502 595/583/463 611/599/479
f 635/623/503 632/620/500 616/604/484
f 635/623/503 616/604/484 618/606/486
f 615/603/483 614/602/482 636/624/501
f 615/603/483 636/624/501 637/625/504
f 608/596/476 638/626/505 625/613/493
f 608/596/476 625/613/493 590/578/458
f 631/619/499 639/627/506 606/594/474
f 631/619/499 606/594/474 601/589/469
f 640/628/507 630/618/498 600/588/468
f 640/628/507 600/588/468 605/593/473
f 624/612/492 641/629/508 610/598/478
f 624/612/492 610/598/478 588/576/456
f 642/630/509 609/597/477 610/598/478
f 642/630/509 610/598/478 643/631/510
f 626/614/494 621/609/489 622/610/490
f 626/614/494 622/610/490 627/615/495
f 644/632/511 635/623/503 618/606/486
f 644/632/511 618/606/486 619/607/487
f 620/608/488 615/603/483 637/625/504
f 620/608/488 637/625/504 645/633/512
f 635/623/503 646/634/513 633/621/501
f 635/623/503 633/621/501 632/620/500
f 647/635/514 634/622/502 611/599/479
f 647/635/514 611/599/479 628/616/496
f 623/611/491 625/613/493 648/636/515
f 623/611/491 648/636/515 624/612/492
f 630/618/498 640/628/507 649/637/516
f 630/618/498 649/637/516 631/619/499
f 650/638/517 640/628/507 605/593/473
f 650/638/517 605/593/473 620/608/488
f 639/627/506 651/639/518 622/610/490
f 639/627/506 622/610/490 606/594/474
f 638/626/505 608/596/476 627/615/495
f 638/626/505 627/615/495 652/640/519
f 653/641/520 644/632/511 619/607/487
f 653/641/520 619/607/487 634/622/502
f 645/633/512 637/625/504 654/642/521
f 645/633/512 654/642/521 655/643/522
f 631/619/499 649/637/516 656/644/523
f 631/619/499 656/644/523 639/627/506
f 657/645/524 646/634/513 635/623/503
f 657/645/524 635/623/503 644/632/511
f 658/646/525 650/638/517 620/608/488
f 658/646/525 620/608/488 645/633/512
f 659/647/526 648/636/515 625/613/493
f 659/647/526 625/613/493 638/626/505
f 640/628/507 650/638/517 660/648/527
f 640/628/507 660/648/527 649/637/516
f 641/629/508 661/649/528 643/631/510
f 641/629/508 643/631/510 610/598/478
f 662/650/529 641/629/508 624/612/492
f 662/650/529 624/612/492 648/636/515
f 663/651/530 653/641/520 634/622/502
f 663/651/530 634/622/502 647/635/514
f 651/639/518 652/640/519 627/615/495
f 651/639/518 627/615/495 622/610/490
f 655/643/522 664/652/531 658/646/525
f 655/643/522 658/646/525 645/633/512
f 655/643/522 654/642/521 665/653/532
f 655/643/522 665/653/532 666/654/533
f 667/655/534 657/645/524 644/632/511
f 667/655/534 644/632/511 653/641/520
f 649/637/516 660/648/527 668/656/535
f 649/637/516 668/656/535 656/644/523
f 669/657/536 651/639/518 639/627/506
f 669/657/536 639/627/506 656/644/523
f 670/658/537 660/648/527 650/638/517
f 670/658/537 650/638/517 658/646/525
f 671/659/538 642/630/509 643/631/510
f 671/659/538 643/631/510 672/660/539
f 666/654/533 673/661/540 664/652/531
f 666/654/533 664/652/531 655/643/522
f 673/661/540 670/658/537 658/646/525
f 673/661/540 658/646/525 664/652/531
f 659/647/526 638/626/505 652/640/519
f 659/647/526 652/640/519 674/662/541
f 662/650/529 675/663/542 661/649/528
f 662/650/529 661/649/528 641/629/508
f 676/664/543 668/656/535 660/648/527
f 676/664/543 660/648/527 670/658/537
f 677/665/544 662/650/529 648/636/515
f 677/665/544 648/636/515 659/647/526
f 678/666/545 669/657/536 656/644/523
f 678/666/545 656/644/523 668/656/535
f 666/654/533 665/653/532 679/667/546
f 666/654/533 679/667/546 680/668/547
f 681/669/548 667/655/534 653/641/520
f 681/669/548 653/641/520 663/651/530
f 682/670/549 676/664/543 670/658/537
f 682/670/549 670/658/537 673/661/540
f 680/668/547 682/670/549 673/661/540
f 680/668/547 673/661/540 666/654/533
f 683/671/550 652/640/519 651/639/518
f 683/671/550 651/639/518 669/657/536
f 684/672/551 678/666/545 668/656/535
f 684/672/551 668/656/535 676/664/543
f 661/649/528 685/673/552 672/660/539
f 661/649/528 672/660/539 643/631/510
f 680/668/547 679/667/546 686/674/553
f 680/668/547 686/674/553 687/675/554
f 688/676/555 684/672/551 676/664/543
f 688/676/555 676/664/543 682/670/549
f 677/665/544 659/647/526 674/662/541
f 677/665/544 674/662/541 689/677/556
f 690/678/557 683/671/550 669/657/536
f 690/678/557 669/657/536 678/666/545
f 677/665/544 691/679/558 675/663/542
f 677/665/544 675/663/542 662/650/529
f 687/675/554 688/676/555 682/670/549
f 687/675/554 682/670/549 680/668/547
f 692/680/559 674/662/541 652/640/519
f 692/680/559 652/640/519 683/671/550
f 693/681/560 671/659/538 672/660/539
f 693/681/560 672/660/539 694/682/561
f 695/683/562 690/678/557 678/666/545
f 695/683/562 678/666/545 684/672/551
f 675/663/542 696/684/563 685/673/552
f 675/663/542 685/673/552 661/649/528
f 687/675/554 686/674/553 697/685/564
f 687/675/554 697/685/564 698/686/565
f 688/676/555 699/687/566 695/683/562
f 688/676/555 695/683/562 684/672/551
f 698/686/565 699/687/566 688/676/555
f 698/686/565 688/676/555 687/675/554
f 700/688/567 692/680/559 683/671/550
f 700/688/567 683/671/550 690/678/557
f 685/673/552 701/689/568 694/682/561
f 685/673/552 694/682/561 672/660/539
f 691/679/558 677/665/544 689/677/556
f 691/679/558 689/677/556 702/690/569
f 695/683/562 703/691/570 700/688/567
f 695/683/562 700/688/567 690/678/557
f 691/679/558 704/692/571 696/684/563
f 691/679/558 696/684/563 675/663/542
f 705/693/572 689/677/556 674/662/541
f 705/693/572 674/662/541 692/680/559
f 706/694/573 693/681/560 694/682/561
f 706/694/573 694/682/561 707/695/574
f 696/684/563 708/696/575 701/689/568
f 696/684/563 701/689/568 685/673/552
f 698/686/565 697/685/564 709/697/576
f 698/686/565 709/697/576 710/698/577
f 699/687/566 711/699/578 703/691/570
f 699/687/566 703/691/570 695/683/562
f 712/700/579 705/693/572 692/680/559
f 712/700/579 692/680/559 700/688/567
f 704/692/571 691/679/558 702/690/569
f 704/692/571 702/690/569 713/701/580
f 714/702/581 707/695/574 694/682/561
f 714/702/581 694/682/561 701/689/568
f 704/692/571 715/703/582 708/696/575
f 704/692/571 708/696/575 696/684/563
f 703/691/570 716/704/583 712/700/579
f 703/691/570 712/700/579 700/688/567
f 708/696/575 717/705/584 714/702/581
f 708/696/575 714/702/581 701/689/568
f 698/686/565 710/698/577 718/706/585
f 698/686/565 718/706/585 699/687/566
f 719/707/586 706/694/573 707/695/574
f 719/707/586 707/695/574 720/708/587
f 721/709/588 702/690/569 689/677/556
f 721/709/588 689/677/556 705/693/572
f 714/702/581 717/705/584 720/708/587
f 714/702/581 720/708/587 707/695/574
f 722/710/589 723/711/590 719/707/586
f 722/710/589 719/707/586 724/712/591
f 715/703/582 725/713/592 717/705/584
f 715/703/582 717/705/584 708/696/575
f 718/706/585 726/714/593 711/699/578
f 718/706/585 711/699/578 699/687/566
f 715/703/582 704/692/571 713/701/580
f 715/703/582 713/701/580 727/715/594
f 711/699/578 728/716/595 716/704/583
f 711/699/578 716/704/583 703/691/570
f 724/712/591 719/707/586 720/708/587
f 724/712/591 720/708/587 729/717/596
f 730/718/597 721/709/588 705/693/572
f 730/718/597 705/693/572 712/700/579
f 717/705/584 725/713/592 729/717/596
f 717/705/584 729/717/596 720/708/587
f 722/710/589 724/712/591 731/719/598
f 722/710/589 731/719/598 732/720/599
f 710/698/577 709/697/576 733/721/600
f 710/698/577 733/721/600 734/722/601
f 721/709/588 735/723/602 713/701/580
f 721/709/588 713/701/580 702/690/569
f 724/712/591 729/717/596 736/724/603
f 724/712/591 736/724/603 731/719/598
f 725/713/592 715/703/582 727/715/594
f 725/713/592 727/715/594 737/725/604
f 716/704/583 738/726/605 730/718/597
f 716/704/583 730/718/597 712/700/579
f 729/717/596 725/713/592 737/725/604
f 729/717/596 737/725/604 736/724/603
f 730/718/597 739/727/606 735/723/602
f 730/718/597 735/723/602 721/709/588
f 710/698/577 734/722/601 740/728/607
f 710/698/577 740/728/607 718/706/585
f 726/714/593 741/729/608 728/716/595
f 726/714/593 728/716/595 711/699/578
f 728/716/595 742/730/609 738/726/605
f 728/716/595 738/726/605 716/704/583
f 735/723/602 743/731/610 727/715/594
f 735/723/602 727/715/594 713/701/580
f 744/732/611 731/719/598 736/724/603
f 744/732/611 736/724/603 745/733/612
f 740/728/607 746/734/613 726/714/593
f 740/728/607 726/714/593 718/706/585
f 734/722/601 733/721/600 747/735/614
f 734/722/601 747/735/614 748/736/615
f 749/737/616 739/727/606 730/718/597
f 749/737/616 730/718/597 738/726/605
f 743/731/610 750/738/617 737/725/604
f 743/731/610 737/725/604 727/715/594
f 739/727/606 751/739/618 743/731/610
f 739/727/606 743/731/610 735/723/602
f 752/740/619 744/732/611 745/733/612
f 752/740/619 745/733/612 753/741/620
f 754/742/621 745/733/612 736/724/603
f 754/742/621 736/724/603 737/725/604
f 755/743/622 756/744/623 757/745/624
f 755/743/622 757/745/624 758/746/625
f 741/729/608 759/747/626 742/730/609
f 741/729/608 742/730/609 728/716/595
f 760/748/627 761/749/628 752/740/619
f 760/748/627 752/740/619 762/750/629
f 734/722/601 748/736/615 763/751/630
f 734/722/601 763/751/630 740/728/607
f 750/738/617 764/752/631 754/742/621
f 750/738/617 754/742/621 737/725/604
f 751/739/618 765/753/632 750/738/617
f 751/739/618 750/738/617 743/731/610
f 762/750/629 752/740/619 753/741/620
f 762/750/629 753/741/620 766/754/633
f 767/755/634 755/743/622 758/746/625
f 767/755/634 758/746/625 768/756/627
f 748/736/615 747/735/614 769/757/635
f 748/736/615 769/757/635 770/758/636
f 771/759/637 749/737/616 738/726/605
f 771/759/637 738/726/605 742/730/609
f 746/734/613 772/760/638 741/729/608
f 746/734/613 741/729/608 726/714/593
f 773/761/639 753/741/620 745/733/612
f 773/761/639 745/733/612 754/742/621
f 774/762/640 751/739/618 739/727/606
f 774/762/640 739/727/606 749/737/616
f 775/763/641 776/764/642 756/744/623
f 775/763/641 756/744/623 755/743/622
f 777/765/643 762/750/629 766/754/633
f 777/765/643 766/754/633 778/766/644
f 779/767/645 767/755/634 768/756/627
f 779/767/645 768/756/627 780/768/646
f 763/751/630 781/769/647 746/734/613
f 763/751/630 746/734/613 740/728/607
f 753/741/620 773/761/639 782/770/648
f 753/741/620 782/770/648 766/754/633
f 751/739/618 774/762/640 783/771/649
f 751/739/618 783/771/649 765/753/632
f 784/772/650 764/752/631 750/738/617
f 784/772/650 750/738/617 765/753/632
f 785/773/651 773/761/639 754/742/621
f 785/773/651 754/742/621 764/752/631
f 786/774/652 775/763/641 755/743/622
f 786/774/652 755/743/622 767/755/634
f 748/736/615 770/758/636 787/775/653
f 748/736/615 787/775/653 763/751/630
f 788/776/654 789/777/655 779/767/645
f 788/776/654 779/767/645 780/768/646
f 766/754/633 782/770/648 790/778/656
f 766/754/633 790/778/656 778/766/644
f 791/779/657 777/765/643 778/766/644
f 791/779/657 778/766/644 792/780/658
f 749/737/616 771/759/637 793/781/659
f 749/737/616 793/781/659 774/762/640
f 794/782/660 786/774/652 767/755/634
f 794/782/660 767/755/634 779/767/645
f 770/758/636 769/757/635 795/783/661
f 770/758/636 795/783/661 796/784/662
f 797/785/663 798/786/664 776/764/642
f 797/785/663 776/764/642 775/763/641
f 773/761/639 785/773/651 799/787/665
f 773/761/639 799/787/665 782/770/648
f 800/788/666 784/772/650 765/753/632
f 800/788/666 765/753/632 783/771/649
f 790/778/656 801/789/667 792/780/658
f 790/778/656 792/780/658 778/766/644
f 802/790/668 785/773/651 764/752/631
f 802/790/668 764/752/631 784/772/650
f 774/762/640 793/781/659 803/791/669
f 774/762/640 803/791/669 783/771/649
f 782/770/648 799/787/665 801/789/667
f 782/770/648 801/789/667 790/778/656
f 804/792/670 794/782/660 779/767/645
f 804/792/670 779/767/645 789/777/655
f 805/793/671 797/785/663 775/763/641
f 805/793/671 775/763/641 786/774/652
f 787/775/653 806/794/672 781/769/647
f 787/775/653 781/769/647 763/751/630
f 807/795/673 804/792/670 789/777/655
f 807/795/673 789/777/655 788/776/654
f 783/771/649 803/791/669 808/796/674
f 783/771/649 808/796/674 800/788/666
f 742/730/609 759/747/626 809/797/675
f 742/730/609 809/797/675 771/759/637
f 785/773/651 802/790/668 810/798/676
f 785/773/651 810/798/676 799/787/665
f 811/799/677 805/793/671 786/774/652
f 811/799/677 786/774/652 794/782/660
f 812/800/678 802/790/668 784/772/650
f 812/800/678 784/772/650 800/788/666
f 796/784/662 806/794/672 787/775/653
f 796/784/662 787/775/653 770/758/636
f 813/801/679 759/747/626 741/729/608
f 813/801/679 741/729/608 772/760/638
f 814/802/680 791/779/657 792/780/658
f 814/802/680 792/780/658 815/803/681
f 799/787/665 810/798/676 816/804/682
f 799/787/665 816/804/682 801/789/667
f 801/789/667 816/804/682 815/803/681
f 801/789/667 815/803/681 792/780/658
f 817/805/683 818/806/684 808/796/674
f 817/805/683 808/796/674 803/791/669
f 819/807/685 820/808/686 798/786/664
f 819/807/685 798/786/664 797/785/663
f 821/809/687 811/799/677 794/782/660
f 821/809/687 794/782/660 804/792/670
f 781/769/647 822/810/688 772/760/638
f 781/769/647 772/760/638 746/734/613
f 818/806/684 817/805/683 823/811/689
f 818/806/684 823/811/689 824/812/690
f 825/813/691 812/800/678 800/788/666
f 825/813/691 800/788/666 808/796/674
f 802/790/668 812/800/678 826/814/692
f 802/790/668 826/814/692 810/798/676
f 827/815/693 821/809/687 804/792/670
f 827/815/693 804/792/670 807/795/673
f 818/806/684 828/816/694 825/813/691
f 818/806/684 825/813/691 808/796/674
f 829/817/695 819/807/685 797/785/663
f 829/817/695 797/785/663 805/793/671
f 810/798/676 826/814/692 830/818/696
f 810/798/676 830/818/696 816/804/682
f 827/815/693 831/819/697 811/799/677
f 827/815/693 811/799/677 821/809/687
f 831/819/697 829/817/695 805/793/671
f 831/819/697 805/793/671 811/799/677
f 771/759/637 809/797/675 832/820/698
f 771/759/637 832/820/698 793/781/659
f 828/816/694 818/806/684 824/812/690
f 828/816/694 824/812/690 833/821/699
f 816/804/682 830/818/696 834/822/700
f 816/804/682 834/822/700 815/803/681
f 812/800/678 825/813/691 835/823/701
f 812/800/678 835/823/701 826/814/692
f 814/802/680 815/803/681 834/822/700
f 814/802/680 834/822/700 836/824/702
f 826/814/692 835/823/701 837/825/703
f 826/814/692 837/825/703 830/818/696
f 838/826/704 839/827/705 817/805/683
f 838/826/704 817/805/683 803/791/669
f 793/781/659 832/820/698 838/826/704
f 793/781/659 838/826/704 803/791/669
f 823/811/689 817/805/683 839/827/705
f 823/811/689 839/827/705 840/828/706
f 828/816/694 841/829/707 835/823/701
f 828/816/694 835/823/701 825/813/691
f 796/784/662 795/783/661 842/830/708
f 796/784/662 842/830/708 843/831/709
f 830/818/696 837/825/703 844/832/710
f 830/818/696 844/832/710 834/822/700
f 841/829/707 844/832/710 837/825/703
f 841/829/707 837/825/703 835/823/701
f 841/829/707 828/816/694 833/821/699
f 841/829/707 833/821/699 845/833/711
f 836/824/702 834/822/700 844/832/710
f 836/824/702 844/832/710 846/834/712
f 846/834/712 844/832/710 841/829/707
f 846/834/712 841/829/707 845/833/711
f 806/794/672 847/835/713 822/810/688
f 806/794/672 822/810/688 781/769/647
f 843/831/709 847/835/713 806/794/672
f 843/831/709 806/794/672 796/784/662
f 848/801/714 849/836/715 809/797/675
f 848/801/714 809/797/675 759/747/626
f 843/831/709 842/830/708 850/837/716
f 843/831/709 850/837/716 851/838/717
f 809/797/675 849/836/715 852/839/718
f 809/797/675 852/839/718 832/820/698
f 847/835/713 853/840/719 854/841/720
f 847/835/713 854/841/720 822/810/688
f 832/820/698 852/839/718 855/842/721
f 832/820/698 855/842/721 838/826/704
f 855/842/721 856/843/722 839/827/705
f 855/842/721 839/827/705 838/826/704
f 851/838/717 853/840/719 847/835/713
f 851/838/717 847/835/713 843/831/709
f 857/844/723 858/845/724 840/828/706
f 857/844/723 840/828/706 859/846/725
f 840/828/706 839/827/705 856/843/722
f 840/828/706 856/843/722 859/846/725
f 851/838/717 850/837/716 860/847/726
f 851/838/717 860/847/726 861/848/727
f 849/836/715 862/849/728 863/850/729
f 849/836/715 863/850/729 852/839/718
f 864/851/730 862/849/728 854/841/720
f 864/851/730 854/841/720 853/840/719
f 851/838/717 861/848/727 864/851/730
f 851/838/717 864/851/730 853/840/719
f 852/839/718 863/850/729 865/852/731
f 852/839/718 865/852/731 855/842/721
f 865/852/731 866/853/732 856/843/722
f 865/852/731 856/843/722 855/842/721
f 867/854/733 857/844/723 859/846/725
f 867/854/733 859/846/725 868/855/734
f 859/846/725 856/843/722 866/853/732
f 859/846/725 866/853/732 868/855/734
f 861/848/727 860/847/726 869/856/735
f 861/848/727 869/856/735 870/857/736
f 862/849/728 864/851/730 871/858/737
f 862/849/728 871/858/737 863/850/729
f 861/848/727 870/857/736 871/858/737
f 861/848/727 871/858/737 864/851/730
f 863/850/729 871/858/737 872/859/738
f 863/850/729 872/859/738 865/852/731
f 872/859/738 873/860/739 866/853/732
f 872/859/738 866/853/732 865/852/731
f 868/855/734 866/853/732 873/860/739
f 868/855/734 873/860/739 874/861/740
f 870/857/736 873/860/739 872/859/738
f 870/857/736 872/859/738 871/858/737
f 873/860/739 870/857/736 869/856/735
f 873/860/739 869/856/735 874/861/740
f 875/862/741 876/863/742 586/574/454
f 875/862/741 586/574/454 585/573/453
f 876/863/742 877/864/743 589/577/457
f 876/863/742 589/577/457 586/574/454
f 593/581/461 592/580/460 878/865/465
f 593/581/461 878/865/465 599/587/467
f 879/866/744 880/867/745 881/868/742
f 879/866/744 881/868/742 882/869/746
f 599/587/467 878/865/465 613/601/481
f 599/587/467 613/601/481 604/592/472
f 589/577/457 877/864/743 883/870/747
f 589/577/457 883/870/747 607/595/475
f 884/871/748 875/862/741 585/573/453
f 884/871/748 585/573/453 609/597/477
f 885/872/744 886/873/747 880/867/745
f 885/872/744 880/867/745 879/866/744
f 887/874/744 879/866/744 882/869/746
f 887/874/744 882/869/746 888/875/749
f 889/876/750 591/579/459 594/582/462
f 889/876/750 594/582/462 621/609/489
f 626/614/494 607/595/475 883/870/747
f 626/614/494 883/870/747 890/877/751
f 886/873/747 885/872/744 891/878/744
f 886/873/747 891/878/744 892/879/752
f 893/880/744 885/872/744 879/866/744
f 893/880/744 879/866/744 887/874/744
f 890/877/751 889/876/750 621/609/489
f 890/877/751 621/609/489 626/614/494
f 894/881/753 884/871/748 609/597/477
f 894/881/753 609/597/477 642/630/509
f 892/879/752 895/882/744 628/616/496
f 892/879/752 628/616/496 629/617/497
f 888/875/749 896/883/754 897/884/744
f 888/875/749 897/884/744 887/874/744
f 637/625/504 636/624/501 898/885/513
f 637/625/504 898/885/513 654/642/521
f 891/878/744 885/872/744 893/880/744
f 891/878/744 893/880/744 899/886/744
f 895/882/744 900/887/744 647/635/514
f 895/882/744 647/635/514 628/616/496
f 887/874/744 897/884/744 901/888/744
f 887/874/744 901/888/744 893/880/744
f 902/889/744 895/882/744 892/879/752
f 902/889/744 892/879/752 891/878/744
f 654/642/521 898/885/513 903/890/755
f 654/642/521 903/890/755 665/653/532
f 904/891/756 894/881/753 642/630/509
f 904/891/756 642/630/509 671/659/538
f 665/653/532 903/890/755 905/892/534
f 665/653/532 905/892/534 679/667/546
f 896/883/754 906/893/756 907/894/744
f 896/883/754 907/894/744 897/884/744
f 647/635/514 900/887/744 908/895/744
f 647/635/514 908/895/744 663/651/530
f 899/886/744 893/880/744 901/888/744
f 899/886/744 901/888/744 909/896/744
f 910/897/744 900/887/744 895/882/744
f 910/897/744 895/882/744 902/889/744
f 911/898/744 902/889/744 891/878/744
f 911/898/744 891/878/744 899/886/744
f 679/667/546 905/892/534 912/899/757
f 679/667/546 912/899/757 686/674/553
f 663/651/530 908/895/744 913/900/758
f 663/651/530 913/900/758 681/669/548
f 897/884/744 907/894/744 914/901/744
f 897/884/744 914/901/744 901/888/744
f 908/895/744 900/887/744 910/897/744
f 908/895/744 910/897/744 915/902/744
f 916/903/744 910/897/744 902/889/744
f 916/903/744 902/889/744 911/898/744
f 917/904/759 904/891/756 671/659/538
f 917/904/759 671/659/538 693/681/560
f 686/674/553 912/899/757 918/905/758
f 686/674/553 918/905/758 697/685/564
f 919/906/744 907/894/744 906/893/756
f 919/906/744 906/893/756 920/907/759
f 909/896/744 901/888/744 914/901/744
f 909/896/744 914/901/744 921/908/744
f 909/896/744 922/909/744 911/898/744
f 909/896/744 911/898/744 899/886/744
f 913/900/758 908/895/744 915/902/744
f 913/900/758 915/902/744 923/910/744
f 915/902/744 910/897/744 916/903/744
f 915/902/744 916/903/744 924/911/744
f 925/912/744 914/901/744 907/894/744
f 925/912/744 907/894/744 919/906/744
f 926/913/760 917/904/759 693/681/560
f 926/913/760 693/681/560 706/694/573
f 922/909/744 927/914/744 916/903/744
f 922/909/744 916/903/744 911/898/744
f 697/685/564 918/905/758 928/915/761
f 697/685/564 928/915/761 709/697/576
f 929/916/762 919/906/744 920/907/759
f 929/916/762 920/907/759 930/917/760
f 921/908/744 914/901/744 925/912/744
f 921/908/744 925/912/744 931/918/744
f 923/910/744 915/902/744 924/911/744
f 923/910/744 924/911/744 932/919/744
f 921/908/744 933/920/744 922/909/744
f 921/908/744 922/909/744 909/896/744
f 916/903/744 927/914/744 934/921/744
f 916/903/744 934/921/744 924/911/744
f 935/922/763 913/900/758 923/910/744
f 935/922/763 923/910/744 936/923/744
f 719/707/586 723/711/590 926/913/760
f 719/707/586 926/913/760 706/694/573
f 937/924/589 925/912/744 919/906/744
f 937/924/589 919/906/744 929/916/762
f 933/920/744 938/925/744 927/914/744
f 933/920/744 927/914/744 922/909/744
f 931/918/744 925/912/744 937/924/589
f 931/918/744 937/924/589 939/926/764
f 924/911/744 934/921/744 940/927/744
f 924/911/744 940/927/744 932/919/744
f 941/928/744 933/920/744 921/908/744
f 941/928/744 921/908/744 931/918/744
f 936/923/744 923/910/744 932/919/744
f 936/923/744 932/919/744 942/929/744
f 709/697/576 928/915/761 943/930/765
f 709/697/576 943/930/765 733/721/600
f 927/914/744 938/925/744 944/931/744
f 927/914/744 944/931/744 934/921/744
f 945/932/744 938/925/744 933/920/744
f 945/932/744 933/920/744 941/928/744
f 946/933/766 935/922/763 936/923/744
f 946/933/766 936/923/744 947/934/744
f 948/935/744 941/928/744 931/918/744
f 948/935/744 931/918/744 939/926/764
f 934/921/744 944/931/744 949/936/744
f 934/921/744 949/936/744 940/927/744
f 950/937/767 732/720/599 731/719/598
f 950/937/767 731/719/598 744/732/611
f 940/927/744 951/938/744 942/929/744
f 940/927/744 942/929/744 932/919/744
f 952/939/744 944/931/744 938/925/744
f 952/939/744 938/925/744 945/932/744
f 953/940/744 945/932/744 941/928/744
f 953/940/744 941/928/744 948/935/744
f 756/744/623 948/935/744 939/926/764
f 756/744/623 939/926/764 757/745/624
f 733/721/600 943/930/765 954/941/768
f 733/721/600 954/941/768 747/735/614
f 752/740/619 761/749/628 950/937/767
f 752/740/619 950/937/767 744/732/611
f 947/934/744 936/923/744 942/929/744
f 947/934/744 942/929/744 955/942/744
f 956/943/769 946/933/766 947/934/744
f 956/943/769 947/934/744 957/944/744
f 776/764/642 953/940/744 948/935/744
f 776/764/642 948/935/744 756/744/623
f 958/945/744 952/939/744 945/932/744
f 958/945/744 945/932/744 953/940/744
f 959/946/744 949/936/744 944/931/744
f 959/946/744 944/931/744 952/939/744
f 747/735/614 954/941/768 960/947/770
f 747/735/614 960/947/770 769/757/635
f 949/936/744 961/948/744 951/938/744
f 949/936/744 951/938/744 940/927/744
f 962/949/771 760/748/627 762/750/629
f 962/949/771 762/750/629 777/765/643
f 958/945/744 953/940/744 776/764/642
f 958/945/744 776/764/642 798/786/664
f 963/950/772 956/943/769 957/944/744
f 963/950/772 957/944/744 964/951/773
f 965/952/774 959/946/744 952/939/744
f 965/952/774 952/939/744 958/945/744
f 951/938/744 966/953/744 955/942/744
f 951/938/744 955/942/744 942/929/744
f 967/954/775 962/949/771 777/765/643
f 967/954/775 777/765/643 791/779/657
f 957/944/744 947/934/744 955/942/744
f 957/944/744 955/942/744 968/955/744
f 769/757/635 960/947/770 969/956/776
f 769/757/635 969/956/776 795/783/661
f 965/952/774 958/945/744 798/786/664
f 965/952/774 798/786/664 820/808/686
f 961/948/744 949/936/744 959/946/744
f 961/948/744 959/946/744 970/957/744
f 971/958/673 967/954/775 791/779/657
f 971/958/673 791/779/657 814/802/680
f 972/959/777 973/960/778 824/812/690
f 972/959/777 824/812/690 823/811/689
f 964/951/773 957/944/744 968/955/744
f 964/951/773 968/955/744 974/961/779
f 961/948/744 975/962/744 966/953/744
f 961/948/744 966/953/744 951/938/744
f 970/957/744 959/946/744 965/952/774
f 970/957/744 965/952/774 976/963/780
f 824/812/690 973/960/778 977/964/781
f 824/812/690 977/964/781 833/821/699
f 978/965/693 971/958/673 814/802/680
f 978/965/693 814/802/680 836/824/702
f 966/953/744 979/966/744 968/955/744
f 966/953/744 968/955/744 955/942/744
f 795/783/661 969/956/776 980/967/782
f 795/783/661 980/967/782 842/830/708
f 981/968/783 978/965/693 836/824/702
f 981/968/783 836/824/702 846/834/712
f 833/821/699 977/964/781 982/969/784
f 833/821/699 982/969/784 845/833/711
f 840/828/706 858/845/724 972/959/777
f 840/828/706 972/959/777 823/811/689
f 982/969/784 981/968/783 846/834/712
f 982/969/784 846/834/712 845/833/711
f 975/962/744 961/948/744 970/957/744
f 975/962/744 970/957/744 983/970/744
f 979/966/744 984/971/785 974/961/779
f 979/966/744 974/961/779 968/955/744
f 975/962/744 985/972/744 979/966/744
f 975/962/744 979/966/744 966/953/744
f 842/830/708 980/967/782 986/973/785
f 842/830/708 986/973/785 850/837/716
f 983/970/744 970/957/744 976/963/780
f 983/970/744 976/963/780 987/974/786
f 985/972/744 988/975/787 984/971/785
f 985/972/744 984/971/785 979/966/744
f 989/976/744 985/972/744 975/962/744
f 989/976/744 975/962/744 983/970/744
f 850/837/716 986/973/785 990/977/788
f 850/837/716 990/977/788 860/847/726
f 991/978/789 989/976/744 983/970/744
f 991/978/789 983/970/744 987/974/786
f 992/979/790 988/975/787 985/972/744
f 992/979/790 985/972/744 989/976/744
f 860/847/726 990/977/788 993/980/790
f 860/847/726 993/980/790 869/856/735
f 994/981/791 992/979/790 989/976/744
f 994/981/791 989/976/744 991/978/789
f 995/982/792 867/854/733 868/855/734
f 995/982/792 868/855/734 874/861/740
f 869/856/735 993/980/790 995/982/792
f 869/856/735 995/982/792 874/861/740
f 996/801/793 772/760/638 822/810/688
f 996/801/793 822/810/688 854/841/720
f 862/849/728 849/836/715 997/801/794
f 862/849/728 997/801/794 854/841/720
o Metal_top_R_low_lambert2_0
v 0.110818 0.901357 0.093876
v 0.084383 0.915936 0.095324
v 0.078339 0.904147 0.105819
v 0.101618 0.891422 0.104525
v 0.120344 0.879443 0.093353
v 0.110069 0.872110 0.103797
v 0.237209 0.775186 0.073404
v 0.200364 0.796263 0.078955
v 0.200846 0.796263 0.087764
v 0.237691 0.775186 0.082213
v 0.235472 0.753557 0.075854
v 0.237209 0.775186 0.073404
v 0.265576 0.751344 0.070291
v 0.263024 0.735891 0.073501
v 0.266058 0.751344 0.079100
v 0.225691 0.767237 0.091977
v 0.251262 0.746018 0.089094
v 0.278732 0.728987 0.074314
v 0.275227 0.724344 0.075014
v 0.279214 0.728987 0.083123
v 0.262586 0.726555 0.092426
v 0.191079 0.786261 0.097434
v 0.121567 0.850199 0.093286
v 0.111943 0.842772 0.104150
v 0.042331 0.924824 0.097629
v 0.040126 0.911952 0.107813
v 0.199662 0.771347 0.079582
v 0.200364 0.796263 0.078955
v 0.280949 0.707265 0.078140
v 0.278732 0.728987 0.074314
v 0.281432 0.707265 0.086950
v 0.280949 0.707265 0.078140
v 0.275367 0.710503 0.077107
v 0.261811 0.716870 0.075565
v 0.234077 0.730915 0.077108
v 0.264277 0.708729 0.095631
v 0.162256 0.810329 0.091057
v 0.152630 0.799138 0.101824
v 0.091391 0.884739 0.111299
v 0.073842 0.891225 0.115275
v 0.095739 0.868452 0.113904
v 0.115228 0.810038 0.105301
v 0.122793 0.820890 0.093219
v 0.162688 0.783261 0.082197
v 0.161773 0.810329 0.082247
v 0.237923 0.743772 0.096622
v 0.217508 0.757216 0.100436
v 0.273739 0.695240 0.075096
v 0.276500 0.685331 0.074436
v 0.199046 0.746177 0.079910
v 0.261009 0.694959 0.073611
v 0.276500 0.685331 0.074436
v 0.276983 0.685331 0.083246
v 0.099365 0.837803 0.115889
v 0.184885 0.774507 0.105606
v 0.242865 0.729462 0.100542
v 0.038402 0.897901 0.118409
v -0.013906 0.926354 0.100711
v -0.012913 0.913187 0.110687
v 0.233363 0.706245 0.075969
v 0.260949 0.692419 0.092368
v 0.261732 0.673119 0.070501
v 0.163603 0.756194 0.082147
v 0.072706 0.872579 0.123434
v 0.216957 0.743047 0.106285
v 0.244388 0.714218 0.103164
v 0.147281 0.786258 0.110542
v 0.107507 0.799790 0.118033
v 0.198600 0.720500 0.079640
v 0.262214 0.673119 0.079311
v 0.249127 0.684352 0.088893
v 0.185839 0.759248 0.110782
v 0.232992 0.680561 0.073635
v 0.242373 0.701452 0.100251
v 0.075051 0.842018 0.130309
v 0.219028 0.727758 0.108400
v -0.012346 0.898806 0.121587
v 0.037921 0.877924 0.131116
v 0.164518 0.729127 0.082097
v 0.237716 0.694964 0.096130
v 0.233475 0.680561 0.082444
v 0.225336 0.691250 0.091463
v 0.198240 0.694570 0.079071
v 0.189106 0.742690 0.112475
v 0.150486 0.770001 0.115160
v 0.218710 0.714373 0.105655
v -0.069911 0.921018 0.103780
v -0.065743 0.908362 0.113615
v 0.219610 0.702376 0.099520
v 0.079352 0.805506 0.135276
v -0.012451 0.878365 0.135807
v 0.189850 0.727043 0.110197
v 0.040416 0.846395 0.142511
v 0.155526 0.752358 0.116528
v 0.198723 0.694570 0.087881
v 0.194028 0.703210 0.096907
v 0.165433 0.702059 0.082047
v 0.190637 0.713488 0.104743
v 0.115294 0.776786 0.122688
v 0.155683 0.735323 0.115494
v -0.062830 0.894468 0.123957
v 0.165916 0.702059 0.090856
v 0.159657 0.710325 0.102058
v 0.155534 0.720708 0.111018
v 0.045193 0.809397 0.149226
v 0.121102 0.757265 0.123706
v -0.010870 0.846253 0.148801
v 0.084655 0.781083 0.136633
v -0.111266 0.909302 0.106046
v -0.103330 0.897987 0.115774
v 0.120469 0.738314 0.123816
v -0.062375 0.874454 0.136638
v 0.134083 0.706288 0.092601
v 0.127009 0.708249 0.106544
v 0.118629 0.708914 0.120234
v 0.088645 0.757915 0.137155
v -0.097482 0.885415 0.124664
v -0.007287 0.808680 0.156237
v 0.088470 0.735117 0.137430
v -0.061921 0.842239 0.148370
v 0.047856 0.782690 0.150377
v -0.136657 0.892966 0.107437
v -0.125699 0.883714 0.116983
v -0.095813 0.866740 0.132743
v 0.141949 0.621941 0.092170
v 0.131253 0.629449 0.105155
v 0.087934 0.696581 0.137157
v 0.049508 0.756241 0.150451
v -0.060217 0.804146 0.155617
v -0.114595 0.877754 0.122587
v -0.095856 0.834999 0.140410
v 0.050145 0.729873 0.150476
v -0.117888 0.861132 0.125723
v 0.115803 0.632390 0.119368
v -0.144555 0.870366 0.107870
v -0.132900 0.863806 0.117190
v -0.005820 0.781408 0.157301
v -0.145046 0.870372 0.099061
v -0.143870 0.840808 0.098997
v -0.143394 0.840812 0.107807
v -0.119900 0.829616 0.129004
v 0.090843 0.626197 0.136037
v -0.095726 0.796584 0.146673
v 0.050980 0.688642 0.150432
v -0.133134 0.833816 0.118351
v -0.004956 0.754175 0.157172
v -0.143053 0.811440 0.098952
v -0.142627 0.811481 0.107765
v 0.148571 0.550933 0.091807
v 0.137567 0.557412 0.103550
v -0.060021 0.777957 0.156698
v -0.134764 0.800190 0.120993
v -0.125923 0.790662 0.133598
v -0.004047 0.726721 0.157095
v -0.059825 0.752231 0.156460
v 0.121359 0.559683 0.117218
v 0.053227 0.617606 0.150300
v -0.002617 0.684597 0.157119
v -0.098391 0.773056 0.147864
v -0.176515 0.814395 0.109622
v -0.169605 0.801815 0.120187
v 0.094741 0.553537 0.134737
v 0.152705 0.506602 0.091580
v 0.141584 0.512439 0.103918
v -0.058563 0.725845 0.156096
v -0.130937 0.770511 0.137744
v -0.100174 0.750920 0.147461
v -0.211281 0.821107 0.110349
v -0.205690 0.808489 0.118830
v -0.165305 0.788345 0.128725
v -0.211869 0.794824 0.101546
v -0.211779 0.821118 0.101541
v -0.176947 0.814358 0.100809
v -0.177816 0.787179 0.100857
v 0.000505 0.613782 0.157256
v -0.211779 0.821118 0.101541
v -0.247382 0.834763 0.099960
v -0.246899 0.834763 0.108769
v 0.124968 0.514292 0.118462
v -0.166267 0.773122 0.133211
v -0.133918 0.752030 0.137580
v -0.237794 0.820251 0.116840
v -0.244901 0.807747 0.099824
v -0.247382 0.834763 0.099960
v 0.155595 0.475609 0.091422
v 0.133852 0.485984 0.107835
v -0.056532 0.684394 0.155795
v 0.055879 0.545359 0.150142
v -0.201687 0.795317 0.126266
v -0.097863 0.727431 0.146290
v -0.212428 0.768971 0.101576
v -0.178821 0.760098 0.100912
v -0.275809 0.842205 0.108795
v -0.261610 0.827063 0.116882
v -0.271126 0.818255 0.099044
v -0.276292 0.842205 0.099985
v 0.097234 0.508175 0.135009
v -0.231179 0.806239 0.124218
v -0.130661 0.731774 0.135641
v -0.167634 0.756380 0.134151
v -0.200718 0.780936 0.131605
v -0.244189 0.782411 0.099785
v 0.121354 0.493510 0.120152
v -0.290542 0.829993 0.105511
v -0.284266 0.818307 0.102535
v -0.249389 0.814274 0.122821
v -0.290059 0.829993 0.114320
v -0.272993 0.819001 0.121629
v -0.094439 0.687983 0.145038
v -0.269871 0.795401 0.099305
v 0.110606 0.462545 0.093887
v 0.104829 0.469503 0.115218
v -0.213910 0.743985 0.101658
v -0.179926 0.733090 0.100973
v -0.229698 0.793333 0.130217
v -0.164605 0.738396 0.132055
v -0.253563 0.807037 0.127426
v -0.200275 0.765450 0.133770
v -0.126612 0.698992 0.130168
v -0.284799 0.802600 0.103880
v -0.247010 0.760435 0.099939
v 0.100029 0.482651 0.130600
v -0.294559 0.808060 0.109679
v -0.163321 0.722720 0.127020
v -0.052415 0.614453 0.155661
v -0.229812 0.780009 0.132979
v -0.273141 0.777324 0.099155
v -0.197608 0.748791 0.131670
v 0.003865 0.542143 0.156163
v -0.294077 0.808060 0.118488
v -0.275944 0.802692 0.125236
v -0.255256 0.794273 0.130541
v -0.137187 0.697574 0.118528
v -0.170027 0.712982 0.119146
v -0.215882 0.719455 0.101766
v -0.181213 0.706212 0.101043
v -0.285754 0.789204 0.102616
v 0.057780 0.500404 0.150031
v -0.180781 0.706249 0.109855
v -0.146693 0.696767 0.107987
v -0.197501 0.734369 0.126389
v -0.228072 0.764807 0.130647
v -0.292774 0.786338 0.105633
v -0.204615 0.725501 0.119006
v -0.251599 0.740139 0.100191
v -0.254181 0.779145 0.127774
v -0.280136 0.763980 0.100196
v -0.090978 0.619135 0.144291
v -0.215438 0.719482 0.110577
v -0.274614 0.784866 0.121865
v -0.229155 0.751540 0.124885
v -0.292291 0.786338 0.114442
v -0.249680 0.765575 0.123330
v -0.117573 0.622587 0.129592
v -0.134602 0.619563 0.118014
v -0.146790 0.613336 0.107993
v -0.238175 0.744340 0.117379
v 0.061134 0.452272 0.096598
v 0.060076 0.460596 0.123278
v -0.263706 0.765397 0.117310
v -0.251202 0.740201 0.109005
v -0.279653 0.763980 0.109006
v 0.058918 0.474676 0.143309
v -0.049054 0.542982 0.155673
v 0.003865 0.542143 0.156163
v 0.004050 0.448410 0.099726
v 0.005494 0.457086 0.128672
v -0.089358 0.548000 0.143945
v 0.005728 0.497206 0.157532
v 0.006217 0.471420 0.150362
v -0.117823 0.551799 0.129005
v -0.135435 0.548895 0.117630
v -0.147301 0.613318 0.099185
v -0.148074 0.542658 0.099227
v -0.147560 0.542677 0.108035
v -0.053918 0.449889 0.102903
v -0.050129 0.458267 0.129317
v -0.088791 0.503281 0.144855
v -0.047455 0.498057 0.155707
v -0.047605 0.472381 0.149124
v -0.118240 0.507358 0.131284
v -0.136263 0.504542 0.118793
v -0.148893 0.498339 0.099272
v -0.148410 0.498339 0.108081
v -0.103658 0.457097 0.105629
v -0.096019 0.464538 0.126273
v -0.090400 0.477949 0.140953
v -0.113206 0.487222 0.132765
v -0.126504 0.478997 0.122022
v -0.149201 0.467221 0.108125
v 0.110336 0.901357 0.085066
v 0.083900 0.915936 0.086515
v 0.119861 0.879443 0.084544
v 0.265576 0.751344 0.070291
v 0.084948 0.887969 0.086457
v 0.083900 0.915936 0.086515
v 0.110336 0.901357 0.085066
v 0.119861 0.879443 0.084544
v 0.121084 0.850199 0.084477
v 0.041848 0.924824 0.088820
v 0.086285 0.853514 0.086384
v 0.121084 0.850199 0.084477
v 0.042920 0.893870 0.088761
v 0.041848 0.924824 0.088820
v 0.161773 0.810329 0.082247
v 0.122310 0.820890 0.084410
v 0.122310 0.820890 0.084410
v 0.087738 0.818439 0.086304
v 0.044247 0.855900 0.088688
v -0.014389 0.926354 0.091901
v 0.125586 0.789617 0.084230
v -0.013309 0.894405 0.091842
v -0.014389 0.926354 0.091901
v 0.261732 0.673119 0.070501
v 0.045610 0.817569 0.088613
v 0.127702 0.761295 0.084114
v -0.011985 0.855263 0.091769
v 0.089391 0.790730 0.086214
v 0.232992 0.680561 0.073635
v -0.070393 0.921018 0.094970
v 0.198240 0.694570 0.079071
v -0.069372 0.890062 0.094914
v -0.070393 0.921018 0.094970
v 0.129818 0.732973 0.083998
v -0.010653 0.815848 0.091696
v 0.091295 0.761808 0.086109
v 0.046752 0.789061 0.088550
v 0.165433 0.702059 0.082047
v 0.133600 0.706288 0.083791
v -0.068131 0.852089 0.094846
v 0.093200 0.732886 0.086005
v 0.047969 0.759935 0.088484
v -0.111749 0.909302 0.097237
v 0.133600 0.706288 0.083791
v -0.110906 0.881327 0.097190
v -0.111749 0.909302 0.097237
v -0.066903 0.813754 0.094779
v -0.009680 0.787073 0.091643
v 0.096002 0.689127 0.085852
v 0.049185 0.730810 0.088417
v -0.109912 0.846861 0.097136
v -0.137139 0.892966 0.098628
v -0.008693 0.757880 0.091589
v 0.141466 0.621941 0.083360
v -0.145046 0.870372 0.099061
v -0.137139 0.892966 0.098628
v -0.108994 0.811768 0.097085
v 0.051025 0.686162 0.088316
v -0.066117 0.785233 0.094736
v -0.007706 0.728687 0.091535
v 0.141466 0.621941 0.083360
v 0.100596 0.615691 0.085600
v -0.143870 0.840808 0.098997
v -0.065364 0.756092 0.094694
v -0.143053 0.811440 0.098952
v -0.006186 0.683742 0.091452
v -0.108771 0.784010 0.097073
v 0.054112 0.610466 0.088147
v 0.148088 0.550933 0.082997
v -0.064610 0.726952 0.094653
v -0.108718 0.755026 0.097070
v 0.148088 0.550933 0.082997
v 0.105219 0.541376 0.085346
v -0.143811 0.784271 0.098993
v -0.063431 0.682281 0.094589
v -0.176947 0.814358 0.100809
v -0.002799 0.607784 0.091266
v -0.108665 0.726041 0.097067
v -0.144610 0.755954 0.099037
v 0.152222 0.506602 0.082771
v 0.057280 0.533699 0.087974
v 0.152222 0.506602 0.082771
v 0.108152 0.494981 0.086041
v -0.145654 0.727814 0.099094
v -0.108504 0.682192 0.097059
v 0.155113 0.475609 0.082612
v -0.059618 0.607636 0.094380
v -0.276292 0.842205 0.099985
v 0.155113 0.475609 0.082612
v 0.110124 0.462545 0.085078
v -0.147176 0.696767 0.099178
v 0.000787 0.530750 0.091069
v -0.290542 0.829993 0.105511
v 0.059421 0.485872 0.087856
v 0.110124 0.462545 0.085078
v -0.106050 0.609883 0.096924
v -0.294559 0.808060 0.109679
v -0.181213 0.706212 0.101043
v -0.147176 0.696767 0.099178
v 0.060596 0.452239 0.087792
v -0.056589 0.531393 0.094214
v -0.147301 0.613318 0.099185
v -0.215882 0.719455 0.101766
v -0.292774 0.786338 0.105633
v 0.002550 0.482367 0.090973
v 0.060596 0.452239 0.087792
v -0.280136 0.763980 0.100196
v -0.251599 0.740139 0.100191
v -0.104677 0.536016 0.096849
v 0.003508 0.448373 0.090920
v -0.055217 0.483476 0.094138
v 0.003508 0.448373 0.090920
v -0.148074 0.542658 0.099227
v -0.054451 0.449858 0.094096
v -0.104260 0.489601 0.097719
v -0.054451 0.449858 0.094096
v -0.148893 0.498339 0.099272
v -0.104179 0.457073 0.096822
v -0.104179 0.457073 0.096822
v -0.149683 0.467221 0.099315
v -0.149683 0.467221 0.099315
v 0.003865 0.542143 0.156163
v 0.003865 0.542143 0.156163
vn 0.6360 0.6718 0.3797
vn 0.3191 0.8605 0.3973
vn 0.2251 0.5519 0.8030
vn 0.4252 0.3970 0.8134
vn 0.9052 0.2458 0.3467
vn 0.5974 0.1325 0.7909
vn -0.0318 0.1191 -0.9924
vn -0.0177 0.1615 -0.9867
vn 0.4257 0.7970 0.4285
vn 0.5539 0.7227 0.4134
vn -0.1397 -0.0667 -0.9879
vn -0.0318 0.1189 -0.9924
vn 0.0466 0.0711 -0.9964
vn -0.1087 -0.1084 -0.9881
vn 0.6823 0.6153 0.3949
vn 0.3819 0.4074 0.8295
vn 0.4099 0.3821 0.8282
vn 0.5622 0.0666 -0.8243
vn 0.0212 -0.1480 -0.9888
vn 0.8143 0.3491 0.4637
vn 0.4180 0.2836 0.8630
vn 0.3072 0.4640 0.8308
vn 0.9429 0.0392 0.3308
vn 0.6435 0.0521 0.7637
vn 0.1191 0.9039 0.4109
vn 0.1034 0.5953 0.7968
vn -0.1048 -0.0266 -0.9941
vn 0.8094 -0.0160 -0.5870
vn 0.5621 0.0666 -0.8244
vn 0.8346 -0.0449 0.5491
vn 0.8095 -0.0160 -0.5868
vn 0.1086 0.0011 -0.9941
vn -0.0280 0.0051 -0.9996
vn -0.0873 -0.0033 -0.9962
vn 0.3896 -0.0329 0.9204
vn 0.3040 0.8559 0.4184
vn 0.2599 0.5408 0.8000
vn 0.3771 0.3579 0.8542
vn 0.2353 0.4899 0.8394
vn 0.4810 0.1834 0.8573
vn 0.4559 0.4386 0.7744
vn 0.5769 0.6671 0.4713
vn -0.0655 -0.0043 -0.9978
vn -0.0107 0.1634 -0.9865
vn 0.3959 0.3667 0.8419
vn 0.3533 0.3715 0.8586
vn 0.1564 0.1134 -0.9812
vn 0.5013 -0.1231 -0.8565
vn -0.0809 -0.0029 -0.9967
vn -0.0036 0.1013 -0.9948
vn 0.5012 -0.1232 -0.8565
vn 0.7314 -0.4880 0.4763
vn 0.5557 0.1199 0.8227
vn 0.2768 0.3873 0.8794
vn 0.3616 0.2619 0.8948
vn 0.1127 0.5688 0.8147
vn -0.0076 0.9062 0.4228
vn 0.0235 0.6043 0.7964
vn -0.0758 0.0631 -0.9951
vn 0.2627 -0.3850 0.8848
vn -0.0015 -0.1476 -0.9890
vn -0.0609 -0.0008 -0.9981
vn 0.3127 0.3637 0.8775
vn 0.2924 0.2509 0.9228
vn 0.2676 -0.0262 0.9632
vn 0.2624 0.4082 0.8744
vn 0.4612 0.3010 0.8347
vn -0.0815 0.0243 -0.9964
vn 0.1473 -0.9334 0.3271
vn 0.0088 -0.6228 0.7823
vn 0.2277 0.2399 0.9437
vn -0.1431 -0.1011 -0.9845
vn 0.1280 -0.3522 0.9271
vn 0.4020 0.2384 0.8841
vn 0.1758 -0.0031 0.9844
vn 0.0247 0.5936 0.8044
vn 0.1474 0.4897 0.8593
vn -0.0627 0.0038 -0.9980
vn -0.0321 -0.5579 0.8293
vn -0.2705 -0.9234 0.2725
vn -0.1350 -0.6797 0.7210
vn -0.1456 -0.1214 -0.9819
vn 0.1480 0.0171 0.9888
vn 0.2227 0.2236 0.9489
vn 0.0332 -0.3079 0.9508
vn -0.1343 0.8953 0.4248
vn -0.0553 0.5918 0.8042
vn -0.0682 -0.5404 0.8386
vn 0.4470 0.1653 0.8791
vn 0.0284 0.5261 0.8500
vn 0.0708 -0.2414 0.9678
vn 0.1932 0.3354 0.9220
vn 0.1802 0.0391 0.9829
vn -0.2607 -0.9247 0.2775
vn -0.0847 -0.6914 0.7174
vn -0.0957 -0.1501 -0.9840
vn 0.0024 -0.4974 0.8675
vn 0.3513 0.2060 0.9133
vn 0.1818 -0.1516 0.9716
vn -0.0613 0.5708 0.8188
vn -0.1530 -0.9607 0.2314
vn 0.0609 -0.7871 0.6138
vn 0.1911 -0.4262 0.8842
vn 0.2318 0.1089 0.9666
vn 0.3079 0.0602 0.9495
vn 0.0370 0.3590 0.9326
vn 0.3976 0.1272 0.9087
vn -0.3312 0.8384 0.4329
vn -0.1737 0.5411 0.8228
vn 0.3446 -0.0717 0.9360
vn -0.0897 0.4903 0.8669
vn 0.9051 -0.2881 0.3128
vn 0.7210 -0.2268 0.6547
vn 0.5381 -0.0809 0.8390
vn 0.3587 0.0455 0.9323
vn -0.1807 0.4884 0.8537
vn 0.0560 0.0895 0.9944
vn 0.3714 -0.0172 0.9283
vn -0.1214 0.3249 0.9379
vn 0.2204 0.0478 0.9742
vn -0.6347 0.6287 0.4493
vn -0.3621 0.3732 0.8542
vn -0.2567 0.3633 0.8956
vn 0.9593 0.0866 0.2688
vn 0.7521 0.0326 0.6582
vn 0.4172 -0.0106 0.9088
vn 0.2087 0.0142 0.9779
vn -0.1150 0.0864 0.9896
vn -0.3155 0.3448 0.8841
vn -0.3377 0.2241 0.9142
vn 0.2084 0.0023 0.9780
vn -0.4193 0.1726 0.8913
vn 0.6053 0.0058 0.7960
vn -0.8771 0.1855 0.4431
vn -0.5239 0.1052 0.8453
vn 0.0579 0.0222 0.9981
vn -0.1927 0.0263 -0.9809
vn -0.1706 -0.0030 -0.9853
vn -0.9059 -0.0218 0.4229
vn -0.4979 0.1125 0.8599
vn 0.4359 0.0045 0.9000
vn -0.3294 0.1248 0.9359
vn 0.2187 0.0032 0.9758
vn -0.5817 0.0386 0.8125
vn 0.0556 -0.0023 0.9984
vn -0.0803 0.0545 -0.9953
vn -0.3614 0.7584 0.5424
vn 0.9519 0.0863 0.2940
vn 0.6938 0.0430 0.7189
vn -0.1005 0.0202 0.9947
vn -0.3032 0.5159 0.8012
vn -0.3285 0.2722 0.9044
vn 0.0517 -0.0016 0.9987
vn -0.1010 -0.0157 0.9948
vn 0.5920 0.0231 0.8056
vn 0.2436 0.0051 0.9699
vn 0.0503 0.0012 0.9987
vn -0.2742 0.0583 0.9599
vn 0.1586 0.9112 0.3803
vn 0.0506 0.6280 0.7766
vn 0.4437 0.0106 0.8961
vn 0.9203 0.0775 0.3834
vn 0.6531 0.0014 0.7573
vn -0.1156 -0.0202 0.9931
vn -0.2174 0.1220 0.9684
vn -0.2572 -0.0358 0.9657
vn 0.2584 0.8853 0.3866
vn 0.1199 0.5610 0.8191
vn -0.0283 0.4360 0.8995
vn 0.0133 0.0006 -0.9999
vn 0.0678 0.1642 -0.9841
vn -0.0107 0.1586 -0.9873
vn -0.0383 -0.0004 -0.9993
vn 0.0505 0.0027 0.9987
vn 0.0679 0.1643 -0.9841
vn 0.0937 0.2031 -0.9747
vn 0.2829 0.8904 0.3567
vn 0.5842 -0.0120 0.8115
vn -0.0547 0.1716 0.9836
vn -0.2023 -0.0491 0.9781
vn 0.1629 0.5505 0.8188
vn 0.0387 0.0045 -0.9992
vn 0.0937 0.2029 -0.9747
vn 0.6823 -0.6378 0.3573
vn 0.5345 -0.3681 0.7608
vn -0.1309 -0.0096 0.9913
vn 0.2847 0.0055 0.9586
vn 0.0762 0.4386 0.8954
vn -0.2983 -0.0756 0.9515
vn 0.0119 -0.0032 -0.9999
vn -0.0386 -0.0006 -0.9993
vn -0.0868 0.9095 0.4066
vn 0.0866 0.5235 0.8476
vn -0.0709 0.0046 -0.9975
vn -0.0963 0.2749 -0.9566
vn 0.4434 -0.0462 0.8951
vn 0.1354 0.4720 0.8711
vn -0.2698 -0.1518 0.9509
vn -0.0706 -0.0374 0.9968
vn 0.0348 0.2353 0.9713
vn 0.0398 -0.0034 -0.9992
vn 0.5735 -0.2218 0.7886
vn -0.6074 0.1736 -0.7752
vn -0.3787 -0.0315 -0.9250
vn 0.1231 0.4929 0.8614
vn -0.6335 0.4922 0.5970
vn -0.1138 0.3592 0.9263
vn -0.3512 -0.0383 0.9355
vn -0.0536 0.0049 -0.9986
vn 0.2536 -0.9304 0.2647
vn 0.3548 -0.7517 0.5560
vn 0.0083 -0.0065 -0.9999
vn -0.0390 -0.0008 -0.9992
vn 0.0713 0.2971 0.9522
vn -0.1297 -0.2082 0.9695
vn -0.0037 0.3343 0.9425
vn -0.0380 -0.0176 0.9991
vn -0.4644 -0.1161 0.8780
vn -0.3578 0.0166 -0.9336
vn 0.0269 -0.0161 -0.9995
vn 0.4282 -0.4147 0.8029
vn -0.8132 0.0198 -0.5817
vn -0.2249 -0.3865 0.8944
vn -0.1554 -0.0047 0.9878
vn -0.0684 0.0013 0.9977
vn -0.0659 -0.0017 -0.9978
vn -0.1273 -0.2441 0.9613
vn 0.1352 0.0031 0.9908
vn -0.7591 0.0635 0.6479
vn -0.2800 0.0295 0.9596
vn -0.1625 0.0190 0.9865
vn -0.6026 -0.2154 0.7684
vn -0.2819 -0.6345 0.7197
vn -0.0926 -0.1909 -0.9772
vn -0.0979 -0.1611 -0.9821
vn -0.3095 0.0693 -0.9484
vn 0.2729 -0.1069 0.9561
vn -0.3075 -0.8961 0.3200
vn -0.8394 -0.3339 0.4288
vn -0.2029 -0.4242 0.8825
vn -0.1978 -0.2581 0.9456
vn -0.7097 -0.1078 -0.6962
vn -0.2636 -0.5415 0.7983
vn -0.1101 -0.2114 -0.9712
vn -0.2848 -0.2726 0.9190
vn -0.2789 -0.2230 -0.9341
vn -0.3633 -0.0132 0.9316
vn -0.4151 -0.8258 0.3817
vn -0.3637 -0.2954 0.8834
vn -0.2842 -0.4093 0.8670
vn -0.7825 -0.3407 0.5212
vn -0.3363 -0.3988 0.8531
vn -0.5156 -0.0182 0.8566
vn -0.6206 -0.0048 0.7841
vn -0.9113 0.0229 0.4112
vn -0.3365 -0.4744 0.8135
vn 0.1461 -0.9720 0.1841
vn 0.1869 -0.8673 0.4613
vn -0.3697 -0.4258 0.8258
vn -0.5332 -0.7497 0.3919
vn -0.6625 -0.6289 0.4069
vn 0.2405 -0.5250 0.8164
vn -0.1915 -0.0044 0.9815
vn 0.0511 0.0036 0.9987
vn 0.0433 -0.9824 0.1815
vn 0.0546 -0.8956 0.4415
vn -0.3599 -0.0049 0.9330
vn 0.0588 -0.1564 0.9859
vn 0.0641 -0.5689 0.8199
vn -0.5002 0.0019 0.8659
vn -0.5774 0.0105 0.8164
vn -0.1632 0.0027 -0.9866
vn -0.1520 0.0025 -0.9884
vn -0.9069 0.0234 0.4207
vn -0.0591 -0.9790 0.1953
vn -0.0763 -0.8765 0.4754
vn -0.3460 -0.0630 0.9361
vn -0.1636 -0.1173 0.9795
vn -0.1146 -0.5363 0.8362
vn -0.4897 -0.0339 0.8712
vn -0.5492 -0.0285 0.8352
vn -0.1485 0.0024 -0.9889
vn -0.8711 0.0174 0.4909
vn -0.1597 -0.9446 0.2868
vn -0.2403 -0.7721 0.5883
vn -0.3107 -0.4368 0.8442
vn -0.4686 -0.2489 0.8476
vn -0.4201 -0.3965 0.8163
vn -0.5937 -0.6810 0.4286
vn 0.0947 0.1602 -0.9825
vn 0.0090 0.1837 -0.9829
vn 0.0822 0.0357 -0.9960
vn -0.0547 -0.0000 -0.9985
vn 0.0090 0.1835 -0.9830
vn 0.0945 0.1602 -0.9826
vn 0.0822 0.0358 -0.9960
vn 0.0619 0.0049 -0.9981
vn -0.0356 0.1727 -0.9843
vn -0.0356 0.1726 -0.9843
vn -0.0108 0.1635 -0.9865
vn -0.0042 0.0652 -0.9979
vn -0.0041 0.0654 -0.9979
vn -0.0596 0.1673 -0.9841
vn -0.0596 0.1672 -0.9841
vn -0.0016 -0.1477 -0.9890
vn -0.0838 0.1711 -0.9817
vn -0.1457 -0.1214 -0.9819
vn -0.0957 -0.1502 -0.9840
vn 0.0146 -0.0207 -0.9997
vn -0.1286 0.1790 -0.9754
vn 0.0145 -0.0208 -0.9997
vn -0.1287 0.1790 -0.9754
vn -0.2118 0.1498 -0.9658
vn 0.0541 0.0102 -0.9985
vn -0.1927 0.0264 -0.9809
vn -0.0803 0.0546 -0.9953
vn 0.0426 0.0090 -0.9990
vn 0.0427 0.0091 -0.9990
vn 0.0392 0.0088 -0.9992
vn 0.0629 -0.1119 -0.9917
vn -0.0963 0.2751 -0.9566
vn 0.0629 -0.1120 -0.9917
vn -0.0205 -0.1363 -0.9905
vn -0.1372 -0.0292 -0.9901
vn -0.0206 -0.1363 -0.9905
vn -0.8132 0.0199 -0.5817
vn -0.0978 -0.1611 -0.9821
vn -0.1372 -0.0293 -0.9901
vn -0.0353 -0.1354 -0.9902
vn -0.1633 0.0028 -0.9866
vn -0.7096 -0.1077 -0.6963
vn -0.2790 -0.2232 -0.9340
vn -0.1101 -0.2116 -0.9711
vn -0.0497 -0.1342 -0.9897
vn -0.0497 -0.1341 -0.9897
vn -0.0640 -0.1364 -0.9886
vn -0.0640 -0.1363 -0.9886
vn -0.0785 -0.1382 -0.9873
vn -0.0785 -0.1383 -0.9873
vn -0.1630 -0.1197 -0.9793
vn -0.1630 -0.1196 -0.9793
vn 0.0537 0.0048 0.9985
vn -0.0309 0.0001 0.9995
vt 0.239770 0.387974
vt 0.247073 0.392551
vt 0.249423 0.388107
vt 0.243019 0.384237
vt 0.236414 0.381795
vt 0.240125 0.378773
vt 0.199767 0.354428
vt 0.211223 0.359353
vt 0.212319 0.356944
vt 0.201219 0.352209
vt 0.237003 0.225456
vt 0.237462 0.228895
vt 0.241535 0.224927
vt 0.240990 0.222454
vt 0.192280 0.345937
vt 0.205021 0.348800
vt 0.197066 0.343427
vt 0.243253 0.221225
vt 0.242705 0.220509
vt 0.188484 0.339015
vt 0.193749 0.337663
vt 0.215422 0.353004
vt 0.234778 0.373143
vt 0.238398 0.370035
vt 0.258986 0.395769
vt 0.260066 0.390903
vt 0.231785 0.228551
vt 0.232076 0.232505
vt 0.185048 0.332528
vt 0.186216 0.340293
vt 0.187707 0.332429
vt 0.243474 0.217753
vt 0.242651 0.218304
vt 0.240655 0.219414
vt 0.236621 0.221862
vt 0.193117 0.332360
vt 0.222865 0.360312
vt 0.226255 0.356174
vt 0.246116 0.381792
vt 0.251161 0.383470
vt 0.244771 0.376835
vt 0.236228 0.360201
vt 0.232810 0.364547
vt 0.226368 0.230723
vt 0.226430 0.235030
vt 0.201302 0.341961
vt 0.207644 0.345047
vt 0.242277 0.215878
vt 0.242620 0.214287
vt 0.231508 0.224556
vt 0.240368 0.215914
vt 0.185670 0.324378
vt 0.187871 0.325714
vt 0.242933 0.367580
vt 0.217493 0.348864
vt 0.199842 0.337696
vt 0.260989 0.385668
vt 0.275101 0.396852
vt 0.275059 0.391840
vt 0.236341 0.217941
vt 0.193134 0.327429
vt 0.240312 0.212401
vt 0.226307 0.226416
vt 0.251734 0.377349
vt 0.207787 0.340567
vt 0.199115 0.333269
vt 0.228355 0.351686
vt 0.239772 0.355885
vt 0.231257 0.220482
vt 0.190825 0.321120
vt 0.195646 0.324103
vt 0.217215 0.344143
vt 0.236103 0.213845
vt 0.198935 0.329438
vt 0.250960 0.367841
vt 0.206783 0.336150
vt 0.275157 0.386397
vt 0.261595 0.378589
vt 0.226246 0.222110
vt 0.199662 0.326970
vt 0.199401 0.320850
vt 0.202640 0.324543
vt 0.231014 0.216367
vt 0.215905 0.339364
vt 0.227620 0.346542
vt 0.206166 0.332193
vt 0.291196 0.395495
vt 0.290033 0.390652
vt 0.205090 0.328323
vt 0.249444 0.356589
vt 0.275527 0.378917
vt 0.215020 0.334791
vt 0.261231 0.368497
vt 0.225986 0.341247
vt 0.210212 0.323357
vt 0.212127 0.326975
vt 0.226183 0.217804
vt 0.213910 0.330615
vt 0.237992 0.348284
vt 0.225459 0.336105
vt 0.289271 0.385408
vt 0.219459 0.324611
vt 0.222353 0.328065
vt 0.224817 0.331548
vt 0.259971 0.357224
vt 0.236300 0.342046
vt 0.275494 0.368521
vt 0.247761 0.349091
vt 0.303035 0.392055
vt 0.300619 0.387647
vt 0.236240 0.335949
vt 0.289302 0.378279
vt 0.227161 0.322743
vt 0.231450 0.324723
vt 0.236109 0.326244
vt 0.246507 0.341922
vt 0.298952 0.383025
vt 0.274846 0.357070
vt 0.246422 0.334831
vt 0.289632 0.367995
vt 0.259106 0.349208
vt 0.310270 0.387390
vt 0.306957 0.383685
vt 0.298719 0.376849
vt 0.227919 0.298274
vt 0.232660 0.300931
vt 0.246785 0.322963
vt 0.258527 0.341254
vt 0.289811 0.356348
vt 0.303894 0.381266
vt 0.299516 0.366937
vt 0.258394 0.333340
vt 0.305269 0.376236
vt 0.238604 0.302453
vt 0.313464 0.381153
vt 0.309774 0.378154
vt 0.274587 0.348949
vt 0.315948 0.382060
vt 0.317476 0.373113
vt 0.315022 0.372452
vt 0.307179 0.366656
vt 0.247249 0.301287
vt 0.300484 0.355058
vt 0.258406 0.320909
vt 0.311527 0.369200
vt 0.274470 0.340871
vt 0.318970 0.366130
vt 0.317264 0.364049
vt 0.227388 0.276447
vt 0.231964 0.278810
vt 0.290158 0.348557
vt 0.313960 0.359047
vt 0.310381 0.354572
vt 0.274343 0.332682
vt 0.290415 0.340845
vt 0.238003 0.280116
vt 0.258767 0.299404
vt 0.274174 0.320085
vt 0.301666 0.347921
vt 0.326268 0.363165
vt 0.323851 0.358438
vt 0.247133 0.279195
vt 0.227742 0.262346
vt 0.232345 0.264772
vt 0.290228 0.332907
vt 0.311651 0.347934
vt 0.302448 0.341120
vt 0.335990 0.364957
vt 0.334237 0.360311
vt 0.322091 0.353736
vt 0.170765 0.235376
vt 0.170972 0.239552
vt 0.176094 0.238217
vt 0.175766 0.233905
vt 0.273849 0.298908
vt 0.335545 0.367592
vt 0.346360 0.371018
vt 0.346637 0.368362
vt 0.238536 0.266184
vt 0.322137 0.348905
vt 0.312634 0.342070
vt 0.343562 0.363501
vt 0.165945 0.237679
vt 0.165782 0.241991
vt 0.229022 0.253108
vt 0.236080 0.256858
vt 0.289838 0.320392
vt 0.258926 0.277768
vt 0.332796 0.355784
vt 0.302094 0.333786
vt 0.170492 0.231273
vt 0.175419 0.229611
vt 0.355121 0.369035
vt 0.350458 0.364654
vt 0.162132 0.239552
vt 0.161546 0.243400
vt 0.247619 0.265527
vt 0.341363 0.358811
vt 0.312046 0.335522
vt 0.322465 0.343799
vt 0.332235 0.351227
vt 0.165863 0.233650
vt 0.240461 0.260030
vt 0.159165 0.241583
vt 0.160116 0.239673
vt 0.346637 0.360846
vt 0.358478 0.364790
vt 0.353298 0.361572
vt 0.301310 0.321599
vt 0.162134 0.235910
vt 0.240923 0.246632
vt 0.244832 0.252207
vt 0.170090 0.227315
vt 0.175058 0.225328
vt 0.340679 0.354609
vt 0.321757 0.338265
vt 0.347597 0.358261
vt 0.331939 0.346603
vt 0.311753 0.324803
vt 0.159842 0.237175
vt 0.165287 0.230178
vt 0.247321 0.257758
vt 0.158170 0.238132
vt 0.321795 0.333280
vt 0.288841 0.299263
vt 0.340488 0.350612
vt 0.161529 0.233055
vt 0.331172 0.341681
vt 0.273463 0.277465
vt 0.359193 0.358169
vt 0.353755 0.356647
vt 0.347779 0.354410
vt 0.316339 0.323614
vt 0.324441 0.330039
vt 0.169618 0.223432
vt 0.174670 0.221068
vt 0.159682 0.235040
vt 0.259209 0.264445
vt 0.328208 0.327553
vt 0.320444 0.322603
vt 0.331387 0.337221
vt 0.339934 0.346129
vt 0.158519 0.234642
vt 0.333866 0.334115
vt 0.164460 0.226987
vt 0.347498 0.349945
vt 0.160393 0.230982
vt 0.300270 0.300568
vt 0.337388 0.331506
vt 0.353587 0.351305
vt 0.340475 0.341924
vt 0.359062 0.351535
vt 0.346457 0.345748
vt 0.308982 0.301350
vt 0.314871 0.300170
vt 0.319388 0.298121
vt 0.343469 0.339174
vt 0.255714 0.241386
vt 0.257689 0.249571
vt 0.350837 0.345232
vt 0.347681 0.337134
vt 0.355978 0.344256
vt 0.259043 0.256602
vt 0.288125 0.277889
vt 0.273294 0.239649
vt 0.273251 0.248617
vt 0.299885 0.279029
vt 0.273310 0.264273
vt 0.273262 0.256377
vt 0.309042 0.279722
vt 0.315052 0.278537
vt 0.322040 0.298048
vt 0.322160 0.276399
vt 0.319506 0.276456
vt 0.291101 0.241706
vt 0.288999 0.249686
vt 0.299211 0.265582
vt 0.287563 0.264573
vt 0.287652 0.256736
vt 0.308262 0.266126
vt 0.314435 0.264736
vt 0.321673 0.262143
vt 0.318987 0.262421
vt 0.305793 0.246831
vt 0.301901 0.252429
vt 0.299429 0.257924
vt 0.306290 0.260097
vt 0.310659 0.256953
vt 0.317736 0.253170
vt 0.237903 0.389760
vt 0.246032 0.394985
vt 0.233990 0.382716
vt 0.190482 0.347837
vt 0.215574 0.247942
vt 0.215622 0.252393
vt 0.219447 0.249879
vt 0.220703 0.246326
vt 0.232207 0.373775
vt 0.258567 0.398386
vt 0.215521 0.242459
vt 0.220671 0.241670
vt 0.209368 0.249196
vt 0.209434 0.254122
vt 0.221881 0.362715
vt 0.230934 0.366366
vt 0.220639 0.237005
vt 0.215481 0.236875
vt 0.209287 0.243154
vt 0.275124 0.399518
vt 0.220898 0.232012
vt 0.201011 0.249704
vt 0.201083 0.254788
vt 0.189957 0.318773
vt 0.209210 0.237054
vt 0.221006 0.227497
vt 0.200921 0.243475
vt 0.215524 0.232461
vt 0.199416 0.318185
vt 0.291660 0.398104
vt 0.210458 0.320695
vt 0.192642 0.249435
vt 0.192717 0.254361
vt 0.221114 0.222982
vt 0.200832 0.237203
vt 0.215596 0.227852
vt 0.209172 0.232516
vt 0.219312 0.321970
vt 0.221481 0.218714
vt 0.192550 0.243393
vt 0.215668 0.223243
vt 0.209140 0.227880
vt 0.304111 0.394472
vt 0.224855 0.321857
vt 0.186403 0.248360
vt 0.186482 0.252810
vt 0.192452 0.237294
vt 0.200766 0.232625
vt 0.215765 0.216270
vt 0.209108 0.223244
vt 0.186299 0.242877
vt 0.312089 0.389118
vt 0.200700 0.227980
vt 0.225266 0.298252
vt 0.181247 0.246876
vt 0.182587 0.250406
vt 0.186179 0.237294
vt 0.209056 0.216137
vt 0.192361 0.232757
vt 0.200633 0.223334
vt 0.222035 0.205255
vt 0.215912 0.204569
vt 0.181205 0.242170
vt 0.192260 0.228122
vt 0.181112 0.237498
vt 0.200531 0.216183
vt 0.186010 0.232883
vt 0.208962 0.204088
vt 0.224734 0.276437
vt 0.192159 0.223486
vt 0.185806 0.228278
vt 0.222501 0.193924
vt 0.216057 0.192728
vt 0.180801 0.233188
vt 0.192009 0.216381
vt 0.326243 0.365678
vt 0.200480 0.204090
vt 0.185602 0.223673
vt 0.180476 0.228695
vt 0.225135 0.262066
vt 0.208873 0.191869
vt 0.222794 0.186850
vt 0.216148 0.185335
vt 0.180115 0.224233
vt 0.185306 0.216705
vt 0.227033 0.251486
vt 0.192031 0.204493
vt 0.355744 0.371457
vt 0.222998 0.181904
vt 0.216212 0.180165
vt 0.179662 0.219312
vt 0.200451 0.191825
vt 0.360548 0.366320
vt 0.208842 0.184254
vt 0.239847 0.244215
vt 0.185143 0.205199
vt 0.361857 0.358304
vt 0.329475 0.325360
vt 0.322908 0.321693
vt 0.208771 0.178902
vt 0.191924 0.192358
vt 0.179034 0.206055
vt 0.338717 0.329218
vt 0.361445 0.350483
vt 0.200360 0.184125
vt 0.255178 0.238805
vt 0.357952 0.342541
vt 0.349324 0.335053
vt 0.184808 0.193454
vt 0.200254 0.178717
vt 0.191779 0.184735
vt 0.273338 0.237009
vt 0.178403 0.194835
vt 0.191647 0.179388
vt 0.184523 0.186077
vt 0.291687 0.239135
vt 0.177956 0.187800
vt 0.184304 0.180907
vt 0.306863 0.244380
vt 0.177611 0.182862
vt 0.319599 0.251604
s 1
usemtl lambert2.003
f 998/983/795 999/984/796 1000/985/797
f 998/983/795 1000/985/797 1001/986/798
f 1002/987/799 998/983/795 1001/986/798
f 1002/987/799 1001/986/798 1003/988/800
f 1004/989/801 1005/990/802 1006/991/803
f 1004/989/801 1006/991/803 1007/992/804
f 1008/993/805 1009/994/806 1010/995/807
f 1008/993/805 1010/995/807 1011/996/808
f 1012/997/809 1007/992/804 1013/998/810
f 1012/997/809 1013/998/810 1014/999/811
f 1011/996/808 1010/995/807 1015/1000/812
f 1011/996/808 1015/1000/812 1016/1001/813
f 1017/1002/814 1012/997/809 1014/999/811
f 1017/1002/814 1014/999/811 1018/1003/815
f 1007/992/804 1006/991/803 1019/1004/816
f 1007/992/804 1019/1004/816 1013/998/810
f 1020/1005/817 1002/987/799 1003/988/800
f 1020/1005/817 1003/988/800 1021/1006/818
f 1000/985/797 999/984/796 1022/1007/819
f 1000/985/797 1022/1007/819 1023/1008/820
f 1024/1009/821 1025/1010/802 1009/994/806
f 1024/1009/821 1009/994/806 1008/993/805
f 1026/1011/822 1027/1012/823 1017/1002/814
f 1026/1011/822 1017/1002/814 1028/1013/824
f 1016/1001/813 1015/1000/812 1029/1014/825
f 1016/1001/813 1029/1014/825 1030/1015/826
f 1031/1016/827 1011/996/808 1016/1001/813
f 1031/1016/827 1016/1001/813 1030/1015/826
f 1032/1017/828 1008/993/805 1011/996/808
f 1032/1017/828 1011/996/808 1031/1016/827
f 1028/1013/824 1017/1002/814 1018/1003/815
f 1028/1013/824 1018/1003/815 1033/1018/829
f 1019/1004/816 1006/991/803 1034/1019/830
f 1019/1004/816 1034/1019/830 1035/1020/831
f 1036/1021/832 1001/986/798 1000/985/797
f 1036/1021/832 1000/985/797 1037/1022/833
f 1003/988/800 1001/986/798 1036/1021/832
f 1003/988/800 1036/1021/832 1038/1023/834
f 1020/1005/817 1021/1006/818 1039/1024/835
f 1020/1005/817 1039/1024/835 1040/1025/836
f 1041/1026/837 1042/1027/838 1025/1010/802
f 1041/1026/837 1025/1010/802 1024/1009/821
f 1043/1028/839 1014/999/811 1013/998/810
f 1043/1028/839 1013/998/810 1044/1029/840
f 1045/1030/841 1030/1015/826 1029/1014/825
f 1045/1030/841 1029/1014/825 1046/1031/842
f 1047/1032/843 1024/1009/821 1008/993/805
f 1047/1032/843 1008/993/805 1032/1017/828
f 1048/1033/844 1031/1016/827 1030/1015/826
f 1048/1033/844 1030/1015/826 1045/1030/841
f 1049/1034/845 1026/1011/822 1028/1013/824
f 1049/1034/845 1028/1013/824 1050/1035/846
f 1021/1006/818 1003/988/800 1038/1023/834
f 1021/1006/818 1038/1023/834 1051/1036/847
f 1044/1029/840 1013/998/810 1019/1004/816
f 1044/1029/840 1019/1004/816 1052/1037/848
f 1053/1038/849 1018/1003/815 1014/999/811
f 1053/1038/849 1014/999/811 1043/1028/839
f 1037/1022/833 1000/985/797 1023/1008/820
f 1037/1022/833 1023/1008/820 1054/1039/850
f 1023/1008/820 1022/1007/819 1055/1040/851
f 1023/1008/820 1055/1040/851 1056/1041/852
f 1035/1020/831 1034/1019/830 1040/1025/836
f 1035/1020/831 1040/1025/836 1039/1024/835
f 1057/1042/853 1032/1017/828 1031/1016/827
f 1057/1042/853 1031/1016/827 1048/1033/844
f 1050/1035/846 1028/1013/824 1033/1018/829
f 1050/1035/846 1033/1018/829 1058/1043/854
f 1048/1033/844 1045/1030/841 1046/1031/842
f 1048/1033/844 1046/1031/842 1059/1044/855
f 1060/1045/856 1041/1026/837 1024/1009/821
f 1060/1045/856 1024/1009/821 1047/1032/843
f 1036/1021/832 1037/1022/833 1061/1046/857
f 1036/1021/832 1061/1046/857 1038/1023/834
f 1043/1028/839 1044/1029/840 1062/1047/858
f 1043/1028/839 1062/1047/858 1053/1038/849
f 1063/1048/859 1033/1018/829 1018/1003/815
f 1063/1048/859 1018/1003/815 1053/1038/849
f 1052/1037/848 1019/1004/816 1035/1020/831
f 1052/1037/848 1035/1020/831 1064/1049/860
f 1039/1024/835 1021/1006/818 1051/1036/847
f 1039/1024/835 1051/1036/847 1065/1050/861
f 1066/1051/862 1047/1032/843 1032/1017/828
f 1066/1051/862 1032/1017/828 1057/1042/853
f 1067/1052/863 1050/1035/846 1058/1043/854
f 1067/1052/863 1058/1043/854 1068/1053/864
f 1044/1029/840 1052/1037/848 1069/1054/865
f 1044/1029/840 1069/1054/865 1062/1047/858
f 1070/1055/866 1057/1042/853 1048/1033/844
f 1070/1055/866 1048/1033/844 1059/1044/855
f 1071/1056/867 1058/1043/854 1033/1018/829
f 1071/1056/867 1033/1018/829 1063/1048/859
f 1072/1057/868 1051/1036/847 1038/1023/834
f 1072/1057/868 1038/1023/834 1061/1046/857
f 1053/1038/849 1062/1047/858 1073/1058/869
f 1053/1038/849 1073/1058/869 1063/1048/859
f 1054/1039/850 1023/1008/820 1056/1041/852
f 1054/1039/850 1056/1041/852 1074/1059/870
f 1075/1060/871 1061/1046/857 1037/1022/833
f 1075/1060/871 1037/1022/833 1054/1039/850
f 1076/1061/872 1060/1045/856 1047/1032/843
f 1076/1061/872 1047/1032/843 1066/1051/862
f 1064/1049/860 1035/1020/831 1039/1024/835
f 1064/1049/860 1039/1024/835 1065/1050/861
f 1068/1053/864 1058/1043/854 1071/1056/867
f 1068/1053/864 1071/1056/867 1077/1062/873
f 1078/1063/874 1067/1052/863 1068/1053/864
f 1078/1063/874 1068/1053/864 1079/1064/875
f 1080/1065/876 1066/1051/862 1057/1042/853
f 1080/1065/876 1057/1042/853 1070/1055/866
f 1062/1047/858 1069/1054/865 1081/1066/877
f 1062/1047/858 1081/1066/877 1073/1058/869
f 1082/1067/878 1069/1054/865 1052/1037/848
f 1082/1067/878 1052/1037/848 1064/1049/860
f 1083/1068/879 1071/1056/867 1063/1048/859
f 1083/1068/879 1063/1048/859 1073/1058/869
f 1056/1041/852 1055/1040/851 1084/1069/880
f 1056/1041/852 1084/1069/880 1085/1070/881
f 1079/1064/875 1068/1053/864 1077/1062/873
f 1079/1064/875 1077/1062/873 1086/1071/882
f 1086/1071/882 1077/1062/873 1071/1056/867
f 1086/1071/882 1071/1056/867 1083/1068/879
f 1065/1050/861 1051/1036/847 1072/1057/868
f 1065/1050/861 1072/1057/868 1087/1072/883
f 1075/1060/871 1054/1039/850 1074/1059/870
f 1075/1060/871 1074/1059/870 1088/1073/884
f 1089/1074/885 1083/1068/879 1073/1058/869
f 1089/1074/885 1073/1058/869 1081/1066/877
f 1090/1075/886 1072/1057/868 1061/1046/857
f 1090/1075/886 1061/1046/857 1075/1060/871
f 1091/1076/887 1081/1066/877 1069/1054/865
f 1091/1076/887 1069/1054/865 1082/1067/878
f 1092/1077/888 1078/1063/874 1079/1064/875
f 1092/1077/888 1079/1064/875 1093/1078/889
f 1094/1079/890 1076/1061/872 1066/1051/862
f 1094/1079/890 1066/1051/862 1080/1065/876
f 1095/1080/891 1086/1071/882 1083/1068/879
f 1095/1080/891 1083/1068/879 1089/1074/885
f 1093/1078/889 1079/1064/875 1086/1071/882
f 1093/1078/889 1086/1071/882 1095/1080/891
f 1096/1081/892 1082/1067/878 1064/1049/860
f 1096/1081/892 1064/1049/860 1065/1050/861
f 1097/1082/893 1089/1074/885 1081/1066/877
f 1097/1082/893 1081/1066/877 1091/1076/887
f 1074/1059/870 1056/1041/852 1085/1070/881
f 1074/1059/870 1085/1070/881 1098/1083/894
f 1099/1084/895 1092/1077/888 1093/1078/889
f 1099/1084/895 1093/1078/889 1100/1085/896
f 1101/1086/897 1095/1080/891 1089/1074/885
f 1101/1086/897 1089/1074/885 1097/1082/893
f 1087/1072/883 1072/1057/868 1090/1075/886
f 1087/1072/883 1090/1075/886 1102/1087/898
f 1103/1088/899 1091/1076/887 1082/1067/878
f 1103/1088/899 1082/1067/878 1096/1081/892
f 1090/1075/886 1075/1060/871 1088/1073/884
f 1090/1075/886 1088/1073/884 1104/1089/900
f 1100/1085/896 1093/1078/889 1095/1080/891
f 1100/1085/896 1095/1080/891 1101/1086/897
f 1105/1090/901 1096/1081/892 1065/1050/861
f 1105/1090/901 1065/1050/861 1087/1072/883
f 1085/1070/881 1084/1069/880 1106/1091/902
f 1085/1070/881 1106/1091/902 1107/1092/903
f 1108/1093/904 1097/1082/893 1091/1076/887
f 1108/1093/904 1091/1076/887 1103/1088/899
f 1088/1073/884 1074/1059/870 1098/1083/894
f 1088/1073/884 1098/1083/894 1109/1094/905
f 1110/1095/906 1099/1084/895 1100/1085/896
f 1110/1095/906 1100/1085/896 1111/1096/907
f 1101/1086/897 1097/1082/893 1108/1093/904
f 1101/1086/897 1108/1093/904 1112/1097/908
f 1111/1096/907 1100/1085/896 1101/1086/897
f 1111/1096/907 1101/1086/897 1112/1097/908
f 1113/1098/909 1103/1088/899 1096/1081/892
f 1113/1098/909 1096/1081/892 1105/1090/901
f 1098/1083/894 1085/1070/881 1107/1092/903
f 1098/1083/894 1107/1092/903 1114/1099/910
f 1102/1087/898 1090/1075/886 1104/1089/900
f 1102/1087/898 1104/1089/900 1115/1100/911
f 1108/1093/904 1103/1088/899 1113/1098/909
f 1108/1093/904 1113/1098/909 1116/1101/912
f 1104/1089/900 1088/1073/884 1109/1094/905
f 1104/1089/900 1109/1094/905 1117/1102/913
f 1118/1103/914 1105/1090/901 1087/1072/883
f 1118/1103/914 1087/1072/883 1102/1087/898
f 1107/1092/903 1106/1091/902 1119/1104/915
f 1107/1092/903 1119/1104/915 1120/1105/916
f 1109/1094/905 1098/1083/894 1114/1099/910
f 1109/1094/905 1114/1099/910 1121/1106/917
f 1122/1107/918 1110/1095/906 1111/1096/907
f 1122/1107/918 1111/1096/907 1123/1108/919
f 1112/1097/908 1108/1093/904 1116/1101/912
f 1112/1097/908 1116/1101/912 1124/1109/920
f 1125/1110/921 1113/1098/909 1105/1090/901
f 1125/1110/921 1105/1090/901 1118/1103/914
f 1115/1100/911 1104/1089/900 1117/1102/913
f 1115/1100/911 1117/1102/913 1126/1111/922
f 1127/1112/923 1114/1099/910 1107/1092/903
f 1127/1112/923 1107/1092/903 1120/1105/916
f 1117/1102/913 1109/1094/905 1121/1106/917
f 1117/1102/913 1121/1106/917 1128/1113/924
f 1116/1101/912 1113/1098/909 1125/1110/921
f 1116/1101/912 1125/1110/921 1129/1114/925
f 1121/1106/917 1114/1099/910 1127/1112/923
f 1121/1106/917 1127/1112/923 1130/1115/926
f 1111/1096/907 1112/1097/908 1131/1116/927
f 1111/1096/907 1131/1116/927 1123/1108/919
f 1120/1105/916 1119/1104/915 1132/1117/928
f 1120/1105/916 1132/1117/928 1133/1118/929
f 1134/1119/930 1118/1103/914 1102/1087/898
f 1134/1119/930 1102/1087/898 1115/1100/911
f 1127/1112/923 1120/1105/916 1133/1118/929
f 1127/1112/923 1133/1118/929 1130/1115/926
f 1135/1120/931 1136/1121/932 1137/1122/933
f 1135/1120/931 1137/1122/933 1132/1117/928
f 1128/1113/924 1121/1106/917 1130/1115/926
f 1128/1113/924 1130/1115/926 1138/1123/934
f 1131/1116/927 1112/1097/908 1124/1109/920
f 1131/1116/927 1124/1109/920 1139/1124/935
f 1126/1111/922 1117/1102/913 1128/1113/924
f 1126/1111/922 1128/1113/924 1140/1125/936
f 1124/1109/920 1116/1101/912 1129/1114/925
f 1124/1109/920 1129/1114/925 1141/1126/937
f 1133/1118/929 1132/1117/928 1137/1122/933
f 1133/1118/929 1137/1122/933 1142/1127/938
f 1143/1128/939 1125/1110/921 1118/1103/914
f 1143/1128/939 1118/1103/914 1134/1119/930
f 1130/1115/926 1133/1118/929 1142/1127/938
f 1130/1115/926 1142/1127/938 1138/1123/934
f 1137/1122/933 1136/1121/932 1144/1129/940
f 1137/1122/933 1144/1129/940 1145/1130/941
f 1146/1131/942 1122/1107/918 1123/1108/919
f 1146/1131/942 1123/1108/919 1147/1132/943
f 1134/1119/930 1115/1100/911 1126/1111/922
f 1134/1119/930 1126/1111/922 1148/1133/944
f 1142/1127/938 1137/1122/933 1145/1130/941
f 1142/1127/938 1145/1130/941 1149/1134/945
f 1128/1113/924 1138/1123/934 1150/1135/946
f 1128/1113/924 1150/1135/946 1140/1125/936
f 1129/1114/925 1125/1110/921 1143/1128/939
f 1129/1114/925 1143/1128/939 1151/1136/947
f 1138/1123/934 1142/1127/938 1149/1134/945
f 1138/1123/934 1149/1134/945 1150/1135/946
f 1143/1128/939 1134/1119/930 1148/1133/944
f 1143/1128/939 1148/1133/944 1152/1137/948
f 1123/1108/919 1131/1116/927 1153/1138/949
f 1123/1108/919 1153/1138/949 1147/1132/943
f 1139/1124/935 1124/1109/920 1141/1126/937
f 1139/1124/935 1141/1126/937 1154/1139/950
f 1141/1126/937 1129/1114/925 1151/1136/947
f 1141/1126/937 1151/1136/947 1155/1140/951
f 1148/1133/944 1126/1111/922 1140/1125/936
f 1148/1133/944 1140/1125/936 1156/1141/952
f 1149/1134/945 1145/1130/941 1157/1142/953
f 1149/1134/945 1157/1142/953 1158/1143/954
f 1153/1138/949 1131/1116/927 1139/1124/935
f 1153/1138/949 1139/1124/935 1159/1144/955
f 1160/1145/956 1146/1131/942 1147/1132/943
f 1160/1145/956 1147/1132/943 1161/1146/957
f 1162/1147/958 1151/1136/947 1143/1128/939
f 1162/1147/958 1143/1128/939 1152/1137/948
f 1156/1141/952 1140/1125/936 1150/1135/946
f 1156/1141/952 1150/1135/946 1163/1148/959
f 1152/1137/948 1148/1133/944 1156/1141/952
f 1152/1137/948 1156/1141/952 1164/1149/960
f 1158/1143/954 1157/1142/953 1165/1150/961
f 1158/1143/954 1165/1150/961 1166/1151/962
f 1167/1152/963 1150/1135/946 1149/1134/945
f 1167/1152/963 1149/1134/945 1158/1143/954
f 1168/1153/964 1169/1154/965 1170/1155/966
f 1168/1153/964 1170/1155/966 1171/1156/967
f 1154/1139/950 1141/1126/937 1155/1140/951
f 1154/1139/950 1155/1140/951 1172/1157/968
f 1173/1158/969 1174/1159/970 1175/1160/971
f 1173/1158/969 1175/1160/971 1165/1150/961
f 1147/1132/943 1153/1138/949 1176/1161/972
f 1147/1132/943 1176/1161/972 1161/1146/957
f 1163/1148/959 1150/1135/946 1167/1152/963
f 1163/1148/959 1167/1152/963 1177/1162/973
f 1164/1149/960 1156/1141/952 1163/1148/959
f 1164/1149/960 1163/1148/959 1178/1163/974
f 1166/1151/962 1165/1150/961 1175/1160/971
f 1166/1151/962 1175/1160/971 1179/1164/975
f 1180/1165/976 1181/1166/977 1169/1154/965
f 1180/1165/976 1169/1154/965 1168/1153/964
f 1182/1167/978 1160/1145/956 1161/1146/957
f 1182/1167/978 1161/1146/957 1183/1168/979
f 1184/1169/980 1155/1140/951 1151/1136/947
f 1184/1169/980 1151/1136/947 1162/1147/958
f 1159/1144/955 1139/1124/935 1154/1139/950
f 1159/1144/955 1154/1139/950 1185/1170/981
f 1186/1171/982 1167/1152/963 1158/1143/954
f 1186/1171/982 1158/1143/954 1166/1151/962
f 1187/1172/983 1162/1147/958 1152/1137/948
f 1187/1172/983 1152/1137/948 1164/1149/960
f 1188/1173/984 1168/1153/964 1171/1156/967
f 1188/1173/984 1171/1156/967 1189/1174/985
f 1179/1164/975 1175/1160/971 1190/1175/986
f 1179/1164/975 1190/1175/986 1191/1176/987
f 1192/1177/988 1193/1178/989 1181/1166/977
f 1192/1177/988 1181/1166/977 1180/1165/976
f 1176/1161/972 1153/1138/949 1159/1144/955
f 1176/1161/972 1159/1144/955 1194/1179/990
f 1166/1151/962 1179/1164/975 1195/1180/991
f 1166/1151/962 1195/1180/991 1186/1171/982
f 1164/1149/960 1178/1163/974 1196/1181/992
f 1164/1149/960 1196/1181/992 1187/1172/983
f 1197/1182/993 1178/1163/974 1163/1148/959
f 1197/1182/993 1163/1148/959 1177/1162/973
f 1198/1183/994 1177/1162/973 1167/1152/963
f 1198/1183/994 1167/1152/963 1186/1171/982
f 1199/1184/995 1180/1165/976 1168/1153/964
f 1199/1184/995 1168/1153/964 1188/1173/984
f 1161/1146/957 1176/1161/972 1200/1185/996
f 1161/1146/957 1200/1185/996 1183/1168/979
f 1201/1186/997 1193/1178/989 1192/1177/988
f 1201/1186/997 1192/1177/988 1202/1187/998
f 1179/1164/975 1191/1176/987 1203/1188/999
f 1179/1164/975 1203/1188/999 1195/1180/991
f 1191/1176/987 1190/1175/986 1204/1189/1000
f 1191/1176/987 1204/1189/1000 1205/1190/1001
f 1162/1147/958 1187/1172/983 1206/1191/1002
f 1162/1147/958 1206/1191/1002 1184/1169/980
f 1207/1192/1003 1192/1177/988 1180/1165/976
f 1207/1192/1003 1180/1165/976 1199/1184/995
f 1208/1193/1004 1182/1167/978 1183/1168/979
f 1208/1193/1004 1183/1168/979 1209/1194/1005
f 1210/1195/1006 1188/1173/984 1189/1174/985
f 1210/1195/1006 1189/1174/985 1211/1196/1007
f 1186/1171/982 1195/1180/991 1212/1197/1008
f 1186/1171/982 1212/1197/1008 1198/1183/994
f 1213/1198/1009 1196/1181/992 1178/1163/974
f 1213/1198/1009 1178/1163/974 1197/1182/993
f 1203/1188/999 1191/1176/987 1205/1190/1001
f 1203/1188/999 1205/1190/1001 1214/1199/1010
f 1215/1200/1011 1197/1182/993 1177/1162/973
f 1215/1200/1011 1177/1162/973 1198/1183/994
f 1187/1172/983 1196/1181/992 1216/1201/1012
f 1187/1172/983 1216/1201/1012 1206/1191/1002
f 1195/1180/991 1203/1188/999 1214/1199/1010
f 1195/1180/991 1214/1199/1010 1212/1197/1008
f 1217/1202/1013 1202/1187/998 1192/1177/988
f 1217/1202/1013 1192/1177/988 1207/1192/1003
f 1218/1203/1014 1199/1184/995 1188/1173/984
f 1218/1203/1014 1188/1173/984 1210/1195/1006
f 1200/1185/996 1176/1161/972 1194/1179/990
f 1200/1185/996 1194/1179/990 1219/1204/1015
f 1220/1205/1016 1201/1186/997 1202/1187/998
f 1220/1205/1016 1202/1187/998 1217/1202/1013
f 1196/1181/992 1213/1198/1009 1221/1206/1017
f 1196/1181/992 1221/1206/1017 1216/1201/1012
f 1155/1140/951 1184/1169/980 1222/1207/1018
f 1155/1140/951 1222/1207/1018 1172/1157/968
f 1198/1183/994 1212/1197/1008 1223/1208/1019
f 1198/1183/994 1223/1208/1019 1215/1200/1011
f 1224/1209/1020 1207/1192/1003 1199/1184/995
f 1224/1209/1020 1199/1184/995 1218/1203/1014
f 1225/1210/1021 1213/1198/1009 1197/1182/993
f 1225/1210/1021 1197/1182/993 1215/1200/1011
f 1209/1194/1005 1183/1168/979 1200/1185/996
f 1209/1194/1005 1200/1185/996 1219/1204/1015
f 1154/1139/950 1172/1157/968 1226/1211/1022
f 1154/1139/950 1226/1211/1022 1185/1170/981
f 1205/1190/1001 1204/1189/1000 1227/1212/1023
f 1205/1190/1001 1227/1212/1023 1228/1213/1024
f 1212/1197/1008 1214/1199/1010 1229/1214/1025
f 1212/1197/1008 1229/1214/1025 1223/1208/1019
f 1214/1199/1010 1205/1190/1001 1228/1213/1024
f 1214/1199/1010 1228/1213/1024 1229/1214/1025
f 1230/1215/1026 1216/1201/1012 1221/1206/1017
f 1230/1215/1026 1221/1206/1017 1231/1216/1027
f 1232/1217/1028 1210/1195/1006 1211/1196/1007
f 1232/1217/1028 1211/1196/1007 1233/1218/1029
f 1234/1219/1030 1217/1202/1013 1207/1192/1003
f 1234/1219/1030 1207/1192/1003 1224/1209/1020
f 1194/1179/990 1159/1144/955 1185/1170/981
f 1194/1179/990 1185/1170/981 1235/1220/1031
f 1230/1215/1026 1231/1216/1027 1236/1221/1032
f 1230/1215/1026 1236/1221/1032 1237/1222/1033
f 1238/1223/1034 1221/1206/1017 1213/1198/1009
f 1238/1223/1034 1213/1198/1009 1225/1210/1021
f 1215/1200/1011 1223/1208/1019 1239/1224/1035
f 1215/1200/1011 1239/1224/1035 1225/1210/1021
f 1240/1225/1036 1220/1205/1016 1217/1202/1013
f 1240/1225/1036 1217/1202/1013 1234/1219/1030
f 1231/1216/1027 1221/1206/1017 1238/1223/1034
f 1231/1216/1027 1238/1223/1034 1241/1226/1037
f 1242/1227/1038 1218/1203/1014 1210/1195/1006
f 1242/1227/1038 1210/1195/1006 1232/1217/1028
f 1223/1208/1019 1229/1214/1025 1243/1228/1039
f 1223/1208/1019 1243/1228/1039 1239/1224/1035
f 1240/1225/1036 1234/1219/1030 1224/1209/1020
f 1240/1225/1036 1224/1209/1020 1244/1229/1040
f 1244/1229/1040 1224/1209/1020 1218/1203/1014
f 1244/1229/1040 1218/1203/1014 1242/1227/1038
f 1184/1169/980 1206/1191/1002 1245/1230/1041
f 1184/1169/980 1245/1230/1041 1222/1207/1018
f 1236/1221/1032 1231/1216/1027 1241/1226/1037
f 1236/1221/1032 1241/1226/1037 1246/1231/1042
f 1229/1214/1025 1228/1213/1024 1247/1232/1043
f 1229/1214/1025 1247/1232/1043 1243/1228/1039
f 1225/1210/1021 1239/1224/1035 1248/1233/1044
f 1225/1210/1021 1248/1233/1044 1238/1223/1034
f 1247/1232/1043 1228/1213/1024 1227/1212/1023
f 1247/1232/1043 1227/1212/1023 1249/1234/1045
f 1239/1224/1035 1243/1228/1039 1250/1235/1046
f 1239/1224/1035 1250/1235/1046 1248/1233/1044
f 1251/1236/1047 1216/1201/1012 1230/1215/1026
f 1251/1236/1047 1230/1215/1026 1252/1237/1048
f 1206/1191/1002 1216/1201/1012 1251/1236/1047
f 1206/1191/1002 1251/1236/1047 1245/1230/1041
f 1252/1237/1048 1230/1215/1026 1237/1222/1033
f 1252/1237/1048 1237/1222/1033 1253/1238/1049
f 1241/1226/1037 1238/1223/1034 1248/1233/1044
f 1241/1226/1037 1248/1233/1044 1254/1239/1050
f 1255/1240/1051 1208/1193/1004 1209/1194/1005
f 1255/1240/1051 1209/1194/1005 1256/1241/1052
f 1243/1228/1039 1247/1232/1043 1257/1242/1053
f 1243/1228/1039 1257/1242/1053 1250/1235/1046
f 1254/1239/1050 1248/1233/1044 1250/1235/1046
f 1254/1239/1050 1250/1235/1046 1257/1242/1053
f 1246/1231/1042 1241/1226/1037 1254/1239/1050
f 1246/1231/1042 1254/1239/1050 1258/1243/1054
f 1257/1242/1053 1247/1232/1043 1249/1234/1045
f 1257/1242/1053 1249/1234/1045 1259/1244/1055
f 1258/1243/1054 1254/1239/1050 1257/1242/1053
f 1258/1243/1054 1257/1242/1053 1259/1244/1055
f 1219/1204/1015 1194/1179/990 1235/1220/1031
f 1219/1204/1015 1235/1220/1031 1260/1245/1056
f 1256/1241/1052 1209/1194/1005 1219/1204/1015
f 1256/1241/1052 1219/1204/1015 1260/1245/1056
f 1222/1207/1018 1261/1246/1057 1262/1211/1058
f 1222/1207/1018 1262/1211/1058 1172/1157/968
f 1263/1247/1059 1255/1240/1051 1256/1241/1052
f 1263/1247/1059 1256/1241/1052 1264/1248/1060
f 1222/1207/1018 1245/1230/1041 1265/1249/1061
f 1222/1207/1018 1265/1249/1061 1261/1246/1057
f 1260/1245/1056 1235/1220/1031 1266/1250/1062
f 1260/1245/1056 1266/1250/1062 1267/1251/1063
f 1245/1230/1041 1251/1236/1047 1268/1252/1064
f 1245/1230/1041 1268/1252/1064 1265/1249/1061
f 1268/1252/1064 1251/1236/1047 1252/1237/1048
f 1268/1252/1064 1252/1237/1048 1269/1253/1065
f 1264/1248/1060 1256/1241/1052 1260/1245/1056
f 1264/1248/1060 1260/1245/1056 1267/1251/1063
f 1270/1254/1066 1271/1255/1067 1272/1256/1068
f 1270/1254/1066 1272/1256/1068 1253/1238/1049
f 1269/1253/1065 1252/1237/1048 1253/1238/1049
f 1269/1253/1065 1253/1238/1049 1272/1256/1068
f 1273/1257/1069 1263/1247/1059 1264/1248/1060
f 1273/1257/1069 1264/1248/1060 1274/1258/1070
f 1261/1246/1057 1265/1249/1061 1275/1259/1071
f 1261/1246/1057 1275/1259/1071 1276/1260/1072
f 1277/1261/1073 1267/1251/1063 1266/1250/1062
f 1277/1261/1073 1266/1250/1062 1276/1260/1072
f 1264/1248/1060 1267/1251/1063 1277/1261/1073
f 1264/1248/1060 1277/1261/1073 1274/1258/1070
f 1265/1249/1061 1268/1252/1064 1278/1262/1074
f 1265/1249/1061 1278/1262/1074 1275/1259/1071
f 1278/1262/1074 1268/1252/1064 1269/1253/1065
f 1278/1262/1074 1269/1253/1065 1279/1263/1075
f 1272/1256/1068 1271/1255/1067 1280/1264/1076
f 1272/1256/1068 1280/1264/1076 1281/1265/1077
f 1279/1263/1075 1269/1253/1065 1272/1256/1068
f 1279/1263/1075 1272/1256/1068 1281/1265/1077
f 1282/1266/1078 1273/1257/1069 1274/1258/1070
f 1282/1266/1078 1274/1258/1070 1283/1267/1079
f 1276/1260/1072 1275/1259/1071 1284/1268/1080
f 1276/1260/1072 1284/1268/1080 1277/1261/1073
f 1274/1258/1070 1277/1261/1073 1284/1268/1080
f 1274/1258/1070 1284/1268/1080 1283/1267/1079
f 1275/1259/1071 1278/1262/1074 1285/1269/1081
f 1275/1259/1071 1285/1269/1081 1284/1268/1080
f 1285/1269/1081 1278/1262/1074 1279/1263/1075
f 1285/1269/1081 1279/1263/1075 1286/1270/1082
f 1286/1270/1082 1279/1263/1075 1281/1265/1077
f 1286/1270/1082 1281/1265/1077 1287/1271/1083
f 1283/1267/1079 1284/1268/1080 1285/1269/1081
f 1283/1267/1079 1285/1269/1081 1286/1270/1082
f 1282/1266/1078 1283/1267/1079 1286/1270/1082
f 1282/1266/1078 1286/1270/1082 1287/1271/1083
f 1288/1272/1084 1289/1273/1085 999/984/796
f 1288/1272/1084 999/984/796 998/983/795
f 1290/1274/1086 1288/1272/1084 998/983/795
f 1290/1274/1086 998/983/795 1002/987/799
f 1291/1275/807 1004/989/801 1007/992/804
f 1291/1275/807 1007/992/804 1012/997/809
f 1292/1276/1087 1293/1277/1088 1294/1278/1089
f 1292/1276/1087 1294/1278/1089 1295/1279/1090
f 1017/1002/814 1027/1012/823 1291/1275/807
f 1017/1002/814 1291/1275/807 1012/997/809
f 1296/1280/1091 1290/1274/1086 1002/987/799
f 1296/1280/1091 1002/987/799 1020/1005/817
f 999/984/796 1289/1273/1085 1297/1281/1092
f 999/984/796 1297/1281/1092 1022/1007/819
f 1298/1282/1087 1292/1276/1087 1295/1279/1090
f 1298/1282/1087 1295/1279/1090 1299/1283/1091
f 1300/1284/1087 1301/1285/1093 1293/1277/1088
f 1300/1284/1087 1293/1277/1088 1292/1276/1087
f 1006/991/803 1005/990/802 1302/1286/1094
f 1006/991/803 1302/1286/1094 1034/1019/830
f 1296/1280/1091 1020/1005/817 1040/1025/836
f 1296/1280/1091 1040/1025/836 1303/1287/1095
f 1298/1282/1087 1299/1283/1091 1304/1288/1096
f 1298/1282/1087 1304/1288/1096 1305/1289/1087
f 1306/1290/1087 1300/1284/1087 1292/1276/1087
f 1306/1290/1087 1292/1276/1087 1298/1282/1087
f 1034/1019/830 1302/1286/1094 1303/1287/1095
f 1034/1019/830 1303/1287/1095 1040/1025/836
f 1022/1007/819 1297/1281/1092 1307/1291/1097
f 1022/1007/819 1307/1291/1097 1055/1040/851
f 1304/1288/1096 1042/1027/838 1041/1026/837
f 1304/1288/1096 1041/1026/837 1308/1292/1087
f 1301/1285/1093 1300/1284/1087 1309/1293/1087
f 1301/1285/1093 1309/1293/1087 1310/1294/1098
f 1311/1295/1099 1049/1034/845 1050/1035/846
f 1311/1295/1099 1050/1035/846 1067/1052/863
f 1306/1290/1087 1298/1282/1087 1305/1289/1087
f 1306/1290/1087 1305/1289/1087 1312/1296/1087
f 1308/1292/1087 1041/1026/837 1060/1045/856
f 1308/1292/1087 1060/1045/856 1313/1297/1087
f 1300/1284/1087 1306/1290/1087 1314/1298/1087
f 1300/1284/1087 1314/1298/1087 1309/1293/1087
f 1315/1299/1087 1305/1289/1087 1304/1288/1096
f 1315/1299/1087 1304/1288/1096 1308/1292/1087
f 1316/1300/866 1311/1295/1099 1067/1052/863
f 1316/1300/866 1067/1052/863 1078/1063/874
f 1055/1040/851 1307/1291/1097 1317/1301/1100
f 1055/1040/851 1317/1301/1100 1084/1069/880
f 1318/1302/1101 1316/1300/866 1078/1063/874
f 1318/1302/1101 1078/1063/874 1092/1077/888
f 1310/1294/1098 1309/1293/1087 1319/1303/1087
f 1310/1294/1098 1319/1303/1087 1320/1304/1100
f 1060/1045/856 1076/1061/872 1321/1305/1087
f 1060/1045/856 1321/1305/1087 1313/1297/1087
f 1314/1298/1087 1306/1290/1087 1312/1296/1087
f 1314/1298/1087 1312/1296/1087 1322/1306/1087
f 1323/1307/1087 1315/1299/1087 1308/1292/1087
f 1323/1307/1087 1308/1292/1087 1313/1297/1087
f 1324/1308/1087 1312/1296/1087 1305/1289/1087
f 1324/1308/1087 1305/1289/1087 1315/1299/1087
f 1325/1309/1102 1318/1302/1101 1092/1077/888
f 1325/1309/1102 1092/1077/888 1099/1084/895
f 1076/1061/872 1094/1079/890 1326/1310/1103
f 1076/1061/872 1326/1310/1103 1321/1305/1087
f 1309/1293/1087 1314/1298/1087 1327/1311/1087
f 1309/1293/1087 1327/1311/1087 1319/1303/1087
f 1321/1305/1087 1328/1312/1087 1323/1307/1087
f 1321/1305/1087 1323/1307/1087 1313/1297/1087
f 1329/1313/1087 1324/1308/1087 1315/1299/1087
f 1329/1313/1087 1315/1299/1087 1323/1307/1087
f 1084/1069/880 1317/1301/1100 1330/1314/1104
f 1084/1069/880 1330/1314/1104 1106/1091/902
f 1331/1315/1105 1325/1309/1102 1099/1084/895
f 1331/1315/1105 1099/1084/895 1110/1095/906
f 1332/1316/1087 1333/1317/1106 1320/1304/1100
f 1332/1316/1087 1320/1304/1100 1319/1303/1087
f 1327/1311/1087 1314/1298/1087 1322/1306/1087
f 1327/1311/1087 1322/1306/1087 1334/1318/1087
f 1322/1306/1087 1312/1296/1087 1324/1308/1087
f 1322/1306/1087 1324/1308/1087 1335/1319/1087
f 1326/1310/1103 1336/1320/1087 1328/1312/1087
f 1326/1310/1103 1328/1312/1087 1321/1305/1087
f 1328/1312/1087 1337/1321/1087 1329/1313/1087
f 1328/1312/1087 1329/1313/1087 1323/1307/1087
f 1338/1322/1087 1332/1316/1087 1319/1303/1087
f 1338/1322/1087 1319/1303/1087 1327/1311/1087
f 1106/1091/902 1330/1314/1104 1339/1323/1107
f 1106/1091/902 1339/1323/1107 1119/1104/915
f 1335/1319/1087 1324/1308/1087 1329/1313/1087
f 1335/1319/1087 1329/1313/1087 1340/1324/1087
f 1341/1325/1108 1331/1315/1105 1110/1095/906
f 1341/1325/1108 1110/1095/906 1122/1107/918
f 1342/1326/1109 1343/1327/1107 1333/1317/1106
f 1342/1326/1109 1333/1317/1106 1332/1316/1087
f 1338/1322/1087 1327/1311/1087 1334/1318/1087
f 1338/1322/1087 1334/1318/1087 1344/1328/1087
f 1336/1320/1087 1345/1329/1087 1337/1321/1087
f 1336/1320/1087 1337/1321/1087 1328/1312/1087
f 1334/1318/1087 1322/1306/1087 1335/1319/1087
f 1334/1318/1087 1335/1319/1087 1346/1330/1087
f 1329/1313/1087 1337/1321/1087 1347/1331/1087
f 1329/1313/1087 1347/1331/1087 1340/1324/1087
f 1348/1332/1108 1349/1333/1087 1336/1320/1087
f 1348/1332/1108 1336/1320/1087 1326/1310/1103
f 1119/1104/915 1339/1323/1107 1135/1120/931
f 1119/1104/915 1135/1120/931 1132/1117/928
f 1350/1334/932 1342/1326/1109 1332/1316/1087
f 1350/1334/932 1332/1316/1087 1338/1322/1087
f 1346/1330/1087 1335/1319/1087 1340/1324/1087
f 1346/1330/1087 1340/1324/1087 1351/1335/1087
f 1350/1334/932 1338/1322/1087 1344/1328/1087
f 1350/1334/932 1344/1328/1087 1352/1336/1110
f 1337/1321/1087 1345/1329/1087 1353/1337/1087
f 1337/1321/1087 1353/1337/1087 1347/1331/1087
f 1354/1338/1087 1344/1328/1087 1334/1318/1087
f 1354/1338/1087 1334/1318/1087 1346/1330/1087
f 1349/1333/1087 1355/1339/1087 1345/1329/1087
f 1349/1333/1087 1345/1329/1087 1336/1320/1087
f 1356/1340/1111 1341/1325/1108 1122/1107/918
f 1356/1340/1111 1122/1107/918 1146/1131/942
f 1340/1324/1087 1347/1331/1087 1357/1341/1087
f 1340/1324/1087 1357/1341/1087 1351/1335/1087
f 1358/1342/1087 1354/1338/1087 1346/1330/1087
f 1358/1342/1087 1346/1330/1087 1351/1335/1087
f 1359/1343/1112 1360/1344/1087 1349/1333/1087
f 1359/1343/1112 1349/1333/1087 1348/1332/1108
f 1361/1345/1087 1352/1336/1110 1344/1328/1087
f 1361/1345/1087 1344/1328/1087 1354/1338/1087
f 1347/1331/1087 1353/1337/1087 1362/1346/1087
f 1347/1331/1087 1362/1346/1087 1357/1341/1087
f 1145/1130/941 1144/1129/940 1363/1347/966
f 1145/1130/941 1363/1347/966 1157/1142/953
f 1353/1337/1087 1345/1329/1087 1355/1339/1087
f 1353/1337/1087 1355/1339/1087 1364/1348/1087
f 1365/1349/1087 1358/1342/1087 1351/1335/1087
f 1365/1349/1087 1351/1335/1087 1357/1341/1087
f 1366/1350/1087 1361/1345/1087 1354/1338/1087
f 1366/1350/1087 1354/1338/1087 1358/1342/1087
f 1171/1156/967 1170/1155/966 1352/1336/1110
f 1171/1156/967 1352/1336/1110 1361/1345/1087
f 1367/1351/1113 1356/1340/1111 1146/1131/942
f 1367/1351/1113 1146/1131/942 1160/1145/956
f 1157/1142/953 1363/1347/966 1173/1158/969
f 1157/1142/953 1173/1158/969 1165/1150/961
f 1360/1344/1087 1368/1352/1087 1355/1339/1087
f 1360/1344/1087 1355/1339/1087 1349/1333/1087
f 1369/1353/1113 1370/1354/1087 1360/1344/1087
f 1369/1353/1113 1360/1344/1087 1359/1343/1112
f 1189/1174/985 1171/1156/967 1361/1345/1087
f 1189/1174/985 1361/1345/1087 1366/1350/1087
f 1371/1355/1087 1366/1350/1087 1358/1342/1087
f 1371/1355/1087 1358/1342/1087 1365/1349/1087
f 1372/1356/1087 1365/1349/1087 1357/1341/1087
f 1372/1356/1087 1357/1341/1087 1362/1346/1087
f 1373/1357/1114 1367/1351/1113 1160/1145/956
f 1373/1357/1114 1160/1145/956 1182/1167/978
f 1362/1346/1087 1353/1337/1087 1364/1348/1087
f 1362/1346/1087 1364/1348/1087 1374/1358/1087
f 1175/1160/971 1174/1159/970 1375/1359/1115
f 1175/1160/971 1375/1359/1115 1190/1175/986
f 1371/1355/1087 1211/1196/1007 1189/1174/985
f 1371/1355/1087 1189/1174/985 1366/1350/1087
f 1376/1360/1116 1377/1361/1117 1370/1354/1087
f 1376/1360/1116 1370/1354/1087 1369/1353/1113
f 1378/1362/1118 1371/1355/1087 1365/1349/1087
f 1378/1362/1118 1365/1349/1087 1372/1356/1087
f 1364/1348/1087 1355/1339/1087 1368/1352/1087
f 1364/1348/1087 1368/1352/1087 1379/1363/1087
f 1190/1175/986 1375/1359/1115 1380/1364/997
f 1190/1175/986 1380/1364/997 1204/1189/1000
f 1370/1354/1087 1381/1365/1087 1368/1352/1087
f 1370/1354/1087 1368/1352/1087 1360/1344/1087
f 1382/1366/1119 1373/1357/1114 1182/1167/978
f 1382/1366/1119 1182/1167/978 1208/1193/1004
f 1378/1362/1118 1233/1218/1029 1211/1196/1007
f 1378/1362/1118 1211/1196/1007 1371/1355/1087
f 1374/1358/1087 1383/1367/1087 1372/1356/1087
f 1374/1358/1087 1372/1356/1087 1362/1346/1087
f 1204/1189/1000 1380/1364/997 1384/1368/1120
f 1204/1189/1000 1384/1368/1120 1227/1212/1023
f 1385/1369/1121 1386/1370/1122 1237/1222/1033
f 1385/1369/1121 1237/1222/1033 1236/1221/1032
f 1377/1361/1117 1387/1371/1123 1381/1365/1087
f 1377/1361/1117 1381/1365/1087 1370/1354/1087
f 1374/1358/1087 1364/1348/1087 1379/1363/1087
f 1374/1358/1087 1379/1363/1087 1388/1372/1087
f 1383/1367/1087 1389/1373/1124 1378/1362/1118
f 1383/1367/1087 1378/1362/1118 1372/1356/1087
f 1390/1374/1028 1385/1369/1121 1236/1221/1032
f 1390/1374/1028 1236/1221/1032 1246/1231/1042
f 1227/1212/1023 1384/1368/1120 1391/1375/1125
f 1227/1212/1023 1391/1375/1125 1249/1234/1045
f 1379/1363/1087 1368/1352/1087 1381/1365/1087
f 1379/1363/1087 1381/1365/1087 1392/1376/1087
f 1393/1377/1123 1382/1366/1119 1208/1193/1004
f 1393/1377/1123 1208/1193/1004 1255/1240/1051
f 1249/1234/1045 1391/1375/1125 1394/1378/1126
f 1249/1234/1045 1394/1378/1126 1259/1244/1055
f 1395/1379/1127 1390/1374/1028 1246/1231/1042
f 1395/1379/1127 1246/1231/1042 1258/1243/1054
f 1237/1222/1033 1386/1370/1122 1270/1254/1066
f 1237/1222/1033 1270/1254/1066 1253/1238/1049
f 1394/1378/1126 1395/1379/1127 1258/1243/1054
f 1394/1378/1126 1258/1243/1054 1259/1244/1055
f 1388/1372/1087 1396/1380/1087 1383/1367/1087
f 1388/1372/1087 1383/1367/1087 1374/1358/1087
f 1392/1376/1087 1381/1365/1087 1387/1371/1123
f 1392/1376/1087 1387/1371/1123 1397/1381/1128
f 1388/1372/1087 1379/1363/1087 1392/1376/1087
f 1388/1372/1087 1392/1376/1087 1398/1382/1087
f 1399/1383/1129 1393/1377/1123 1255/1240/1051
f 1399/1383/1129 1255/1240/1051 1263/1247/1059
f 1396/1380/1087 1400/1384/1067 1389/1373/1124
f 1396/1380/1087 1389/1373/1124 1383/1367/1087
f 1398/1382/1087 1392/1376/1087 1397/1381/1128
f 1398/1382/1087 1397/1381/1128 1401/1385/1130
f 1402/1386/1087 1396/1380/1087 1388/1372/1087
f 1402/1386/1087 1388/1372/1087 1398/1382/1087
f 1403/1387/1131 1399/1383/1129 1263/1247/1059
f 1403/1387/1131 1263/1247/1059 1273/1257/1069
f 1404/1388/1076 1400/1384/1067 1396/1380/1087
f 1404/1388/1076 1396/1380/1087 1402/1386/1087
f 1405/1389/1132 1402/1386/1087 1398/1382/1087
f 1405/1389/1132 1398/1382/1087 1401/1385/1130
f 1406/1390/1133 1403/1387/1131 1273/1257/1069
f 1406/1390/1133 1273/1257/1069 1282/1266/1078
f 1407/1391/1134 1404/1388/1076 1402/1386/1087
f 1407/1391/1134 1402/1386/1087 1405/1389/1132
f 1281/1265/1077 1280/1264/1076 1408/1392/1135
f 1281/1265/1077 1408/1392/1135 1287/1271/1083
f 1408/1392/1135 1406/1390/1133 1282/1266/1078
f 1408/1392/1135 1282/1266/1078 1287/1271/1083
f 1235/1220/1031 1185/1170/981 1409/1211/1136
f 1235/1220/1031 1409/1211/1136 1266/1250/1062
f 1410/1211/1137 1261/1246/1057 1276/1260/1072
f 1410/1211/1137 1276/1260/1072 1266/1250/1062
o Osnova_1_L_low_lambert2_0
v -0.038379 -0.354623 -0.040174
v 0.021575 -0.353015 -0.043460
v 0.027953 -0.541655 -0.043809
v -0.031588 -0.541972 -0.040546
v 0.081501 -0.350558 -0.046743
v 0.087379 -0.537938 -0.047066
v 0.091452 -0.676387 -0.046992
v 0.032708 -0.681755 -0.043730
v -0.026266 -0.680429 -0.040499
v -0.054862 0.136630 -0.039271
v 0.004966 0.138299 -0.042549
v 0.013178 -0.104618 -0.042999
v -0.046848 -0.106653 -0.039710
v 0.064769 0.140687 -0.045827
v 0.073204 -0.102582 -0.046289
v -0.064363 0.447943 -0.039011
v -0.005511 0.447757 -0.042236
v -0.000856 0.310496 -0.042230
v -0.060289 0.309923 -0.038973
v 0.053183 0.452255 -0.045452
v 0.058479 0.313950 -0.045482
v -0.111927 0.312499 -0.036143
v -0.114261 0.452793 -0.036276
v -0.107686 0.135921 -0.036376
v -0.157009 0.135691 -0.033673
v -0.159670 0.316649 -0.033527
v -0.159683 0.459976 -0.033787
v -0.083553 -0.538628 -0.037698
v -0.091584 -0.355150 -0.037258
v -0.077583 -0.672194 -0.037686
v -0.125073 -0.660503 -0.035083
v -0.131730 -0.533454 -0.035058
v -0.141415 -0.355138 -0.034527
v -0.100267 -0.108465 -0.036782
v -0.150383 -0.110164 -0.034036
v 0.109825 0.320018 -0.048296
v 0.117520 0.143557 -0.048717
v 0.102607 0.461455 -0.048161
v 0.147395 0.473006 -0.050615
v 0.157178 0.327393 -0.050890
v 0.166745 0.146669 -0.051415
v 0.138999 -0.531082 -0.049894
v 0.142085 -0.664544 -0.049894
v 0.134620 -0.347480 -0.049654
v 0.184336 -0.344092 -0.052379
v 0.186716 -0.522656 -0.052509
v 0.188661 -0.649462 -0.052616
v 0.126623 -0.100771 -0.049216
v 0.176739 -0.099072 -0.051962
v 0.036238 -0.784532 -0.042906
v -0.022202 -0.781722 -0.039704
v 0.094339 -0.777569 -0.046260
v 0.097637 -0.859782 -0.045508
v 0.039124 -0.868246 -0.042047
v -0.019830 -0.864067 -0.038816
v -0.075087 -0.769142 -0.036805
v -0.076369 -0.847447 -0.035718
v -0.131700 -0.824608 -0.032685
v -0.125193 -0.751675 -0.034059
v 0.146204 -0.760833 -0.049611
v 0.152852 -0.838467 -0.049297
v 0.194952 -0.739210 -0.052960
v 0.206417 -0.810728 -0.053249
v 0.041945 -0.951158 -0.041862
v -0.019585 -0.945678 -0.038490
v 0.102948 -0.941322 -0.045375
v 0.109267 -1.022527 -0.045552
v 0.044735 -1.033669 -0.042015
v -0.020402 -1.026923 -0.038446
v -0.074369 0.797624 -0.041669
v -0.073182 0.756080 -0.041142
v -0.117656 0.754974 -0.038705
v -0.118050 0.795197 -0.039275
v -0.071487 0.696670 -0.040383
v -0.117073 0.696567 -0.037884
v -0.156746 0.697146 -0.035710
v -0.155844 0.754216 -0.036612
v -0.155182 0.792676 -0.037240
v -0.017590 0.799866 -0.044781
v -0.016138 0.757880 -0.044269
v 0.039134 0.803765 -0.047889
v 0.040808 0.762562 -0.047389
v 0.043233 0.702848 -0.046670
v -0.014072 0.698135 -0.043529
v -0.118604 0.848883 -0.039442
v -0.076012 0.855290 -0.041776
v -0.154284 0.841057 -0.037487
v -0.145015 0.884788 -0.037995
v -0.119237 0.909302 -0.039407
v -0.077881 0.921018 -0.041674
v -0.068322 0.585408 -0.039576
v -0.010223 0.585865 -0.042760
v 0.047730 0.590650 -0.045936
v -0.019595 0.858858 -0.044868
v 0.036889 0.860429 -0.047963
v -0.021877 0.926354 -0.044743
v 0.034360 0.924824 -0.047825
v 0.094929 0.600713 -0.048523
v 0.088491 0.712697 -0.049150
v 0.129522 0.737212 -0.051462
v 0.136751 0.613413 -0.050814
v 0.079685 0.860843 -0.050308
v 0.082647 0.811164 -0.050274
v 0.076412 0.915936 -0.050129
v 0.103698 0.895839 -0.051624
v 0.115635 0.860679 -0.052278
v 0.122786 0.832220 -0.052670
v -0.115959 0.588328 -0.036966
v -0.158367 0.592937 -0.034642
v -0.077881 0.921018 -0.041674
v -0.119237 0.909302 -0.039407
v -0.118180 0.909302 -0.020116
v -0.076824 0.921018 -0.022382
v -0.145015 0.884788 -0.037995
v -0.143957 0.884788 -0.018703
v 0.034360 0.924824 -0.047825
v -0.021877 0.926354 -0.044743
v -0.020820 0.926354 -0.025451
v 0.035417 0.924824 -0.028533
v 0.103698 0.895839 -0.051624
v 0.076412 0.915936 -0.050129
v 0.077469 0.915936 -0.030838
v 0.104755 0.895839 -0.032333
v 0.122786 0.832220 -0.052670
v 0.115635 0.860679 -0.052278
v 0.116692 0.860679 -0.032987
v 0.123843 0.832220 -0.033379
v 0.163115 0.769518 -0.053893
v 0.166687 0.787732 -0.054549
v 0.167745 0.787732 -0.035258
v 0.164172 0.769518 -0.034601
v 0.159285 0.805164 -0.054539
v 0.160342 0.805164 -0.035247
v 0.166745 0.146669 -0.051415
v 0.157178 0.327393 -0.050890
v 0.158235 0.327393 -0.031599
v 0.167802 0.146669 -0.032123
v 0.147395 0.473006 -0.050615
v 0.148452 0.473006 -0.031324
v 0.184336 -0.344092 -0.052379
v 0.176739 -0.099072 -0.051962
v 0.177796 -0.099072 -0.032671
v 0.185394 -0.344092 -0.033087
v 0.188661 -0.649462 -0.052616
v 0.186716 -0.522656 -0.052509
v 0.187773 -0.522656 -0.033218
v 0.189718 -0.649462 -0.033324
v 0.206417 -0.810728 -0.053249
v 0.194952 -0.739210 -0.052960
v 0.196009 -0.739210 -0.033669
v 0.207474 -0.810728 -0.033958
v -0.020402 -1.026923 -0.038446
v 0.044735 -1.033669 -0.042015
v 0.045792 -1.033669 -0.022724
v -0.019345 -1.026923 -0.019154
v 0.109267 -1.022527 -0.045552
v 0.110324 -1.022527 -0.026260
v -0.125073 -0.660503 -0.035083
v -0.125193 -0.751675 -0.034059
v -0.124135 -0.751675 -0.014768
v -0.124016 -0.660503 -0.015792
v -0.131700 -0.824608 -0.032685
v -0.130643 -0.824608 -0.013394
v -0.141415 -0.355138 -0.034527
v -0.131730 -0.533454 -0.035058
v -0.130672 -0.533454 -0.015767
v -0.140358 -0.355138 -0.015236
v -0.157009 0.135691 -0.033673
v -0.150383 -0.110164 -0.034036
v -0.149326 -0.110164 -0.014745
v -0.155952 0.135691 -0.014381
v -0.159683 0.459976 -0.033787
v -0.159670 0.316649 -0.033527
v -0.158612 0.316649 -0.014236
v -0.158626 0.459976 -0.014496
v -0.156746 0.697146 -0.035710
v -0.158367 0.592937 -0.034642
v -0.157310 0.592937 -0.015350
v -0.155689 0.697146 -0.016419
v -0.155182 0.792676 -0.037240
v -0.155844 0.754216 -0.036612
v -0.154787 0.754216 -0.017321
v -0.154125 0.792676 -0.017949
v -0.154284 0.841057 -0.037487
v -0.153227 0.841057 -0.018195
v -0.037322 -0.354622 -0.020882
v -0.030531 -0.541972 -0.021254
v 0.029010 -0.541655 -0.024517
v 0.022633 -0.353015 -0.024168
v -0.025208 -0.680429 -0.021207
v 0.033765 -0.681755 -0.024439
v 0.092510 -0.676387 -0.027700
v 0.088437 -0.537938 -0.027774
v 0.082559 -0.350557 -0.027452
v -0.053804 0.136630 -0.019979
v -0.045791 -0.106653 -0.020418
v 0.014235 -0.104618 -0.023707
v 0.006023 0.138299 -0.023257
v 0.074261 -0.102582 -0.026997
v 0.065826 0.140687 -0.026535
v -0.063305 0.447943 -0.019719
v -0.059231 0.309923 -0.019682
v 0.000201 0.310496 -0.022938
v -0.004453 0.447757 -0.022944
v 0.059536 0.313950 -0.026190
v 0.054240 0.452255 -0.026161
v -0.110870 0.312499 -0.016852
v -0.106629 0.135921 -0.017084
v -0.113204 0.452793 -0.016985
v -0.158626 0.459976 -0.014496
v -0.158612 0.316649 -0.014236
v -0.155952 0.135691 -0.014381
v -0.082495 -0.538628 -0.018407
v -0.076526 -0.672194 -0.018395
v -0.090527 -0.355150 -0.017967
v -0.140358 -0.355138 -0.015236
v -0.130672 -0.533454 -0.015767
v -0.124016 -0.660503 -0.015792
v -0.099210 -0.108465 -0.017491
v -0.149326 -0.110164 -0.014745
v 0.110883 0.320018 -0.029004
v 0.103664 0.461455 -0.028869
v 0.118577 0.143557 -0.029426
v 0.167802 0.146669 -0.032123
v 0.158235 0.327393 -0.031599
v 0.148452 0.473006 -0.031324
v 0.140056 -0.531082 -0.030603
v 0.135678 -0.347480 -0.030363
v 0.143142 -0.664544 -0.030602
v 0.189718 -0.649462 -0.033324
v 0.187773 -0.522656 -0.033218
v 0.185394 -0.344092 -0.033087
v 0.127680 -0.100771 -0.029924
v 0.177796 -0.099072 -0.032671
v -0.021145 -0.781722 -0.020412
v 0.037296 -0.784532 -0.023614
v -0.018774 -0.864067 -0.019524
v 0.040181 -0.868246 -0.022755
v 0.098694 -0.859782 -0.026216
v 0.095396 -0.777569 -0.026968
v -0.074029 -0.769142 -0.017514
v -0.075312 -0.847447 -0.016426
v -0.124135 -0.751675 -0.014768
v -0.130643 -0.824608 -0.013394
v 0.147262 -0.760833 -0.030319
v 0.153909 -0.838467 -0.030005
v 0.207474 -0.810728 -0.033958
v 0.196009 -0.739210 -0.033669
v 0.043003 -0.951158 -0.022571
v 0.104006 -0.941322 -0.026083
v -0.018528 -0.945678 -0.019199
v -0.019345 -1.026923 -0.019154
v 0.045792 -1.033669 -0.022724
v 0.110324 -1.022527 -0.026260
v -0.070430 0.696670 -0.021091
v -0.072125 0.756080 -0.021851
v -0.116598 0.754974 -0.019414
v -0.116016 0.696567 -0.018593
v -0.073313 0.797624 -0.022377
v -0.116993 0.795197 -0.019984
v -0.154125 0.792676 -0.017949
v -0.154787 0.754216 -0.017321
v -0.155689 0.697146 -0.016419
v -0.015081 0.757880 -0.024977
v -0.016533 0.799866 -0.025489
v -0.013015 0.698135 -0.024237
v 0.044291 0.702848 -0.027378
v 0.041866 0.762562 -0.028097
v 0.040191 0.803765 -0.028597
v 0.130579 0.737212 -0.032170
v 0.125498 0.784488 -0.032713
v 0.086047 0.772314 -0.030519
v 0.089548 0.712697 -0.029858
v 0.123843 0.832220 -0.033379
v 0.083704 0.811164 -0.030982
v -0.009165 0.585865 -0.023468
v -0.067264 0.585408 -0.020285
v 0.048787 0.590650 -0.026644
v -0.018538 0.858858 -0.025576
v -0.074955 0.855291 -0.022485
v 0.037946 0.860429 -0.028672
v 0.035417 0.924824 -0.028533
v -0.020820 0.926354 -0.025451
v -0.076824 0.921018 -0.022382
v 0.095986 0.600713 -0.029231
v 0.137809 0.613413 -0.031523
v 0.080742 0.860843 -0.031017
v 0.077469 0.915936 -0.030838
v 0.116692 0.860679 -0.032987
v 0.104755 0.895839 -0.032333
v -0.114902 0.588328 -0.017674
v -0.157310 0.592937 -0.015350
v 0.136751 0.613413 -0.050814
v 0.137809 0.613413 -0.031523
v 0.129522 0.737212 -0.051462
v 0.130579 0.737212 -0.032170
v 0.130579 0.737212 -0.032170
v 0.129522 0.737212 -0.051462
v 0.147426 0.758555 -0.052705
v 0.148483 0.758555 -0.033413
v 0.142050 0.813779 -0.053726
v 0.143107 0.813779 -0.034435
v 0.124441 0.784488 -0.052005
v 0.084990 0.772314 -0.049810
v -0.117547 0.848883 -0.020151
v -0.118180 0.909302 -0.020116
v -0.143957 0.884788 -0.018703
v -0.153227 0.841057 -0.018195
v -0.088097 -1.002393 -0.015386
v -0.080683 -0.925087 -0.015793
v -0.143150 -0.896940 -0.012369
v 0.164580 -0.915965 -0.029911
v 0.177262 -0.993395 -0.029928
v 0.224939 -0.882848 -0.033898
v 0.240963 -0.939558 -0.033713
v 0.239906 -0.939558 -0.053005
v 0.223881 -0.882848 -0.053189
v 0.224939 -0.882848 -0.033898
v 0.177262 -0.993395 -0.029928
v 0.176204 -0.993395 -0.049220
v 0.229401 -0.963631 -0.052135
v 0.230458 -0.963631 -0.032843
v -0.143152 -0.976314 -0.012369
v -0.144210 -0.976314 -0.031661
v -0.089154 -1.002393 -0.034678
v -0.088097 -1.002393 -0.015386
v -0.143150 -0.896940 -0.012369
v -0.144207 -0.896940 -0.031661
v -0.156271 -0.952981 -0.030999
v -0.155214 -0.952981 -0.011708
v -0.081740 -0.925087 -0.035084
v -0.089154 -1.002393 -0.034678
v -0.144207 -0.896940 -0.031661
v 0.163523 -0.915965 -0.049203
v 0.223881 -0.882848 -0.053189
v 0.176204 -0.993395 -0.049220
v 0.159285 0.805164 -0.054539
v 0.166687 0.787732 -0.054549
v 0.144738 0.786167 -0.053215
v 0.142050 0.813779 -0.053726
v 0.163115 0.769518 -0.053893
v 0.147426 0.758555 -0.052705
v 0.164172 0.769518 -0.034601
v 0.167745 0.787732 -0.035258
v 0.145795 0.786167 -0.033924
v 0.148483 0.758555 -0.033413
v 0.160342 0.805164 -0.035247
v 0.143107 0.813779 -0.034435
v 0.229401 -0.963631 -0.052135
v 0.230458 -0.963631 -0.032843
v 0.230458 -0.963631 -0.032843
v 0.240963 -0.939558 -0.033713
v -0.144210 -0.976314 -0.031661
v -0.156271 -0.952981 -0.030999
v 0.239906 -0.939558 -0.053005
v 0.229401 -0.963631 -0.052135
v -0.155214 -0.952981 -0.011708
v -0.143152 -0.976314 -0.012369
vn -0.0547 -0.0000 -0.9985
vn -0.0547 -0.0012 -0.9985
vn -0.0548 -0.0013 -0.9985
vn -0.0546 -0.0011 -0.9985
vn -0.0562 -0.0047 -0.9984
vn -0.0550 -0.0056 -0.9985
vn -0.0554 -0.0060 -0.9984
vn -0.0549 -0.0037 -0.9985
vn -0.0546 -0.0037 -0.9985
vn -0.0547 -0.0006 -0.9985
vn -0.0547 -0.0009 -0.9985
vn -0.0542 -0.0037 -0.9985
vn -0.0546 -0.0009 -0.9985
vn -0.0548 -0.0006 -0.9985
vn -0.0552 -0.0038 -0.9985
vn -0.0548 -0.0010 -0.9985
vn -0.0553 -0.0040 -0.9985
vn -0.0549 -0.0013 -0.9985
vn -0.0561 -0.0063 -0.9984
vn -0.0561 -0.0057 -0.9984
vn -0.0548 -0.0012 -0.9985
vn -0.0539 -0.0036 -0.9985
vn -0.0537 -0.0038 -0.9985
vn -0.0547 -0.0008 -0.9985
vn -0.0580 -0.0029 -0.9983
vn -0.0550 -0.0004 -0.9985
vn -0.0586 -0.0015 -0.9983
vn -0.0559 -0.0110 -0.9984
vn -0.0565 -0.0114 -0.9983
vn -0.0583 -0.0100 -0.9983
vn -0.0603 -0.0089 -0.9981
vn -0.0564 -0.0081 -0.9984
vn -0.0561 -0.0080 -0.9984
vn -0.0582 -0.0118 -0.9982
vn -0.0576 -0.0084 -0.9983
vn -0.0584 -0.0094 -0.9982
vn -0.0587 -0.0119 -0.9982
vn -0.0627 -0.0074 -0.9980
vn -0.0635 -0.0103 -0.9979
vn -0.0643 -0.0051 -0.9979
vn -0.0653 -0.0103 -0.9978
vn -0.0557 -0.0023 -0.9984
vn -0.0551 -0.0019 -0.9985
vn -0.0578 -0.0047 -0.9983
vn -0.0560 -0.0029 -0.9984
vn -0.0553 -0.0005 -0.9985
vn -0.0543 -0.0084 -0.9985
vn -0.0544 -0.0143 -0.9984
vn -0.0544 -0.0146 -0.9984
vn -0.0542 -0.0087 -0.9985
vn -0.0546 -0.0108 -0.9984
vn -0.0550 -0.0109 -0.9984
vn -0.0551 -0.0112 -0.9984
vn -0.0543 -0.0150 -0.9984
vn -0.0541 -0.0091 -0.9985
vn -0.0539 -0.0142 -0.9984
vn -0.0538 -0.0082 -0.9985
vn -0.0527 -0.0143 -0.9985
vn -0.0532 -0.0106 -0.9985
vn -0.0542 -0.0106 -0.9985
vn -0.0544 -0.0017 -0.9985
vn -0.0546 -0.0016 -0.9985
vn -0.0543 -0.0023 -0.9985
vn -0.0549 -0.0072 -0.9985
vn -0.0544 -0.0071 -0.9985
vn -0.0537 -0.0071 -0.9985
vn -0.0546 -0.0017 -0.9985
vn -0.0547 -0.0017 -0.9985
vn -0.0529 -0.0070 -0.9986
vn -0.0517 -0.0102 -0.9986
vn -0.0506 -0.0120 -0.9986
vn -0.0526 -0.0071 -0.9986
vn -0.0546 -0.0019 -0.9985
vn -0.0533 -0.0097 -0.9985
vn -0.0559 -0.0016 -0.9984
vn -0.0555 -0.0090 -0.9984
vn -0.0553 -0.0074 -0.9984
vn -0.0554 -0.0076 -0.9984
vn -0.1720 0.9851 0.0094
vn -0.4736 0.8803 0.0260
vn -0.4737 0.8803 0.0260
vn -0.8879 0.4574 0.0487
vn 0.1051 0.9944 -0.0058
vn -0.0338 0.9994 0.0018
vn -0.0338 0.9994 0.0019
vn 0.8138 0.5794 -0.0446
vn 0.3846 0.9228 -0.0211
vn 0.8697 0.4913 -0.0477
vn 0.9563 0.2878 -0.0524
vn 0.8354 -0.5478 -0.0458
vn 0.9924 0.1101 -0.0544
vn 0.9934 0.1013 -0.0544
vn 0.8293 -0.5569 -0.0453
vn 0.7230 0.6897 -0.0396
vn 0.7276 0.6849 -0.0399
vn 0.9974 0.0461 -0.0547
vn 0.9967 0.0594 -0.0546
vn 0.9967 0.0600 -0.0546
vn 0.9974 0.0459 -0.0547
vn 0.9960 0.0712 -0.0546
vn 0.9982 0.0235 -0.0547
vn 0.9979 0.0359 -0.0547
vn 0.9978 0.0381 -0.0547
vn 0.9984 0.0144 -0.0547
vn 0.9789 0.1971 -0.0536
vn 0.9925 0.1095 -0.0544
vn 0.9925 0.1096 -0.0544
vn 0.9788 0.1975 -0.0536
vn -0.2268 -0.9739 0.0124
vn 0.0338 -0.9994 -0.0019
vn 0.2920 -0.9563 -0.0160
vn -0.9981 -0.0297 0.0547
vn -0.9977 0.0407 0.0547
vn -0.9976 0.0414 0.0547
vn -0.9981 -0.0296 0.0547
vn -0.9900 0.1302 0.0542
vn -0.9899 0.1307 0.0542
vn -0.9975 -0.0442 0.0547
vn -0.9971 -0.0533 0.0547
vn -0.9975 -0.0443 0.0547
vn -0.9983 -0.0218 0.0547
vn -0.9980 -0.0318 0.0547
vn -0.9983 -0.0217 0.0547
vn -0.9985 0.0051 0.0547
vn -0.9985 -0.0079 0.0547
vn -0.9984 0.0164 0.0547
vn -0.9984 0.0132 0.0547
vn -0.9984 0.0131 0.0547
vn -0.9983 0.0184 0.0547
vn -0.9984 0.0174 0.0547
vn -0.9924 0.1102 0.0544
vn -0.9925 0.1099 0.0544
vn 0.0547 -0.0000 0.9985
vn 0.0548 0.0012 0.9985
vn 0.0547 0.0012 0.9985
vn 0.0553 0.0064 0.9984
vn 0.0550 0.0058 0.9985
vn 0.0561 0.0050 0.9984
vn 0.0548 0.0009 0.9985
vn 0.0549 0.0037 0.9985
vn 0.0547 0.0009 0.9985
vn 0.0546 0.0037 0.9985
vn 0.0546 0.0009 0.9985
vn 0.0543 0.0037 0.9985
vn 0.0552 0.0038 0.9985
vn 0.0553 0.0041 0.9985
vn 0.0548 0.0010 0.9985
vn 0.0548 0.0013 0.9985
vn 0.0561 0.0061 0.9984
vn 0.0549 0.0012 0.9985
vn 0.0562 0.0058 0.9984
vn 0.0539 0.0036 0.9985
vn 0.0546 0.0010 0.9985
vn 0.0537 0.0039 0.9985
vn 0.0552 0.0005 0.9985
vn 0.0580 0.0028 0.9983
vn 0.0583 0.0014 0.9983
vn 0.0550 0.0001 0.9985
vn 0.0563 0.0113 0.9983
vn 0.0559 0.0110 0.9984
vn 0.0561 0.0081 0.9984
vn 0.0562 0.0079 0.9984
vn 0.0600 0.0088 0.9982
vn 0.0585 0.0098 0.9982
vn 0.0582 0.0118 0.9982
vn 0.0576 0.0085 0.9983
vn 0.0590 0.0120 0.9982
vn 0.0584 0.0093 0.9983
vn 0.0625 0.0074 0.9980
vn 0.0635 0.0103 0.9979
vn 0.0652 0.0104 0.9978
vn 0.0646 0.0051 0.9979
vn 0.0561 0.0021 0.9984
vn 0.0573 0.0045 0.9983
vn 0.0551 0.0019 0.9985
vn 0.0555 0.0005 0.9985
vn 0.0561 0.0030 0.9984
vn 0.0546 0.0107 0.9985
vn 0.0543 0.0143 0.9984
vn 0.0543 0.0147 0.9984
vn 0.0550 0.0110 0.9984
vn 0.0543 0.0081 0.9985
vn 0.0542 0.0087 0.9985
vn 0.0541 0.0092 0.9985
vn 0.0545 0.0150 0.9984
vn 0.0551 0.0113 0.9984
vn 0.0539 0.0141 0.9984
vn 0.0542 0.0107 0.9985
vn 0.0532 0.0105 0.9985
vn 0.0529 0.0143 0.9985
vn 0.0538 0.0083 0.9985
vn 0.0506 0.0119 0.9986
vn 0.0523 0.0164 0.9985
vn 0.0509 0.0148 0.9986
vn 0.0518 0.0102 0.9986
vn 0.0555 0.0090 0.9984
vn 0.0533 0.0097 0.9985
vn 0.0544 0.0071 0.9985
vn 0.0549 0.0072 0.9985
vn 0.0537 0.0071 0.9985
vn 0.0547 0.0017 0.9985
vn 0.0545 0.0017 0.9985
vn 0.0546 0.0018 0.9985
vn 0.0529 0.0070 0.9986
vn 0.0524 0.0072 0.9986
vn 0.0551 0.0016 0.9985
vn 0.0559 0.0016 0.9984
vn 0.0553 0.0074 0.9984
vn 0.0556 0.0077 0.9984
vn 0.9963 0.0666 -0.0546
vn 0.9962 0.0673 -0.0546
vn 0.9957 -0.0751 -0.0546
vn 0.9959 -0.0727 -0.0535
vn 0.9959 -0.0727 -0.0545
vn 0.9954 -0.0752 -0.0600
vn 0.6904 -0.7224 -0.0378
vn 0.6920 -0.7209 -0.0379
vn 0.5944 0.8035 -0.0326
vn 0.5939 0.8039 -0.0324
vn -0.0524 -0.0164 -0.9985
vn -0.0509 -0.0148 -0.9986
vn 0.0544 0.0018 0.9985
vn 0.0544 0.0023 0.9985
vn 0.0555 0.0020 0.9985
vn 0.0558 0.0025 0.9984
vn 0.0581 0.0098 0.9983
vn 0.0547 0.0084 0.9985
vn 0.0585 0.0127 0.9982
vn 0.9964 0.0646 -0.0546
vn 0.9960 0.0701 -0.0546
vn 0.9665 0.2510 -0.0530
vn 0.9665 0.2513 -0.0530
vn 0.4390 -0.8982 -0.0241
vn 0.6446 -0.7637 -0.0353
vn 0.6431 -0.7650 -0.0352
vn -0.5914 -0.8057 0.0324
vn -0.3774 -0.9258 0.0207
vn -0.3773 -0.9259 0.0207
vn -0.9806 0.1884 0.0537
vn -0.9985 -0.0001 0.0547
vn -0.9985 -0.0000 0.0547
vn -0.0555 -0.0020 -0.9985
vn -0.0558 -0.0025 -0.9984
vn -0.0582 -0.0099 -0.9983
vn -0.0585 -0.0127 -0.9982
vn -0.0547 -0.0084 -0.9985
vn -0.0591 -0.0243 -0.9980
vn -0.0588 -0.0243 -0.9980
vn -0.0588 -0.0212 -0.9980
vn -0.0642 -0.0203 -0.9977
vn -0.0588 -0.0242 -0.9980
vn -0.0536 -0.0204 -0.9984
vn 0.0588 0.0243 0.9980
vn 0.0590 0.0244 0.9980
vn 0.0589 0.0214 0.9980
vn 0.0538 0.0204 0.9983
vn 0.0589 0.0242 0.9980
vn 0.0641 0.0203 0.9977
vn 0.6431 -0.7650 -0.0353
vn 0.0529 0.0130 0.9985
vn -0.0548 -0.0000 -0.9985
vn -0.0529 -0.0130 -0.9985
vt 0.083945 0.789242
vt 0.067022 0.788876
vt 0.065358 0.845763
vt 0.082163 0.845741
vt 0.050106 0.788253
vt 0.048582 0.844759
vt 0.047537 0.886510
vt 0.064122 0.888012
vt 0.080766 0.887496
vt 0.088242 0.641098
vt 0.071355 0.640712
vt 0.069212 0.713968
vt 0.086156 0.714463
vt 0.054474 0.640110
vt 0.052269 0.713472
vt 0.090695 0.547219
vt 0.074085 0.547390
vt 0.072874 0.588784
vt 0.089649 0.588840
vt 0.057515 0.546150
vt 0.056124 0.587859
vt 0.104222 0.587961
vt 0.104775 0.545658
vt 0.103152 0.641208
vt 0.117074 0.641180
vt 0.117694 0.586616
vt 0.117590 0.543403
vt 0.096828 0.844631
vt 0.098962 0.789297
vt 0.095244 0.884912
vt 0.108640 0.881294
vt 0.110422 0.842976
vt 0.113027 0.789195
vt 0.101235 0.714904
vt 0.115381 0.715318
vt 0.041627 0.586130
vt 0.039583 0.639348
vt 0.043559 0.543473
vt 0.030909 0.540079
vt 0.028257 0.584000
vt 0.025687 0.638507
vt 0.034008 0.842793
vt 0.033236 0.883038
vt 0.035111 0.787429
vt 0.021076 0.786506
vt 0.020534 0.840347
vt 0.020076 0.878583
vt 0.037190 0.713031
vt 0.023044 0.712617
vt 0.063216 0.919008
vt 0.079708 0.918046
vt 0.046809 0.917023
vt 0.045953 0.941818
vt 0.062478 0.944255
vt 0.079115 0.942879
vt 0.094626 0.914148
vt 0.095061 0.937757
vt 0.110661 0.930762
vt 0.108756 0.908784
vt 0.032150 0.912078
vt 0.030341 0.935499
vt 0.018364 0.905653
vt 0.015185 0.927238
vt 0.061747 0.969258
vt 0.079109 0.967485
vt 0.044519 0.966413
vt 0.042797 0.990908
vt 0.061019 0.994141
vt 0.079398 0.991979
vt 0.093218 0.441766
vt 0.092922 0.454295
vt 0.105475 0.454541
vt 0.105549 0.442412
vt 0.092499 0.472212
vt 0.105366 0.472153
vt 0.116563 0.471901
vt 0.116254 0.454694
vt 0.116031 0.443099
vt 0.077191 0.441202
vt 0.076820 0.453864
vt 0.061178 0.440138
vt 0.060744 0.452565
vt 0.060115 0.470575
vt 0.076293 0.471883
vt 0.105663 0.426224
vt 0.093637 0.424376
vt 0.115739 0.428514
vt 0.113092 0.415347
vt 0.105798 0.408007
vt 0.094117 0.404556
vt 0.091701 0.505765
vt 0.075303 0.505741
vt 0.058942 0.504412
vt 0.077711 0.423411
vt 0.061767 0.423049
vt 0.078306 0.403057
vt 0.062435 0.403629
vt 0.045613 0.501472
vt 0.047334 0.467695
vt 0.035735 0.460384
vt 0.033800 0.497725
vt 0.049688 0.423008
vt 0.048891 0.437992
vt 0.050572 0.406391
vt 0.042885 0.412504
vt 0.039541 0.423128
vt 0.037544 0.431723
vt 0.105145 0.504791
vt 0.117111 0.503318
vt 0.942122 0.295038
vt 0.942122 0.307218
vt 0.947908 0.307218
vt 0.947908 0.295038
vt 0.942122 0.317566
vt 0.947908 0.317566
vt 0.942122 0.263274
vt 0.942122 0.279156
vt 0.947908 0.279156
vt 0.947908 0.263274
vt 0.942122 0.241273
vt 0.942122 0.251094
vt 0.947908 0.251094
vt 0.947908 0.241273
vt 0.942122 0.221312
vt 0.942122 0.230135
vt 0.947908 0.230135
vt 0.947908 0.221312
vt 0.942417 0.196751
vt 0.942279 0.202331
vt 0.948066 0.202331
vt 0.948203 0.196751
vt 0.942161 0.207994
vt 0.947947 0.207994
vt 0.987543 0.815730
vt 0.987543 0.870298
vt 0.993329 0.870298
vt 0.993329 0.815730
vt 0.987465 0.914299
vt 0.993251 0.914299
vt 0.987543 0.667659
vt 0.987543 0.741573
vt 0.993329 0.741573
vt 0.993329 0.667659
vt 0.987543 0.575576
vt 0.987543 0.613814
vt 0.993329 0.613814
vt 0.993329 0.575576
vt 0.987644 0.526633
vt 0.987543 0.548451
vt 0.993329 0.548451
vt 0.993431 0.526633
vt 0.944029 0.918872
vt 0.944029 0.937379
vt 0.949815 0.937379
vt 0.949815 0.918872
vt 0.944029 0.955885
vt 0.949815 0.955885
vt 0.943319 0.783952
vt 0.943623 0.811440
vt 0.949410 0.811440
vt 0.949105 0.783952
vt 0.943928 0.833499
vt 0.949714 0.833499
vt 0.943218 0.691748
vt 0.943218 0.745592
vt 0.949004 0.745592
vt 0.949004 0.691748
vt 0.943218 0.543676
vt 0.943218 0.617834
vt 0.949004 0.617834
vt 0.949004 0.543676
vt 0.943140 0.445896
vt 0.943218 0.489109
vt 0.949004 0.489109
vt 0.948926 0.445896
vt 0.942613 0.374388
vt 0.942906 0.405808
vt 0.948692 0.405808
vt 0.948399 0.374388
vt 0.942181 0.345584
vt 0.942358 0.357180
vt 0.948144 0.357180
vt 0.947967 0.345584
vt 0.942122 0.330996
vt 0.947908 0.330996
vt 0.298971 0.607955
vt 0.297190 0.551456
vt 0.280384 0.551435
vt 0.282048 0.608322
vt 0.295793 0.509701
vt 0.279149 0.509185
vt 0.262564 0.510688
vt 0.263609 0.552438
vt 0.265133 0.608945
vt 0.303269 0.756100
vt 0.301183 0.682734
vt 0.284239 0.683230
vt 0.286382 0.756485
vt 0.267296 0.683726
vt 0.269501 0.757088
vt 0.305722 0.849979
vt 0.304676 0.808358
vt 0.287901 0.808414
vt 0.289111 0.849807
vt 0.271151 0.809339
vt 0.272542 0.851048
vt 0.319249 0.809236
vt 0.318179 0.755990
vt 0.319802 0.851539
vt 0.332617 0.853794
vt 0.332721 0.810581
vt 0.332100 0.756018
vt 0.311854 0.552567
vt 0.310271 0.512285
vt 0.313989 0.607901
vt 0.328053 0.608003
vt 0.325448 0.554222
vt 0.323667 0.515903
vt 0.316261 0.682293
vt 0.330408 0.681880
vt 0.256654 0.811067
vt 0.258586 0.853724
vt 0.254610 0.757849
vt 0.240714 0.758690
vt 0.243284 0.813197
vt 0.245936 0.857119
vt 0.249034 0.554404
vt 0.250138 0.609768
vt 0.248262 0.514159
vt 0.235103 0.518615
vt 0.235560 0.556850
vt 0.236103 0.610692
vt 0.252217 0.684167
vt 0.238071 0.684580
vt 0.294735 0.479152
vt 0.278242 0.478190
vt 0.294141 0.454319
vt 0.277505 0.452943
vt 0.260979 0.455380
vt 0.261836 0.480175
vt 0.309652 0.483049
vt 0.310087 0.459441
vt 0.323782 0.488414
vt 0.325688 0.466435
vt 0.247177 0.485120
vt 0.245367 0.461699
vt 0.230211 0.469959
vt 0.233391 0.491544
vt 0.276773 0.427939
vt 0.259546 0.430785
vt 0.294136 0.429712
vt 0.294425 0.405219
vt 0.276045 0.403057
vt 0.257824 0.406289
vt 0.307526 0.924986
vt 0.307949 0.942903
vt 0.320502 0.942657
vt 0.320393 0.925044
vt 0.308245 0.955432
vt 0.320575 0.954786
vt 0.331058 0.954099
vt 0.331281 0.942503
vt 0.331590 0.925297
vt 0.291847 0.943333
vt 0.292217 0.955996
vt 0.291320 0.925314
vt 0.275142 0.926623
vt 0.275771 0.944633
vt 0.276205 0.957060
vt 0.250762 0.936813
vt 0.252149 0.951079
vt 0.263293 0.947486
vt 0.262361 0.929503
vt 0.252570 0.965475
vt 0.263918 0.959205
vt 0.290329 0.891456
vt 0.306728 0.891433
vt 0.273969 0.892785
vt 0.292738 0.973786
vt 0.308664 0.972821
vt 0.276794 0.974149
vt 0.277462 0.993569
vt 0.293333 0.994141
vt 0.309144 0.992642
vt 0.260640 0.895726
vt 0.248826 0.899473
vt 0.264715 0.974189
vt 0.265599 0.990806
vt 0.254568 0.974069
vt 0.257912 0.984694
vt 0.320172 0.892407
vt 0.332138 0.893880
vt 0.987231 0.956751
vt 0.993017 0.956751
vt 0.986919 0.994141
vt 0.992705 0.994141
vt 0.948380 0.183067
vt 0.942594 0.183067
vt 0.942515 0.191233
vt 0.948301 0.191233
vt 0.942122 0.213517
vt 0.947908 0.213517
vt 0.037122 0.446119
vt 0.048267 0.449711
vt 0.320690 0.970973
vt 0.320825 0.989191
vt 0.328118 0.981851
vt 0.330766 0.968684
vt 0.313812 0.412750
vt 0.311664 0.436043
vt 0.329275 0.444652
vt 0.242422 0.438311
vt 0.238909 0.414940
vt 0.225351 0.448178
vt 0.994053 0.486617
vt 0.988266 0.486617
vt 0.987949 0.504318
vt 0.993735 0.504318
vt 0.949815 0.976684
vt 0.944029 0.976684
vt 0.944029 0.994141
vt 0.949815 0.994141
vt 0.949815 0.880626
vt 0.944029 0.880626
vt 0.944029 0.898073
vt 0.949815 0.898073
vt 0.949815 0.855575
vt 0.944029 0.855575
vt 0.944029 0.872796
vt 0.949815 0.872796
vt 0.096638 0.961155
vt 0.098786 0.984448
vt 0.114249 0.952546
vt 0.027395 0.958886
vt 0.010324 0.949019
vt 0.023883 0.982257
vt 0.027263 0.439951
vt 0.025192 0.445222
vt 0.031391 0.445652
vt 0.032119 0.437319
vt 0.026221 0.450709
vt 0.030662 0.453984
vt 0.241248 0.946489
vt 0.240219 0.951975
vt 0.246417 0.951546
vt 0.245689 0.943213
vt 0.242290 0.957247
vt 0.247146 0.959878
vt 0.988354 0.478787
vt 0.994141 0.478787
vt 0.223873 0.423809
vt 0.220886 0.431046
vt 0.114306 0.976477
vt 0.117694 0.969418
vt 0.008846 0.973389
vt 0.005859 0.966151
vt 0.329333 0.420721
vt 0.332721 0.427779
s 1
usemtl lambert2.003
f 1411/1393/1138 1412/1394/1138 1413/1395/1139
f 1411/1393/1138 1413/1395/1139 1414/1396/1140
f 1412/1394/1138 1415/1397/1138 1416/1398/1141
f 1412/1394/1138 1416/1398/1141 1413/1395/1139
f 1413/1395/1139 1416/1398/1141 1417/1399/1142
f 1413/1395/1139 1417/1399/1142 1418/1400/1143
f 1414/1396/1140 1413/1395/1139 1418/1400/1143
f 1414/1396/1140 1418/1400/1143 1419/1401/1144
f 1420/1402/1138 1421/1403/1138 1422/1404/1138
f 1420/1402/1138 1422/1404/1138 1423/1405/1138
f 1421/1403/1138 1424/1406/1138 1425/1407/1138
f 1421/1403/1138 1425/1407/1138 1422/1404/1138
f 1422/1404/1138 1425/1407/1138 1415/1397/1138
f 1422/1404/1138 1415/1397/1138 1412/1394/1138
f 1423/1405/1138 1422/1404/1138 1412/1394/1138
f 1423/1405/1138 1412/1394/1138 1411/1393/1138
f 1426/1408/1145 1427/1409/1146 1428/1410/1147
f 1426/1408/1145 1428/1410/1147 1429/1411/1148
f 1427/1409/1146 1430/1412/1149 1431/1413/1150
f 1427/1409/1146 1431/1413/1150 1428/1410/1147
f 1428/1410/1147 1431/1413/1150 1424/1406/1138
f 1428/1410/1147 1424/1406/1138 1421/1403/1138
f 1429/1411/1148 1428/1410/1147 1421/1403/1138
f 1429/1411/1148 1421/1403/1138 1420/1402/1138
f 1426/1408/1145 1429/1411/1148 1432/1414/1151
f 1426/1408/1145 1432/1414/1151 1433/1415/1152
f 1429/1411/1148 1420/1402/1138 1434/1416/1138
f 1429/1411/1148 1434/1416/1138 1432/1414/1151
f 1432/1414/1151 1434/1416/1138 1435/1417/1138
f 1432/1414/1151 1435/1417/1138 1436/1418/1153
f 1433/1415/1152 1432/1414/1151 1436/1418/1153
f 1433/1415/1152 1436/1418/1153 1437/1419/1154
f 1411/1393/1138 1414/1396/1140 1438/1420/1155
f 1411/1393/1138 1438/1420/1155 1439/1421/1138
f 1414/1396/1140 1419/1401/1144 1440/1422/1156
f 1414/1396/1140 1440/1422/1156 1438/1420/1155
f 1438/1420/1155 1440/1422/1156 1441/1423/1157
f 1438/1420/1155 1441/1423/1157 1442/1424/1158
f 1439/1421/1138 1438/1420/1155 1442/1424/1158
f 1439/1421/1138 1442/1424/1158 1443/1425/1138
f 1420/1402/1138 1423/1405/1138 1444/1426/1138
f 1420/1402/1138 1444/1426/1138 1434/1416/1138
f 1423/1405/1138 1411/1393/1138 1439/1421/1138
f 1423/1405/1138 1439/1421/1138 1444/1426/1138
f 1444/1426/1138 1439/1421/1138 1443/1425/1138
f 1444/1426/1138 1443/1425/1138 1445/1427/1138
f 1434/1416/1138 1444/1426/1138 1445/1427/1138
f 1434/1416/1138 1445/1427/1138 1435/1417/1138
f 1424/1406/1138 1431/1413/1150 1446/1428/1150
f 1424/1406/1138 1446/1428/1150 1447/1429/1138
f 1431/1413/1150 1430/1412/1149 1448/1430/1159
f 1431/1413/1150 1448/1430/1159 1446/1428/1150
f 1446/1428/1150 1448/1430/1159 1449/1431/1160
f 1446/1428/1150 1449/1431/1160 1450/1432/1150
f 1447/1429/1138 1446/1428/1150 1450/1432/1150
f 1447/1429/1138 1450/1432/1150 1451/1433/1138
f 1417/1399/1142 1416/1398/1141 1452/1434/1161
f 1417/1399/1142 1452/1434/1161 1453/1435/1162
f 1416/1398/1141 1415/1397/1138 1454/1436/1138
f 1416/1398/1141 1454/1436/1138 1452/1434/1161
f 1452/1434/1161 1454/1436/1138 1455/1437/1138
f 1452/1434/1161 1455/1437/1138 1456/1438/1163
f 1453/1435/1162 1452/1434/1161 1456/1438/1163
f 1453/1435/1162 1456/1438/1163 1457/1439/1164
f 1415/1397/1138 1425/1407/1138 1458/1440/1138
f 1415/1397/1138 1458/1440/1138 1454/1436/1138
f 1425/1407/1138 1424/1406/1138 1447/1429/1138
f 1425/1407/1138 1447/1429/1138 1458/1440/1138
f 1458/1440/1138 1447/1429/1138 1451/1433/1138
f 1458/1440/1138 1451/1433/1138 1459/1441/1138
f 1454/1436/1138 1458/1440/1138 1459/1441/1138
f 1454/1436/1138 1459/1441/1138 1455/1437/1138
f 1419/1401/1144 1418/1400/1143 1460/1442/1165
f 1419/1401/1144 1460/1442/1165 1461/1443/1166
f 1418/1400/1143 1417/1399/1142 1462/1444/1167
f 1418/1400/1143 1462/1444/1167 1460/1442/1165
f 1460/1442/1165 1462/1444/1167 1463/1445/1168
f 1460/1442/1165 1463/1445/1168 1464/1446/1169
f 1461/1443/1166 1460/1442/1165 1464/1446/1169
f 1461/1443/1166 1464/1446/1169 1465/1447/1170
f 1419/1401/1144 1461/1443/1166 1466/1448/1171
f 1419/1401/1144 1466/1448/1171 1440/1422/1156
f 1461/1443/1166 1465/1447/1170 1467/1449/1172
f 1461/1443/1166 1467/1449/1172 1466/1448/1171
f 1466/1448/1171 1467/1449/1172 1468/1450/1173
f 1466/1448/1171 1468/1450/1173 1469/1451/1174
f 1440/1422/1156 1466/1448/1171 1469/1451/1174
f 1440/1422/1156 1469/1451/1174 1441/1423/1157
f 1463/1445/1168 1462/1444/1167 1470/1452/1175
f 1463/1445/1168 1470/1452/1175 1471/1453/1176
f 1462/1444/1167 1417/1399/1142 1453/1435/1162
f 1462/1444/1167 1453/1435/1162 1470/1452/1175
f 1470/1452/1175 1453/1435/1162 1457/1439/1164
f 1470/1452/1175 1457/1439/1164 1472/1454/1177
f 1471/1453/1176 1470/1452/1175 1472/1454/1177
f 1471/1453/1176 1472/1454/1177 1473/1455/1178
f 1465/1447/1170 1464/1446/1169 1474/1456/1179
f 1465/1447/1170 1474/1456/1179 1475/1457/1180
f 1464/1446/1169 1463/1445/1168 1476/1458/1181
f 1464/1446/1169 1476/1458/1181 1474/1456/1179
f 1474/1456/1179 1476/1458/1181 1477/1459/1182
f 1474/1456/1179 1477/1459/1182 1478/1460/1183
f 1475/1457/1180 1474/1456/1179 1478/1460/1183
f 1475/1457/1180 1478/1460/1183 1479/1461/1138
f 1480/1462/1184 1481/1463/1185 1482/1464/1186
f 1480/1462/1184 1482/1464/1186 1483/1465/1187
f 1481/1463/1185 1484/1466/1188 1485/1467/1189
f 1481/1463/1185 1485/1467/1189 1482/1464/1186
f 1482/1464/1186 1485/1467/1189 1486/1468/1190
f 1482/1464/1186 1486/1468/1190 1487/1469/1191
f 1483/1465/1187 1482/1464/1186 1487/1469/1191
f 1483/1465/1187 1487/1469/1191 1488/1470/1192
f 1480/1462/1184 1489/1471/1184 1490/1472/1193
f 1480/1462/1184 1490/1472/1193 1481/1463/1185
f 1489/1471/1184 1491/1473/1194 1492/1474/1195
f 1489/1471/1184 1492/1474/1195 1490/1472/1193
f 1490/1472/1193 1492/1474/1195 1493/1475/1196
f 1490/1472/1193 1493/1475/1196 1494/1476/1197
f 1481/1463/1185 1490/1472/1193 1494/1476/1197
f 1481/1463/1185 1494/1476/1197 1484/1466/1188
f 1480/1462/1184 1483/1465/1187 1495/1477/1198
f 1480/1462/1184 1495/1477/1198 1496/1478/1199
f 1483/1465/1187 1488/1470/1192 1497/1479/1200
f 1483/1465/1187 1497/1479/1200 1495/1477/1198
f 1495/1477/1198 1497/1479/1200 1498/1480/1138
f 1495/1477/1198 1498/1480/1138 1499/1481/1138
f 1496/1478/1199 1495/1477/1198 1499/1481/1138
f 1496/1478/1199 1499/1481/1138 1500/1482/1138
f 1426/1408/1145 1501/1483/1201 1502/1484/1202
f 1426/1408/1145 1502/1484/1202 1427/1409/1146
f 1501/1483/1201 1484/1466/1188 1494/1476/1197
f 1501/1483/1201 1494/1476/1197 1502/1484/1202
f 1502/1484/1202 1494/1476/1197 1493/1475/1196
f 1502/1484/1202 1493/1475/1196 1503/1485/1203
f 1427/1409/1146 1502/1484/1202 1503/1485/1203
f 1427/1409/1146 1503/1485/1203 1430/1412/1149
f 1491/1473/1194 1489/1471/1184 1504/1486/1204
f 1491/1473/1194 1504/1486/1204 1505/1487/1205
f 1489/1471/1184 1480/1462/1184 1496/1478/1199
f 1489/1471/1184 1496/1478/1199 1504/1486/1204
f 1504/1486/1204 1496/1478/1199 1500/1482/1138
f 1504/1486/1204 1500/1482/1138 1506/1488/1138
f 1505/1487/1205 1504/1486/1204 1506/1488/1138
f 1505/1487/1205 1506/1488/1138 1507/1489/1138
f 1430/1412/1149 1503/1485/1203 1508/1490/1206
f 1430/1412/1149 1508/1490/1206 1448/1430/1159
f 1503/1485/1203 1493/1475/1196 1509/1491/1207
f 1503/1485/1203 1509/1491/1207 1508/1490/1206
f 1508/1490/1206 1509/1491/1207 1510/1492/1208
f 1508/1490/1206 1510/1492/1208 1511/1493/1209
f 1448/1430/1159 1508/1490/1206 1511/1493/1209
f 1448/1430/1159 1511/1493/1209 1449/1431/1160
f 1491/1473/1194 1505/1487/1205 1512/1494/1210
f 1491/1473/1194 1512/1494/1210 1513/1495/1211
f 1505/1487/1205 1507/1489/1138 1514/1496/1138
f 1505/1487/1205 1514/1496/1138 1512/1494/1210
f 1512/1494/1210 1514/1496/1138 1515/1497/1138
f 1512/1494/1210 1515/1497/1138 1516/1498/1212
f 1513/1495/1211 1512/1494/1210 1516/1498/1212
f 1513/1495/1211 1516/1498/1212 1517/1499/1213
f 1484/1466/1188 1501/1483/1201 1518/1500/1214
f 1484/1466/1188 1518/1500/1214 1485/1467/1189
f 1501/1483/1201 1426/1408/1145 1433/1415/1152
f 1501/1483/1201 1433/1415/1152 1518/1500/1214
f 1518/1500/1214 1433/1415/1152 1437/1419/1154
f 1518/1500/1214 1437/1419/1154 1519/1501/1215
f 1485/1467/1189 1518/1500/1214 1519/1501/1215
f 1485/1467/1189 1519/1501/1215 1486/1468/1190
f 1520/1502/1216 1521/1503/1217 1522/1504/1218
f 1520/1502/1216 1522/1504/1218 1523/1505/1216
f 1521/1503/1217 1524/1506/1219 1525/1507/1219
f 1521/1503/1217 1525/1507/1219 1522/1504/1218
f 1526/1508/1220 1527/1509/1221 1528/1510/1222
f 1526/1508/1220 1528/1510/1222 1529/1511/1220
f 1527/1509/1221 1520/1502/1216 1523/1505/1216
f 1527/1509/1221 1523/1505/1216 1528/1510/1222
f 1530/1512/1223 1531/1513/1224 1532/1514/1224
f 1530/1512/1223 1532/1514/1224 1533/1515/1223
f 1531/1513/1224 1526/1508/1220 1529/1511/1220
f 1531/1513/1224 1529/1511/1220 1532/1514/1224
f 1534/1516/1225 1535/1517/1226 1536/1518/1226
f 1534/1516/1225 1536/1518/1226 1537/1519/1225
f 1535/1517/1226 1530/1512/1223 1533/1515/1223
f 1535/1517/1226 1533/1515/1223 1536/1518/1226
f 1538/1520/1227 1539/1521/1228 1540/1522/1229
f 1538/1520/1227 1540/1522/1229 1541/1523/1230
f 1539/1521/1228 1542/1524/1231 1543/1525/1232
f 1539/1521/1228 1543/1525/1232 1540/1522/1229
f 1544/1526/1233 1545/1527/1234 1546/1528/1235
f 1544/1526/1233 1546/1528/1235 1547/1529/1236
f 1545/1527/1234 1548/1530/1237 1549/1531/1237
f 1545/1527/1234 1549/1531/1237 1546/1528/1235
f 1550/1532/1238 1551/1533/1239 1552/1534/1239
f 1550/1532/1238 1552/1534/1239 1553/1535/1238
f 1551/1533/1239 1544/1526/1233 1547/1529/1236
f 1551/1533/1239 1547/1529/1236 1552/1534/1239
f 1554/1536/1240 1555/1537/1241 1556/1538/1241
f 1554/1536/1240 1556/1538/1241 1557/1539/1240
f 1555/1537/1241 1550/1532/1238 1553/1535/1238
f 1555/1537/1241 1553/1535/1238 1556/1538/1241
f 1558/1540/1242 1559/1541/1243 1560/1542/1244
f 1558/1540/1242 1560/1542/1244 1561/1543/1245
f 1559/1541/1243 1554/1536/1240 1557/1539/1240
f 1559/1541/1243 1557/1539/1240 1560/1542/1244
f 1562/1544/1246 1563/1545/1247 1564/1546/1247
f 1562/1544/1246 1564/1546/1247 1565/1547/1246
f 1563/1545/1247 1566/1548/1248 1567/1549/1248
f 1563/1545/1247 1567/1549/1248 1564/1546/1247
f 1568/1550/1249 1569/1551/1250 1570/1552/1251
f 1568/1550/1249 1570/1552/1251 1571/1553/1252
f 1569/1551/1250 1572/1554/1253 1573/1555/1254
f 1569/1551/1250 1573/1555/1254 1570/1552/1251
f 1574/1556/1255 1575/1557/1256 1576/1558/1256
f 1574/1556/1255 1576/1558/1256 1577/1559/1257
f 1575/1557/1256 1568/1550/1249 1571/1553/1252
f 1575/1557/1256 1571/1553/1252 1576/1558/1256
f 1578/1560/1258 1579/1561/1259 1580/1562/1259
f 1578/1560/1258 1580/1562/1259 1581/1563/1260
f 1579/1561/1259 1574/1556/1255 1577/1559/1257
f 1579/1561/1259 1577/1559/1257 1580/1562/1259
f 1582/1564/1261 1583/1565/1262 1584/1566/1262
f 1582/1564/1261 1584/1566/1262 1585/1567/1261
f 1583/1565/1262 1578/1560/1258 1581/1563/1260
f 1583/1565/1262 1581/1563/1260 1584/1566/1262
f 1586/1568/1263 1587/1569/1264 1588/1570/1265
f 1586/1568/1263 1588/1570/1265 1589/1571/1263
f 1587/1569/1264 1582/1564/1261 1585/1567/1261
f 1587/1569/1264 1585/1567/1261 1588/1570/1265
f 1590/1572/1266 1591/1573/1267 1592/1574/1267
f 1590/1572/1266 1592/1574/1267 1593/1575/1266
f 1591/1573/1267 1586/1568/1263 1589/1571/1263
f 1591/1573/1267 1589/1571/1263 1592/1574/1267
f 1525/1507/1219 1524/1506/1219 1594/1576/1268
f 1525/1507/1219 1594/1576/1268 1595/1577/1269
f 1594/1576/1268 1590/1572/1266 1593/1575/1266
f 1594/1576/1268 1593/1575/1266 1595/1577/1269
f 1596/1578/1270 1597/1579/1271 1598/1580/1272
f 1596/1578/1270 1598/1580/1272 1599/1581/1270
f 1597/1579/1271 1600/1582/1273 1601/1583/1274
f 1597/1579/1271 1601/1583/1274 1598/1580/1272
f 1598/1580/1272 1601/1583/1274 1602/1584/1275
f 1598/1580/1272 1602/1584/1275 1603/1585/1276
f 1599/1581/1270 1598/1580/1272 1603/1585/1276
f 1599/1581/1270 1603/1585/1276 1604/1586/1270
f 1605/1587/1270 1606/1588/1270 1607/1589/1270
f 1605/1587/1270 1607/1589/1270 1608/1590/1270
f 1606/1588/1270 1596/1578/1270 1599/1581/1270
f 1606/1588/1270 1599/1581/1270 1607/1589/1270
f 1607/1589/1270 1599/1581/1270 1604/1586/1270
f 1607/1589/1270 1604/1586/1270 1609/1591/1270
f 1608/1590/1270 1607/1589/1270 1609/1591/1270
f 1608/1590/1270 1609/1591/1270 1610/1592/1270
f 1611/1593/1277 1612/1594/1278 1613/1595/1278
f 1611/1593/1277 1613/1595/1278 1614/1596/1279
f 1612/1594/1278 1605/1587/1270 1608/1590/1270
f 1612/1594/1278 1608/1590/1270 1613/1595/1278
f 1613/1595/1278 1608/1590/1270 1610/1592/1270
f 1613/1595/1278 1610/1592/1270 1615/1597/1280
f 1614/1596/1279 1613/1595/1278 1615/1597/1280
f 1614/1596/1279 1615/1597/1280 1616/1598/1281
f 1605/1587/1270 1612/1594/1278 1617/1599/1276
f 1605/1587/1270 1617/1599/1276 1618/1600/1270
f 1612/1594/1278 1611/1593/1277 1619/1601/1282
f 1612/1594/1278 1619/1601/1282 1617/1599/1276
f 1617/1599/1276 1619/1601/1282 1620/1602/1283
f 1617/1599/1276 1620/1602/1283 1621/1603/1284
f 1618/1600/1270 1617/1599/1276 1621/1603/1284
f 1618/1600/1270 1621/1603/1284 1622/1604/1270
f 1600/1582/1273 1597/1579/1271 1623/1605/1285
f 1600/1582/1273 1623/1605/1285 1624/1606/1286
f 1597/1579/1271 1596/1578/1270 1625/1607/1270
f 1597/1579/1271 1625/1607/1270 1623/1605/1285
f 1623/1605/1285 1625/1607/1270 1626/1608/1270
f 1623/1605/1285 1626/1608/1270 1627/1609/1287
f 1624/1606/1286 1623/1605/1285 1627/1609/1287
f 1624/1606/1286 1627/1609/1287 1628/1610/1288
f 1596/1578/1270 1606/1588/1270 1629/1611/1270
f 1596/1578/1270 1629/1611/1270 1625/1607/1270
f 1606/1588/1270 1605/1587/1270 1618/1600/1270
f 1606/1588/1270 1618/1600/1270 1629/1611/1270
f 1629/1611/1270 1618/1600/1270 1622/1604/1270
f 1629/1611/1270 1622/1604/1270 1630/1612/1270
f 1625/1607/1270 1629/1611/1270 1630/1612/1270
f 1625/1607/1270 1630/1612/1270 1626/1608/1270
f 1616/1598/1281 1615/1597/1280 1631/1613/1280
f 1616/1598/1281 1631/1613/1280 1632/1614/1289
f 1615/1597/1280 1610/1592/1270 1633/1615/1270
f 1615/1597/1280 1633/1615/1270 1631/1613/1280
f 1631/1613/1280 1633/1615/1270 1634/1616/1270
f 1631/1613/1280 1634/1616/1270 1635/1617/1290
f 1632/1614/1289 1631/1613/1280 1635/1617/1290
f 1632/1614/1289 1635/1617/1290 1636/1618/1291
f 1604/1586/1270 1603/1585/1276 1637/1619/1292
f 1604/1586/1270 1637/1619/1292 1638/1620/1270
f 1603/1585/1276 1602/1584/1275 1639/1621/1293
f 1603/1585/1276 1639/1621/1293 1637/1619/1292
f 1637/1619/1292 1639/1621/1293 1640/1622/1294
f 1637/1619/1292 1640/1622/1294 1641/1623/1295
f 1638/1620/1270 1637/1619/1292 1641/1623/1295
f 1638/1620/1270 1641/1623/1295 1642/1624/1270
f 1610/1592/1270 1609/1591/1270 1643/1625/1270
f 1610/1592/1270 1643/1625/1270 1633/1615/1270
f 1609/1591/1270 1604/1586/1270 1638/1620/1270
f 1609/1591/1270 1638/1620/1270 1643/1625/1270
f 1643/1625/1270 1638/1620/1270 1642/1624/1270
f 1643/1625/1270 1642/1624/1270 1644/1626/1270
f 1633/1615/1270 1643/1625/1270 1644/1626/1270
f 1633/1615/1270 1644/1626/1270 1634/1616/1270
f 1600/1582/1273 1645/1627/1296 1646/1628/1297
f 1600/1582/1273 1646/1628/1297 1601/1583/1274
f 1645/1627/1296 1647/1629/1298 1648/1630/1299
f 1645/1627/1296 1648/1630/1299 1646/1628/1297
f 1646/1628/1297 1648/1630/1299 1649/1631/1300
f 1646/1628/1297 1649/1631/1300 1650/1632/1301
f 1601/1583/1274 1646/1628/1297 1650/1632/1301
f 1601/1583/1274 1650/1632/1301 1602/1584/1275
f 1647/1629/1298 1645/1627/1296 1651/1633/1302
f 1647/1629/1298 1651/1633/1302 1652/1634/1303
f 1645/1627/1296 1600/1582/1273 1624/1606/1286
f 1645/1627/1296 1624/1606/1286 1651/1633/1302
f 1651/1633/1302 1624/1606/1286 1628/1610/1288
f 1651/1633/1302 1628/1610/1288 1653/1635/1304
f 1652/1634/1303 1651/1633/1302 1653/1635/1304
f 1652/1634/1303 1653/1635/1304 1654/1636/1305
f 1602/1584/1275 1650/1632/1301 1655/1637/1306
f 1602/1584/1275 1655/1637/1306 1639/1621/1293
f 1650/1632/1301 1649/1631/1300 1656/1638/1307
f 1650/1632/1301 1656/1638/1307 1655/1637/1306
f 1655/1637/1306 1656/1638/1307 1657/1639/1308
f 1655/1637/1306 1657/1639/1308 1658/1640/1309
f 1639/1621/1293 1655/1637/1306 1658/1640/1309
f 1639/1621/1293 1658/1640/1309 1640/1622/1294
f 1649/1631/1300 1648/1630/1299 1659/1641/1310
f 1649/1631/1300 1659/1641/1310 1660/1642/1311
f 1648/1630/1299 1647/1629/1298 1661/1643/1312
f 1648/1630/1299 1661/1643/1312 1659/1641/1310
f 1659/1641/1310 1661/1643/1312 1662/1644/1270
f 1659/1641/1310 1662/1644/1270 1663/1645/1313
f 1660/1642/1311 1659/1641/1310 1663/1645/1313
f 1660/1642/1311 1663/1645/1313 1664/1646/1314
f 1665/1647/1315 1666/1648/1316 1667/1649/1317
f 1665/1647/1315 1667/1649/1317 1668/1650/1318
f 1666/1648/1316 1669/1651/1319 1670/1652/1320
f 1666/1648/1316 1670/1652/1320 1667/1649/1317
f 1667/1649/1317 1670/1652/1320 1671/1653/1321
f 1667/1649/1317 1671/1653/1321 1672/1654/1322
f 1668/1650/1318 1667/1649/1317 1672/1654/1322
f 1668/1650/1318 1672/1654/1322 1673/1655/1323
f 1669/1651/1319 1666/1648/1316 1674/1656/1324
f 1669/1651/1319 1674/1656/1324 1675/1657/1319
f 1666/1648/1316 1665/1647/1315 1676/1658/1325
f 1666/1648/1316 1676/1658/1325 1674/1656/1324
f 1674/1656/1324 1676/1658/1325 1677/1659/1326
f 1674/1656/1324 1677/1659/1326 1678/1660/1327
f 1675/1657/1319 1674/1656/1324 1678/1660/1327
f 1675/1657/1319 1678/1660/1327 1679/1661/1328
f 1680/1662/1329 1681/1663/1330 1682/1664/1331
f 1680/1662/1329 1682/1664/1331 1683/1665/1332
f 1681/1663/1330 1684/1666/1333 1685/1667/1334
f 1681/1663/1330 1685/1667/1334 1682/1664/1331
f 1682/1664/1331 1685/1667/1334 1679/1661/1328
f 1682/1664/1331 1679/1661/1328 1678/1660/1327
f 1683/1665/1332 1682/1664/1331 1678/1660/1327
f 1683/1665/1332 1678/1660/1327 1677/1659/1326
f 1611/1593/1277 1614/1596/1279 1686/1668/1335
f 1611/1593/1277 1686/1668/1335 1687/1669/1336
f 1614/1596/1279 1616/1598/1281 1688/1670/1337
f 1614/1596/1279 1688/1670/1337 1686/1668/1335
f 1686/1668/1335 1688/1670/1337 1677/1659/1326
f 1686/1668/1335 1677/1659/1326 1676/1658/1325
f 1687/1669/1336 1686/1668/1335 1676/1658/1325
f 1687/1669/1336 1676/1658/1325 1665/1647/1315
f 1669/1651/1319 1675/1657/1319 1689/1671/1338
f 1669/1651/1319 1689/1671/1338 1690/1672/1339
f 1675/1657/1319 1679/1661/1328 1691/1673/1340
f 1675/1657/1319 1691/1673/1340 1689/1671/1338
f 1689/1671/1338 1691/1673/1340 1692/1674/1270
f 1689/1671/1338 1692/1674/1270 1693/1675/1270
f 1690/1672/1339 1689/1671/1338 1693/1675/1270
f 1690/1672/1339 1693/1675/1270 1694/1676/1270
f 1677/1659/1326 1688/1670/1337 1695/1677/1341
f 1677/1659/1326 1695/1677/1341 1683/1665/1332
f 1688/1670/1337 1616/1598/1281 1632/1614/1289
f 1688/1670/1337 1632/1614/1289 1695/1677/1341
f 1695/1677/1341 1632/1614/1289 1636/1618/1291
f 1695/1677/1341 1636/1618/1291 1696/1678/1342
f 1683/1665/1332 1695/1677/1341 1696/1678/1342
f 1683/1665/1332 1696/1678/1342 1680/1662/1329
f 1692/1674/1270 1691/1673/1340 1697/1679/1343
f 1692/1674/1270 1697/1679/1343 1698/1680/1270
f 1691/1673/1340 1679/1661/1328 1685/1667/1334
f 1691/1673/1340 1685/1667/1334 1697/1679/1343
f 1697/1679/1343 1685/1667/1334 1684/1666/1333
f 1697/1679/1343 1684/1666/1333 1699/1681/1344
f 1698/1680/1270 1697/1679/1343 1699/1681/1344
f 1698/1680/1270 1699/1681/1344 1700/1682/1270
f 1611/1593/1277 1687/1669/1336 1701/1683/1345
f 1611/1593/1277 1701/1683/1345 1619/1601/1282
f 1687/1669/1336 1665/1647/1315 1668/1650/1318
f 1687/1669/1336 1668/1650/1318 1701/1683/1345
f 1701/1683/1345 1668/1650/1318 1673/1655/1323
f 1701/1683/1345 1673/1655/1323 1702/1684/1346
f 1619/1601/1282 1701/1683/1345 1702/1684/1346
f 1619/1601/1282 1702/1684/1346 1620/1602/1283
f 1549/1531/1237 1548/1530/1237 1703/1685/1347
f 1549/1531/1237 1703/1685/1347 1704/1686/1348
f 1703/1685/1347 1705/1687/1349 1706/1688/1350
f 1703/1685/1347 1706/1688/1350 1704/1686/1348
f 1707/1689/1351 1708/1690/1352 1709/1691/1353
f 1707/1689/1351 1709/1691/1353 1710/1692/1354
f 1709/1691/1353 1538/1520/1227 1541/1523/1230
f 1709/1691/1353 1541/1523/1230 1710/1692/1354
f 1543/1525/1232 1542/1524/1231 1711/1693/1355
f 1543/1525/1232 1711/1693/1355 1712/1694/1356
f 1711/1693/1355 1534/1516/1225 1537/1519/1225
f 1711/1693/1355 1537/1519/1225 1712/1694/1356
f 1517/1499/1213 1713/1695/1357 1714/1696/1358
f 1517/1499/1213 1714/1696/1358 1513/1495/1211
f 1713/1695/1357 1510/1492/1208 1509/1491/1207
f 1713/1695/1357 1509/1491/1207 1714/1696/1358
f 1714/1696/1358 1509/1491/1207 1493/1475/1196
f 1714/1696/1358 1493/1475/1196 1492/1474/1195
f 1513/1495/1211 1714/1696/1358 1492/1474/1195
f 1513/1495/1211 1492/1474/1195 1491/1473/1194
f 1669/1651/1319 1690/1672/1339 1715/1697/1359
f 1669/1651/1319 1715/1697/1359 1670/1652/1320
f 1690/1672/1339 1694/1676/1270 1716/1698/1270
f 1690/1672/1339 1716/1698/1270 1715/1697/1359
f 1715/1697/1359 1716/1698/1270 1717/1699/1270
f 1715/1697/1359 1717/1699/1270 1718/1700/1360
f 1670/1652/1320 1715/1697/1359 1718/1700/1360
f 1670/1652/1320 1718/1700/1360 1671/1653/1321
f 1719/1701/1270 1662/1644/1270 1661/1643/1312
f 1719/1701/1270 1661/1643/1312 1720/1702/1361
f 1720/1702/1361 1661/1643/1312 1647/1629/1298
f 1720/1702/1361 1647/1629/1298 1652/1634/1303
f 1721/1703/1362 1720/1702/1361 1652/1634/1303
f 1721/1703/1362 1652/1634/1303 1654/1636/1305
f 1649/1631/1300 1660/1642/1311 1722/1704/1363
f 1649/1631/1300 1722/1704/1363 1656/1638/1307
f 1660/1642/1311 1664/1646/1314 1723/1705/1364
f 1660/1642/1311 1723/1705/1364 1722/1704/1363
f 1656/1638/1307 1722/1704/1363 1724/1706/1365
f 1656/1638/1307 1724/1706/1365 1657/1639/1308
f 1725/1707/1366 1726/1708/1367 1727/1709/1368
f 1725/1707/1366 1727/1709/1368 1728/1710/1369
f 1727/1709/1368 1558/1540/1242 1561/1543/1245
f 1727/1709/1368 1561/1543/1245 1728/1710/1369
f 1729/1711/1370 1567/1549/1248 1566/1548/1248
f 1729/1711/1370 1566/1548/1248 1730/1712/1370
f 1729/1711/1370 1730/1712/1370 1731/1713/1371
f 1729/1711/1370 1731/1713/1371 1732/1714/1372
f 1733/1715/1373 1734/1716/1373 1735/1717/1374
f 1733/1715/1373 1735/1717/1374 1736/1718/1375
f 1735/1717/1374 1562/1544/1246 1565/1547/1246
f 1735/1717/1374 1565/1547/1246 1736/1718/1375
f 1737/1719/1376 1573/1555/1254 1572/1554/1253
f 1737/1719/1376 1572/1554/1253 1738/1720/1376
f 1737/1719/1376 1738/1720/1376 1739/1721/1377
f 1737/1719/1376 1739/1721/1377 1740/1722/1378
f 1465/1447/1170 1475/1457/1180 1741/1723/1379
f 1465/1447/1170 1741/1723/1379 1467/1449/1172
f 1475/1457/1180 1479/1461/1138 1742/1724/1138
f 1475/1457/1180 1742/1724/1138 1741/1723/1379
f 1467/1449/1172 1741/1723/1379 1743/1725/1380
f 1467/1449/1172 1743/1725/1380 1468/1450/1173
f 1463/1445/1168 1471/1453/1176 1744/1726/1381
f 1463/1445/1168 1744/1726/1381 1476/1458/1181
f 1471/1453/1176 1473/1455/1178 1745/1727/1382
f 1471/1453/1176 1745/1727/1382 1744/1726/1381
f 1476/1458/1181 1744/1726/1381 1746/1728/1383
f 1476/1458/1181 1746/1728/1383 1477/1459/1182
f 1747/1729/1384 1748/1730/1385 1749/1731/1386
f 1747/1729/1384 1749/1731/1386 1750/1732/1387
f 1748/1730/1385 1751/1733/1388 1752/1734/1389
f 1748/1730/1385 1752/1734/1389 1749/1731/1386
f 1749/1731/1386 1752/1734/1389 1510/1492/1208
f 1749/1731/1386 1510/1492/1208 1713/1695/1357
f 1750/1732/1387 1749/1731/1386 1713/1695/1357
f 1750/1732/1387 1713/1695/1357 1517/1499/1213
f 1753/1735/1390 1754/1736/1391 1755/1737/1392
f 1753/1735/1390 1755/1737/1392 1756/1738/1393
f 1754/1736/1391 1757/1739/1394 1758/1740/1395
f 1754/1736/1391 1758/1740/1395 1755/1737/1392
f 1755/1737/1392 1758/1740/1395 1684/1666/1333
f 1755/1737/1392 1684/1666/1333 1681/1663/1330
f 1756/1738/1393 1755/1737/1392 1681/1663/1330
f 1756/1738/1393 1681/1663/1330 1680/1662/1329
f 1739/1721/1377 1734/1716/1373 1733/1715/1373
f 1739/1721/1377 1733/1715/1373 1740/1722/1378
f 1759/1741/1371 1726/1708/1367 1725/1707/1366
f 1759/1741/1371 1725/1707/1366 1760/1742/1396
f 1724/1706/1365 1761/1743/1397 1762/1744/1397
f 1761/1743/1397 1724/1706/1365 1723/1705/1364
f 1723/1705/1364 1724/1706/1365 1722/1704/1363
f 1742/1724/1138 1743/1725/1380 1741/1723/1379
f 1743/1725/1380 1742/1724/1138 1763/1745/1138
f 1743/1725/1380 1763/1745/1138 1764/1746/1398
f 1766/1747/1399 1745/1727/1382 1765/1748/1399
f 1745/1727/1382 1766/1747/1399 1746/1728/1383
f 1745/1727/1382 1746/1728/1383 1744/1726/1381
f 1721/1703/1362 1719/1701/1270 1720/1702/1361
f 1719/1701/1270 1721/1703/1362 1768/1749/1270
f 1768/1749/1270 1721/1703/1362 1767/1750/1270
o Osnova_2_L_low_lambert2_0
v 0.173614 -0.909908 -0.009190
v 0.232523 -0.958653 -0.011295
v 0.242182 -0.936272 -0.012406
v -0.088854 -0.918736 -0.013036
v -0.144138 -0.971987 -0.007864
v -0.155354 -0.950314 -0.007685
v 0.231494 -0.959319 -0.030576
v 0.172560 -0.909907 -0.028478
v 0.241166 -0.936943 -0.031687
v -0.156422 0.650532 -0.014355
v -0.114160 0.681160 -0.016316
v -0.149087 0.643073 -0.014757
v -0.113103 0.681160 0.002975
v -0.154772 0.682236 0.004904
v -0.155365 0.650532 0.004936
v -0.182538 0.422080 -0.017863
v -0.187166 0.421941 -0.021144
v -0.191713 0.426946 -0.024389
v -0.087794 -0.918736 0.006251
v -0.154302 -0.949642 0.011594
v -0.143099 -0.971320 0.011417
v -0.155829 0.682236 -0.014388
v -0.112190 0.640837 -0.016779
v -0.148030 0.643073 0.004534
v -0.111133 0.640837 0.002512
v -0.193210 0.421909 -0.010382
v -0.199729 0.426814 -0.019256
v -0.196625 0.421785 -0.015087
v 0.029244 -0.681451 -0.022904
v -0.075686 -0.671737 -0.017054
v -0.079314 -0.538523 -0.017347
v 0.010751 -0.542275 -0.022694
v -0.123948 -0.660102 -0.014309
v -0.130582 -0.533454 -0.014125
v -0.083767 -0.419490 -0.017514
v -0.138396 -0.416017 -0.013903
v 0.111830 0.300705 -0.029056
v 0.118570 0.145661 -0.029425
v -0.062765 0.132915 -0.019488
v -0.076439 0.289334 -0.018739
v -0.075681 0.406697 -0.018780
v 0.105721 0.421171 -0.028721
v 0.151259 0.430679 -0.031216
v 0.159503 0.307309 -0.031668
v 0.167865 0.148580 -0.032126
v 0.140146 -0.531082 -0.028962
v 0.137964 -0.410114 -0.029048
v 0.187770 -0.406723 -0.031777
v 0.187863 -0.522656 -0.031576
v 0.143220 -0.664314 -0.029037
v 0.189808 -0.649462 -0.031683
v 0.126703 -0.073044 -0.029871
v 0.133581 -0.267876 -0.030042
v -0.001040 -0.292794 -0.022870
v -0.029740 -0.099751 -0.021298
v 0.176779 -0.071346 -0.032615
v 0.183937 -0.266169 -0.032801
v -0.074031 -0.767421 -0.016493
v 0.037290 -0.782696 -0.022581
v -0.080363 -0.833941 -0.015295
v 0.039332 -0.841466 -0.021684
v 0.041374 -0.900236 -0.020788
v -0.041645 -0.901542 -0.016173
v -0.130285 -0.819868 -0.012428
v -0.124135 -0.750070 -0.013760
v 0.158184 -0.825857 -0.029127
v 0.122806 -0.898956 -0.025540
v 0.147304 -0.759915 -0.028982
v 0.196099 -0.739210 -0.032028
v 0.207023 -0.808437 -0.032275
v -0.073216 0.797908 -0.020444
v -0.072008 0.756244 -0.019614
v -0.116447 0.755068 -0.016603
v -0.116830 0.795375 -0.016904
v -0.071967 0.720496 -0.018366
v -0.115717 0.719799 -0.016157
v -0.155213 0.719471 -0.014244
v -0.154591 0.754216 -0.013746
v -0.153874 0.792715 -0.013341
v 0.039429 0.720769 -0.024314
v 0.041970 0.762749 -0.026092
v 0.086144 0.772499 -0.028634
v 0.088327 0.735969 -0.027571
v 0.040267 0.804082 -0.027011
v 0.083786 0.811478 -0.029291
v 0.125381 0.831855 -0.031681
v 0.119970 0.782081 -0.030717
v 0.131871 0.737744 -0.030405
v -0.117345 0.849128 -0.016308
v -0.074791 0.855603 -0.019300
v -0.152974 0.841212 -0.013475
v -0.145782 0.887470 -0.014064
v -0.117924 0.909604 -0.015263
v -0.076549 0.921313 -0.017168
v -0.065407 0.522194 -0.019343
v 0.099478 0.536138 -0.028379
v 0.094129 0.631617 -0.027997
v 0.135267 0.638536 -0.030340
v 0.142698 0.544523 -0.030747
v 0.038097 0.860764 -0.025718
v 0.080890 0.861178 -0.028100
v 0.035693 0.925119 -0.023319
v 0.077725 0.916238 -0.025985
v 0.106892 0.898036 -0.028258
v 0.116838 0.861015 -0.030118
v -0.144705 0.886864 0.005216
v -0.116845 0.908935 0.004015
v -0.117924 0.909604 -0.015263
v -0.145782 0.887470 -0.014064
v -0.075469 0.920644 0.002111
v -0.076549 0.921313 -0.017168
v 0.036772 0.924450 -0.004040
v 0.078804 0.915569 -0.006706
v 0.077725 0.916238 -0.025985
v 0.035693 0.925119 -0.023319
v 0.107971 0.897366 -0.008980
v 0.106892 0.898036 -0.028258
v 0.117917 0.860345 -0.010840
v 0.116838 0.861015 -0.030118
v 0.126457 0.831270 -0.012401
v 0.125381 0.831855 -0.031681
v 0.161482 0.805126 -0.014477
v 0.168863 0.787732 -0.014845
v 0.167806 0.787732 -0.034137
v 0.160422 0.805210 -0.033767
v 0.165279 0.769518 -0.014397
v 0.164222 0.769518 -0.033688
v 0.152316 0.430679 -0.011925
v 0.160560 0.307309 -0.012377
v 0.159503 0.307309 -0.031668
v 0.151259 0.430679 -0.031216
v 0.168922 0.148580 -0.012835
v 0.167865 0.148580 -0.032126
v 0.177836 -0.071346 -0.013323
v 0.176779 -0.071346 -0.032615
v 0.184994 -0.266169 -0.013510
v 0.183937 -0.266169 -0.032801
v 0.188827 -0.406723 -0.012486
v 0.188920 -0.522656 -0.012285
v 0.187863 -0.522656 -0.031576
v 0.187770 -0.406723 -0.031777
v 0.190865 -0.649462 -0.012392
v 0.189808 -0.649462 -0.031683
v 0.197156 -0.739210 -0.012737
v 0.196099 -0.739210 -0.032028
v 0.208076 -0.808353 -0.012985
v 0.207023 -0.808437 -0.032275
v -0.129229 -0.819784 0.006862
v -0.123078 -0.750070 0.005532
v -0.124135 -0.750070 -0.013760
v -0.130285 -0.819868 -0.012428
v -0.122891 -0.660102 0.004982
v -0.123948 -0.660102 -0.014309
v -0.129525 -0.533454 0.005166
v -0.130582 -0.533454 -0.014125
v -0.137339 -0.416017 0.005388
v -0.138396 -0.416017 -0.013903
v -0.154156 0.719471 0.005047
v -0.153534 0.754216 0.005545
v -0.154591 0.754216 -0.013746
v -0.155213 0.719471 -0.014244
v -0.152814 0.792631 0.005949
v -0.153874 0.792715 -0.013341
v -0.151906 0.840877 0.005809
v -0.152974 0.841212 -0.013475
v -0.078256 -0.538523 0.001945
v -0.074630 -0.671695 0.002237
v 0.030298 -0.681367 -0.003613
v 0.011808 -0.542275 -0.003402
v -0.082710 -0.419490 0.001778
v -0.137339 -0.416017 0.005388
v -0.129525 -0.533454 0.005166
v -0.122891 -0.660102 0.004982
v 0.112887 0.300705 -0.009764
v 0.119627 0.145661 -0.010133
v 0.168922 0.148580 -0.012835
v 0.160560 0.307309 -0.012377
v 0.106778 0.421171 -0.009429
v 0.152316 0.430679 -0.011925
v 0.144276 -0.664272 -0.009746
v 0.141203 -0.531082 -0.009670
v 0.190865 -0.649462 -0.012392
v 0.188920 -0.522656 -0.012285
v 0.139021 -0.410114 -0.009756
v 0.188827 -0.406723 -0.012486
v 0.127760 -0.073044 -0.010579
v 0.134638 -0.267876 -0.010750
v 0.184994 -0.266169 -0.013510
v 0.177836 -0.071346 -0.013323
v -0.072980 -0.767254 0.002796
v -0.079316 -0.833620 0.003991
v 0.040383 -0.841299 -0.002395
v 0.038335 -0.782362 -0.003294
v -0.123078 -0.750070 0.005532
v -0.129229 -0.819784 0.006862
v 0.148355 -0.759748 -0.009693
v 0.159229 -0.825536 -0.009840
v 0.208076 -0.808353 -0.012985
v 0.197156 -0.739210 -0.012737
v -0.070907 0.720423 0.000925
v -0.070941 0.755951 -0.000328
v -0.115385 0.754901 0.002685
v -0.114658 0.719757 0.003134
v -0.072142 0.797385 -0.001163
v -0.115762 0.795041 0.002381
v -0.152814 0.792631 0.005949
v -0.153534 0.754216 0.005545
v -0.154156 0.719471 0.005047
v 0.041344 0.803496 -0.007731
v 0.043037 0.762414 -0.006807
v 0.087212 0.772164 -0.009349
v 0.084862 0.810893 -0.010011
v 0.040488 0.720715 -0.005023
v 0.089387 0.735886 -0.008281
v 0.132928 0.737744 -0.011114
v 0.121037 0.781788 -0.011431
v 0.126457 0.831270 -0.012401
v 0.100535 0.536138 -0.009087
v 0.143755 0.544523 -0.011456
v 0.095186 0.631617 -0.008705
v 0.136325 0.638536 -0.011049
v 0.136325 0.638536 -0.011049
v 0.143755 0.544523 -0.011456
v 0.142698 0.544523 -0.030747
v 0.135267 0.638536 -0.030340
v 0.149614 0.758555 -0.012784
v 0.148557 0.758555 -0.032075
v 0.132928 0.737744 -0.011114
v 0.131871 0.737744 -0.030405
v 0.144252 0.813626 -0.013643
v 0.143183 0.813961 -0.032928
v 0.090700 0.693618 -0.027543
v -0.004999 0.678243 -0.022003
v 0.130414 0.702411 -0.030074
v 0.131871 0.737744 -0.030405
v 0.132928 0.737744 -0.011114
v 0.131471 0.702411 -0.010783
v 0.130414 0.702411 -0.030074
v 0.091758 0.693618 -0.008251
v -0.003942 0.678243 -0.002711
v 0.131471 0.702411 -0.010783
v -0.019458 0.925979 -0.000838
v -0.020537 0.926648 -0.020117
v -0.016459 0.800184 -0.023938
v -0.018387 0.859193 -0.022611
v -0.020537 0.926648 -0.020117
v -0.014975 0.758068 -0.022931
v -0.019710 0.721932 -0.021166
v -0.051610 0.635438 -0.020099
v 0.043014 -0.947437 -0.020068
v 0.099532 -0.947043 -0.023180
v 0.108693 -1.019732 -0.021868
v 0.045915 -1.029897 -0.018145
v -0.013394 -0.950866 -0.016814
v -0.017422 -1.024000 -0.014690
v 0.109726 -1.019063 -0.002586
v 0.046949 -1.029227 0.001137
v 0.045915 -1.029897 -0.018145
v 0.108693 -1.019732 -0.021868
v -0.016387 -1.023331 0.004591
v -0.017422 -1.024000 -0.014690
v 0.044048 -0.946767 -0.000787
v 0.100566 -0.946374 -0.003899
v 0.123584 -0.898960 -0.006230
v 0.042431 -0.900236 -0.001496
v -0.012360 -0.950197 0.002467
v -0.016387 -1.023331 0.004591
v 0.046949 -1.029227 0.001137
v 0.109726 -1.019063 -0.002586
v -0.018650 0.721849 -0.001876
v -0.013907 0.757733 -0.003646
v -0.015382 0.799599 -0.004658
v -0.017307 0.858524 -0.003332
v -0.073713 0.854975 -0.000020
v 0.039176 0.860094 -0.006440
v 0.036772 0.924450 -0.004040
v -0.019458 0.925979 -0.000838
v -0.075469 0.920644 0.002111
v -0.061708 0.132915 -0.000196
v -0.075382 0.289334 0.000553
v -0.076439 0.289334 -0.018739
v -0.062765 0.132915 -0.019488
v -0.074624 0.406697 0.000512
v -0.075681 0.406697 -0.018780
v 0.000017 -0.292794 -0.003579
v -0.028682 -0.099751 -0.002006
v -0.029740 -0.099751 -0.021298
v -0.001040 -0.292794 -0.022870
v -0.026280 -0.381357 -0.002137
v -0.011934 -0.383387 -0.002924
v -0.012991 -0.383387 -0.022216
v -0.027338 -0.381357 -0.021429
v 0.001135 -0.380757 -0.003640
v 0.000078 -0.380757 -0.022932
v 0.006821 -0.369873 -0.003951
v 0.005764 -0.369873 -0.023243
v 0.006821 -0.369873 -0.003951
v 0.005764 -0.369873 -0.023243
v -0.047949 -0.290792 -0.000950
v -0.036201 -0.368426 -0.001594
v -0.037258 -0.368426 -0.020886
v -0.049006 -0.290792 -0.020242
v -0.140691 -0.353679 0.004955
v -0.142888 -0.284103 0.004253
v -0.143945 -0.284103 -0.015039
v -0.141748 -0.353679 -0.014336
v -0.047949 -0.290792 -0.000950
v -0.094847 -0.294789 0.001620
v -0.086843 -0.366352 0.001593
v -0.036201 -0.368426 -0.001594
v -0.057284 -0.203542 -0.000438
v -0.101162 -0.209035 0.001966
v -0.142888 -0.284103 0.004253
v -0.145040 -0.214528 0.004371
v -0.140691 -0.353679 0.004955
v -0.057284 -0.203542 -0.000438
v -0.058341 -0.203542 -0.019730
v -0.037258 -0.368426 -0.020886
v -0.087901 -0.366352 -0.017699
v -0.095905 -0.294789 -0.017672
v -0.049006 -0.290792 -0.020242
v -0.027338 -0.381357 -0.021429
v -0.141748 -0.353679 -0.014336
v -0.143945 -0.284103 -0.015039
v -0.026280 -0.381357 -0.002137
v -0.146097 -0.214528 -0.014921
v -0.102219 -0.209035 -0.017325
v -0.058341 -0.203542 -0.019730
v 0.001135 -0.380757 -0.003640
v 0.137612 -0.351306 -0.010296
v 0.006821 -0.369873 -0.003951
v 0.188087 -0.349594 -0.013062
v 0.188087 -0.349594 -0.013062
v 0.187030 -0.349594 -0.032354
v 0.136555 -0.351306 -0.029588
v 0.000078 -0.380757 -0.022932
v 0.005764 -0.369873 -0.023243
v 0.187030 -0.349594 -0.032354
v -0.128302 0.263864 -0.015896
v -0.158361 0.264043 -0.014249
v -0.158646 0.327992 -0.014233
v -0.128940 0.327003 -0.015861
v -0.098243 0.263686 -0.017543
v -0.099235 0.326015 -0.017489
v -0.097251 0.201358 -0.017598
v -0.127663 0.200725 -0.015931
v -0.158076 0.200093 -0.014264
v -0.148250 -0.144934 -0.014802
v -0.106788 -0.140248 -0.017074
v -0.065326 -0.135561 -0.019347
v -0.145040 -0.214528 0.004371
v -0.146097 -0.214528 -0.014921
v -0.156991 0.199268 0.005025
v -0.157247 0.262371 0.005039
v -0.158361 0.264043 -0.014249
v -0.158076 0.200093 -0.014264
v -0.097129 0.262015 0.001745
v -0.127188 0.262193 0.003392
v -0.126578 0.199900 0.003359
v -0.096166 0.200532 0.001692
v -0.098122 0.324343 0.001799
v -0.127827 0.325332 0.003427
v -0.157247 0.262371 0.005039
v -0.157532 0.326320 0.005055
v -0.156991 0.199268 0.005025
v -0.064266 -0.135639 -0.000057
v -0.105728 -0.140314 0.002215
v -0.147191 -0.144989 0.004488
v -0.188669 0.633861 0.003573
v -0.172193 0.634409 0.004892
v -0.163558 0.634552 -0.011500
v -0.170342 0.634148 -0.009920
v -0.149477 0.634055 0.005314
v -0.148110 0.634091 -0.013252
v -0.148794 0.626406 -0.013210
v -0.163797 0.626875 -0.011507
v -0.163558 0.634552 -0.011500
v -0.148110 0.634091 -0.013252
v -0.170461 0.626479 -0.009971
v -0.170342 0.634148 -0.009920
v -0.064266 -0.135639 -0.000057
v -0.065326 -0.135561 -0.019347
v -0.098122 0.324343 0.001799
v -0.097129 0.262015 0.001745
v -0.098243 0.263686 -0.017543
v -0.099235 0.326015 -0.017489
v -0.158867 0.388173 -0.013593
v -0.129523 0.388050 -0.015201
v -0.100179 0.387926 -0.016809
v -0.099093 0.387090 0.002481
v -0.100179 0.387926 -0.016809
v -0.099093 0.387090 0.002481
v -0.128438 0.387255 0.004089
v -0.157782 0.387419 0.005697
v -0.157532 0.326320 0.005055
v -0.158646 0.327992 -0.014233
v -0.157782 0.387419 0.005697
v -0.158867 0.388173 -0.013593
v -0.115916 -0.002784 -0.016466
v -0.152570 -0.005122 -0.014458
v -0.154722 0.064436 -0.014340
v -0.120484 0.065961 -0.016216
v -0.079262 -0.000446 -0.018475
v -0.086246 0.067486 -0.018092
v -0.072311 -0.067493 -0.018910
v -0.111357 -0.071373 -0.016770
v -0.150403 -0.075252 -0.014630
v -0.085169 0.066722 0.001078
v -0.078200 -0.000796 0.000696
v -0.079262 -0.000446 -0.018475
v -0.086246 0.067486 -0.018092
v -0.078200 -0.000796 0.000696
v -0.114854 -0.003125 0.002705
v -0.110290 -0.071780 0.002459
v -0.071243 -0.067922 0.000319
v -0.085169 0.066722 0.001078
v -0.119408 0.065199 0.002954
v -0.151509 -0.005454 0.004713
v -0.153646 0.063677 0.004830
v -0.149336 -0.075639 0.004599
v -0.149336 -0.075639 0.004599
v -0.151509 -0.005454 0.004713
v -0.152570 -0.005122 -0.014458
v -0.150403 -0.075252 -0.014630
v -0.092183 0.135560 0.001468
v -0.093263 0.136314 -0.017762
v -0.092183 0.135560 0.001468
v -0.123981 0.134120 0.003211
v -0.155778 0.132681 0.004953
v -0.153646 0.063677 0.004830
v -0.154722 0.064436 -0.014340
v -0.156858 0.133430 -0.014277
v -0.125060 0.134872 -0.016020
v -0.093263 0.136314 -0.017762
v -0.155778 0.132681 0.004953
v -0.156858 0.133430 -0.014277
v -0.096166 0.200532 0.001692
v -0.097251 0.201358 -0.017598
v -0.099595 0.426438 -0.016213
v -0.098538 0.426438 0.003079
v -0.147191 -0.144989 0.004488
v -0.148250 -0.144934 -0.014802
v -0.071243 -0.067922 0.000319
v -0.072311 -0.067493 -0.018910
v -0.116271 0.848626 0.002974
v -0.116845 0.908935 0.004015
v -0.144705 0.886864 0.005216
v -0.151906 0.840877 0.005809
v 0.081969 0.860509 -0.008821
v 0.117917 0.860345 -0.010840
v 0.107971 0.897366 -0.008980
v 0.078804 0.915569 -0.006706
v -0.140488 -0.885670 0.009021
v -0.141543 -0.886006 -0.010264
v -0.155354 -0.950314 -0.007685
v -0.154302 -0.949642 0.011594
v 0.171400 -0.992866 -0.006814
v 0.170369 -0.993534 -0.026096
v 0.231494 -0.959319 -0.030576
v 0.232523 -0.958653 -0.011295
v 0.222866 -0.873685 -0.032090
v 0.223902 -0.873350 -0.012803
v 0.242182 -0.936272 -0.012406
v 0.241166 -0.936943 -0.031687
v -0.080776 -1.002015 -0.011269
v -0.079739 -1.001348 0.008012
v -0.143099 -0.971320 0.011417
v -0.144138 -0.971987 -0.007864
v -0.065407 0.522194 -0.019343
v -0.064350 0.522194 -0.000051
v -0.050553 0.635438 -0.000807
v -0.051610 0.635438 -0.020099
v -0.051610 0.635438 -0.020099
v -0.050553 0.635438 -0.000807
v -0.058080 0.636783 -0.000395
v -0.059137 0.636783 -0.019687
v -0.075748 0.638503 0.000573
v -0.076805 0.638503 -0.018718
v -0.115335 0.631896 -0.015351
v -0.114277 0.631896 0.003941
v -0.079052 0.629294 0.002011
v -0.080109 0.629294 -0.017281
v -0.095709 0.455710 -0.016426
v -0.074664 0.623037 -0.017580
v -0.073607 0.623037 0.001712
v -0.094651 0.455710 0.002866
v -0.162538 0.419555 -0.012546
v -0.131067 0.422997 -0.014379
v -0.166126 0.421891 -0.012131
v -0.129871 0.451648 -0.014391
v -0.095709 0.455710 -0.016426
v -0.099595 0.426438 -0.016213
v -0.166864 0.421987 0.003924
v -0.128807 0.451709 0.003870
v -0.114822 0.625511 0.003939
v -0.150126 0.626495 0.005263
v -0.073607 0.623037 0.001712
v -0.094651 0.455710 0.002866
v -0.075748 0.638503 0.000573
v -0.058080 0.636783 -0.000395
v -0.035378 0.680867 -0.000929
v -0.072837 0.680549 0.001035
v -0.050553 0.635438 -0.000807
v -0.073894 0.680549 -0.018257
v -0.076805 0.638503 -0.018718
v -0.112190 0.640837 -0.016779
v -0.111133 0.640837 0.002512
v -0.148030 0.643073 0.004534
v -0.149087 0.643073 -0.014757
v -0.156422 0.650532 -0.014355
v -0.155365 0.650532 0.004936
v -0.154772 0.682236 0.004904
v -0.155829 0.682236 -0.014388
v -0.200370 0.628261 -0.015750
v -0.188931 0.628449 -0.023074
v -0.191713 0.426946 -0.024389
v -0.199729 0.426814 -0.019256
v -0.184225 0.633732 -0.019760
v -0.197645 0.633511 -0.011166
v -0.194525 0.633632 -0.006042
v -0.179597 0.633870 -0.016480
v -0.186700 0.422146 -0.001415
v -0.193210 0.421909 -0.010382
v -0.182538 0.422080 -0.017863
v -0.173283 0.422357 -0.011303
v -0.196625 0.421785 -0.015087
v -0.187166 0.421941 -0.021144
v -0.179716 0.626201 -0.016531
v -0.179597 0.633870 -0.016480
v -0.194525 0.633632 -0.006042
v -0.197645 0.633511 -0.011166
v -0.200370 0.628261 -0.015750
v -0.194485 0.626085 -0.006202
v -0.188605 0.626314 0.003390
v -0.186700 0.422146 -0.001415
v -0.172338 0.626855 0.004768
v -0.175877 0.422507 0.001499
v -0.161472 0.419706 0.005371
v -0.162538 0.419555 -0.012546
v -0.161472 0.419706 0.005371
v -0.166864 0.421987 0.003924
v -0.166126 0.421891 -0.012131
v -0.162538 0.419555 -0.012546
v -0.169706 0.422544 -0.011717
v -0.175877 0.422507 0.001499
v 0.146933 0.786090 -0.013213
v 0.144252 0.813626 -0.013643
v 0.149614 0.758555 -0.012784
v 0.165279 0.769518 -0.014397
v 0.168863 0.787732 -0.014845
v 0.161482 0.805126 -0.014477
v 0.145870 0.786258 -0.032501
v 0.148557 0.758555 -0.032075
v 0.143183 0.813961 -0.032928
v 0.160422 0.805210 -0.033767
v 0.167806 0.787732 -0.034137
v 0.164222 0.769518 -0.033688
v -0.115888 0.625408 -0.015314
v -0.074664 0.623037 -0.017580
v -0.115335 0.631896 -0.015351
v -0.130005 0.423072 0.004225
v -0.161472 0.419706 0.005371
v -0.098538 0.426438 0.003079
v 0.231494 -0.959319 -0.030576
v 0.232523 -0.958653 -0.011295
v -0.060182 -0.957004 -0.013763
v -0.141543 -0.886006 -0.010264
v -0.100693 -0.879664 -0.013093
v 0.222866 -0.873685 -0.032090
v 0.181650 -0.870114 -0.029803
v 0.146652 -0.950014 -0.025807
v 0.170369 -0.993534 -0.026096
v -0.080776 -1.002015 -0.011269
v -0.140488 -0.885670 0.009021
v -0.099646 -0.879217 0.006190
v -0.040307 -0.901537 0.003103
v -0.059147 -0.956336 0.005518
v -0.079739 -1.001348 0.008012
v 0.171400 -0.992866 -0.006814
v 0.147685 -0.949345 -0.006526
v 0.223902 -0.873350 -0.012803
v 0.182686 -0.869667 -0.010518
v -0.059137 0.636783 -0.019687
v -0.036435 0.680867 -0.020221
v -0.079052 0.629294 0.002011
v -0.073607 0.623037 0.001712
v -0.074664 0.623037 -0.017580
v -0.080109 0.629294 -0.017281
v -0.050553 0.635438 -0.000807
v -0.064350 0.522194 -0.000051
v 0.100535 0.536138 -0.009087
v 0.095186 0.631617 -0.008705
v -0.064350 0.522194 -0.000051
v -0.074624 0.406697 0.000512
v 0.106778 0.421171 -0.009429
v 0.100535 0.536138 -0.009087
v -0.074624 0.406697 0.000512
v -0.075382 0.289334 0.000553
v 0.112887 0.300705 -0.009764
v 0.106778 0.421171 -0.009429
v -0.075382 0.289334 0.000553
v -0.061708 0.132915 -0.000196
v 0.119627 0.145661 -0.010133
v 0.112887 0.300705 -0.009764
v -0.061708 0.132915 -0.000196
v -0.028682 -0.099751 -0.002006
v 0.127760 -0.073044 -0.010579
v 0.119627 0.145661 -0.010133
v -0.028682 -0.099751 -0.002006
v 0.000017 -0.292794 -0.003579
v 0.134638 -0.267876 -0.010750
v 0.127760 -0.073044 -0.010579
v 0.000017 -0.292794 -0.003579
v 0.006821 -0.369873 -0.003951
v 0.137612 -0.351306 -0.010296
v 0.134638 -0.267876 -0.010750
v -0.114277 0.631896 0.003941
v -0.149477 0.634055 0.005314
v -0.172193 0.634409 0.004892
v -0.188669 0.633861 0.003573
v -0.079052 0.629294 0.002011
v -0.169706 0.422544 -0.011717
v -0.173283 0.422357 -0.011303
v -0.080109 0.629294 -0.017281
v -0.188931 0.628449 -0.023074
v -0.184225 0.633732 -0.019760
v -0.012991 -0.383387 -0.022216
v -0.011934 -0.383387 -0.002924
vn 0.0595 0.0229 0.9980
vn 0.0585 0.0266 0.9979
vn 0.0561 0.0229 0.9982
vn -0.0633 -0.0241 -0.9977
vn -0.0660 -0.0272 -0.9974
vn -0.0675 -0.0252 -0.9974
vn -0.0584 -0.0265 -0.9979
vn -0.0595 -0.0228 -0.9980
vn -0.0562 -0.0230 -0.9982
vn -0.0477 0.0019 -0.9989
vn -0.0492 0.0055 -0.9988
vn -0.0526 0.0073 -0.9986
vn 0.0492 -0.0050 0.9988
vn 0.0469 -0.0021 0.9989
vn 0.0477 -0.0019 0.9989
vn 0.5784 -0.0032 -0.8157
vn 0.5784 -0.0034 -0.8157
vn 0.0634 0.0245 0.9977
vn 0.0676 0.0253 0.9974
vn 0.0659 0.0274 0.9974
vn -0.0465 0.0023 -0.9989
vn -0.0518 0.0109 -0.9986
vn 0.0526 -0.0074 0.9986
vn 0.0520 -0.0108 0.9986
vn -0.8316 -0.0164 0.5552
vn -0.8318 -0.0139 0.5548
vn -0.8091 -0.0123 0.5876
vn -0.0544 -0.0050 -0.9985
vn -0.0575 -0.0055 -0.9983
vn -0.0604 -0.0045 -0.9982
vn -0.0528 -0.0040 -0.9986
vn -0.0594 -0.0040 -0.9982
vn -0.0630 -0.0028 -0.9980
vn -0.0626 -0.0054 -0.9980
vn -0.0650 -0.0056 -0.9979
vn -0.0547 -0.0000 -0.9985
vn -0.0501 -0.0026 -0.9987
vn -0.0488 -0.0044 -0.9988
vn -0.0550 -0.0011 -0.9985
vn -0.0536 -0.0031 -0.9986
vn -0.0572 -0.0009 -0.9984
vn -0.0546 -0.0004 -0.9985
vn -0.0535 -0.0017 -0.9986
vn -0.0529 -0.0014 -0.9986
vn -0.0544 -0.0002 -0.9985
vn -0.0547 -0.0005 -0.9985
vn -0.0546 -0.0031 -0.9985
vn -0.0570 -0.0101 -0.9983
vn -0.0561 -0.0095 -0.9984
vn -0.0575 -0.0164 -0.9982
vn -0.0569 -0.0159 -0.9983
vn -0.0566 -0.0184 -0.9982
vn -0.0567 -0.0193 -0.9982
vn -0.0616 -0.0159 -0.9980
vn -0.0583 -0.0089 -0.9983
vn -0.0592 -0.0138 -0.9981
vn -0.0596 -0.0197 -0.9980
vn -0.0572 -0.0068 -0.9983
vn -0.0595 -0.0035 -0.9982
vn -0.0597 -0.0105 -0.9982
vn -0.0667 0.0014 -0.9978
vn -0.0611 -0.0257 -0.9978
vn -0.0698 -0.0100 -0.9975
vn -0.0806 0.0022 -0.9967
vn -0.0539 -0.0161 -0.9984
vn -0.0538 -0.0050 -0.9985
vn -0.0538 0.0021 -0.9985
vn -0.0735 0.0012 -0.9973
vn -0.0869 0.0033 -0.9962
vn -0.0572 -0.0137 -0.9983
vn -0.0524 -0.0312 -0.9981
vn -0.0539 -0.0256 -0.9982
vn -0.0590 -0.0161 -0.9981
vn -0.0539 0.0011 -0.9985
vn -0.0549 0.0013 -0.9985
vn -0.0615 0.0066 -0.9981
vn -0.0600 -0.0207 -0.9980
vn -0.0624 -0.0169 -0.9979
vn -0.0732 0.0139 -0.9972
vn -0.0638 0.0235 -0.9977
vn -0.0807 0.0061 -0.9967
vn -0.0674 0.0084 -0.9977
vn -0.0643 0.0204 -0.9977
vn -0.0601 0.0297 -0.9978
vn -0.0546 0.0001 -0.9985
vn -0.0549 0.0003 -0.9985
vn -0.0555 0.0023 -0.9985
vn -0.0577 0.0009 -0.9983
vn -0.0550 0.0002 -0.9985
vn -0.0557 0.0279 -0.9981
vn -0.0573 0.0289 -0.9979
vn -0.0559 0.0351 -0.9978
vn -0.0558 0.0351 -0.9978
vn -0.0606 0.0298 -0.9977
vn -0.8895 0.4525 0.0637
vn -0.4369 0.8978 0.0550
vn -0.4355 0.8985 0.0550
vn -0.8844 0.4623 0.0638
vn -0.1701 0.9845 0.0437
vn 0.1070 0.9939 0.0285
vn 0.3563 0.9343 0.0125
vn 0.1070 0.9938 0.0285
vn 0.8149 0.5791 -0.0255
vn 0.9615 0.2712 -0.0446
vn 0.9614 0.2713 -0.0446
vn 0.8702 0.4915 -0.0354
vn 0.8706 0.4906 -0.0355
vn 0.7269 0.6859 -0.0343
vn 0.9931 0.1040 -0.0540
vn 0.9928 0.1071 -0.0540
vn 0.7246 0.6883 -0.0341
vn 0.8285 -0.5582 -0.0454
vn 0.8362 -0.5465 -0.0458
vn 0.9960 0.0709 -0.0546
vn 0.9968 0.0591 -0.0546
vn 0.9967 0.0593 -0.0546
vn 0.9975 0.0457 -0.0547
vn 0.9975 0.0458 -0.0547
vn 0.9978 0.0386 -0.0547
vn 0.9978 0.0367 -0.0547
vn 0.9985 0.0046 -0.0547
vn 0.9985 0.0080 -0.0547
vn 0.9978 0.0380 -0.0547
vn 0.9978 0.0381 -0.0547
vn 0.9927 0.1077 -0.0545
vn 0.9927 0.1076 -0.0545
vn 0.9792 0.1954 -0.0547
vn 0.9793 0.1951 -0.0546
vn -0.9902 0.1289 0.0532
vn -0.9977 0.0405 0.0546
vn -0.9977 0.0400 0.0546
vn -0.9903 0.1281 0.0532
vn -0.9981 -0.0295 0.0547
vn -0.9981 -0.0297 0.0547
vn -0.9967 -0.0593 0.0546
vn -0.9968 -0.0590 0.0546
vn -0.9966 -0.0618 0.0546
vn -0.9984 0.0167 0.0547
vn -0.9983 0.0176 0.0547
vn -0.9983 0.0175 0.0547
vn -0.9983 0.0185 0.0549
vn -0.9983 0.0185 0.0550
vn -0.9947 0.0851 0.0570
vn -0.9946 0.0866 0.0571
vn 0.0603 0.0045 0.9982
vn 0.0575 0.0055 0.9983
vn 0.0545 0.0051 0.9985
vn 0.0528 0.0040 0.9986
vn 0.0627 0.0054 0.9980
vn 0.0650 0.0056 0.9979
vn 0.0624 0.0028 0.9980
vn 0.0593 0.0040 0.9982
vn 0.0547 -0.0000 0.9985
vn 0.0536 0.0030 0.9986
vn 0.0503 0.0025 0.9987
vn 0.0567 0.0007 0.9984
vn 0.0549 0.0011 0.9985
vn 0.0487 0.0043 0.9988
vn 0.0544 0.0050 0.9985
vn 0.0547 0.0005 0.9985
vn 0.0546 0.0031 0.9985
vn 0.0568 0.0102 0.9983
vn 0.0584 0.0165 0.9982
vn 0.0570 0.0162 0.9982
vn 0.0561 0.0095 0.9984
vn 0.0582 0.0087 0.9983
vn 0.0616 0.0159 0.9980
vn 0.0574 0.0068 0.9983
vn 0.0593 0.0139 0.9981
vn 0.0595 0.0103 0.9982
vn 0.0597 0.0038 0.9982
vn 0.0545 0.0157 0.9984
vn 0.0612 0.0259 0.9978
vn 0.0700 0.0102 0.9975
vn 0.0539 0.0051 0.9985
vn 0.0667 -0.0013 0.9978
vn 0.0807 -0.0021 0.9967
vn 0.0869 -0.0033 0.9962
vn 0.0736 -0.0011 0.9973
vn 0.0538 -0.0021 0.9985
vn 0.0539 -0.0010 0.9985
vn 0.0523 0.0314 0.9981
vn 0.0540 0.0256 0.9982
vn 0.0549 -0.0012 0.9985
vn 0.0572 0.0138 0.9983
vn 0.0589 0.0162 0.9981
vn 0.0623 0.0171 0.9979
vn 0.0598 0.0209 0.9980
vn 0.0615 -0.0066 0.9981
vn 0.0548 -0.0004 0.9985
vn 0.0551 -0.0003 0.9985
vn 0.0568 -0.0048 0.9984
vn 0.0579 -0.0010 0.9983
vn 0.9955 0.0774 -0.0546
vn 0.9956 0.0764 -0.0546
vn 0.9955 0.0770 -0.0546
vn 0.7004 -0.7127 -0.0384
vn 0.6960 -0.7170 -0.0381
vn 0.9508 -0.3053 -0.0521
vn 0.9485 -0.3123 -0.0520
vn 0.6002 0.7996 -0.0194
vn 0.6016 0.7986 -0.0194
vn -0.0591 0.0045 -0.9982
vn -0.0559 0.0075 -0.9984
vn -0.0619 -0.0013 -0.9981
vn 0.9486 -0.3121 -0.0520
vn 0.9510 -0.3052 -0.0502
vn 0.9979 0.0342 -0.0547
vn 0.9979 0.0340 -0.0548
vn 0.0591 -0.0045 0.9982
vn 0.0560 -0.0074 0.9984
vn 0.0619 0.0015 0.9981
vn -0.0319 0.9988 0.0364
vn -0.0573 0.0010 -0.9984
vn -0.0574 0.0273 -0.9980
vn -0.0571 0.0340 -0.9978
vn -0.0549 -0.0318 -0.9980
vn -0.0540 -0.0207 -0.9983
vn -0.0547 0.0026 -0.9985
vn -0.0559 -0.0225 -0.9982
vn -0.0571 -0.0230 -0.9981
vn -0.0561 -0.0251 -0.9981
vn -0.0558 -0.0254 -0.9981
vn -0.0582 -0.0232 -0.9980
vn -0.0589 -0.0258 -0.9979
vn 0.2814 -0.9594 0.0182
vn 0.0355 -0.9988 0.0328
vn 0.0358 -0.9988 0.0328
vn 0.2815 -0.9594 0.0182
vn -0.2130 -0.9760 0.0453
vn -0.2117 -0.9763 0.0452
vn 0.0559 0.0226 0.9982
vn 0.0568 0.0232 0.9981
vn 0.0602 0.0195 0.9980
vn 0.0568 0.0184 0.9982
vn 0.0579 0.0229 0.9981
vn 0.0588 0.0257 0.9979
vn 0.0556 0.0254 0.9981
vn 0.0562 0.0250 0.9981
vn 0.0538 0.0211 0.9983
vn 0.0548 0.0320 0.9980
vn 0.0573 -0.0011 0.9984
vn 0.0583 -0.0276 0.9979
vn 0.0638 -0.0234 0.9977
vn 0.0557 -0.0279 0.9981
vn 0.0559 -0.0351 0.9978
vn 0.0569 -0.0339 0.9978
vn 0.0600 -0.0297 0.9978
vn -0.9914 -0.1193 0.0543
vn -0.9974 -0.0472 0.0547
vn -0.9974 -0.0472 0.0546
vn -0.9974 0.0476 0.0546
vn -0.9900 -0.1305 0.0542
vn -0.9882 -0.1435 0.0542
vn -0.9881 -0.1440 0.0542
vn 0.5234 0.8516 -0.0287
vn -0.0218 0.9998 0.0012
vn -0.5832 0.8117 0.0320
vn -0.9984 -0.0127 0.0547
vn 0.9904 0.1272 -0.0543
vn 0.9710 0.2331 -0.0532
vn 0.9710 0.2330 -0.0532
vn 0.9904 0.1270 -0.0543
vn -0.9976 -0.0416 0.0547
vn -0.9980 -0.0310 0.0547
vn -0.9976 -0.0420 0.0547
vn 0.0567 0.0017 0.9984
vn 0.0575 0.0035 0.9983
vn 0.0620 0.0072 0.9981
vn 0.0610 0.0055 0.9981
vn 0.0572 0.0038 0.9984
vn 0.0631 0.0090 0.9980
vn 0.9930 0.1045 -0.0544
vn -0.0610 -0.0055 -0.9981
vn -0.0622 -0.0073 -0.9980
vn -0.0574 -0.0035 -0.9983
vn -0.0567 -0.0016 -0.9984
vn -0.0614 -0.0058 -0.9981
vn -0.0626 -0.0093 -0.9980
vn -0.0569 -0.0036 -0.9984
vn 0.0614 0.0057 0.9981
vn 0.0469 0.0040 0.9989
vn 0.0517 0.0091 0.9986
vn 0.0467 0.0093 0.9989
vn 0.0544 0.0091 0.9985
vn 0.9981 0.0268 -0.0547
vn 0.9981 0.0269 -0.0547
vn -0.0509 -0.0063 -0.9987
vn -0.0469 -0.0040 -0.9989
vn -0.0489 -0.0058 -0.9988
vn -0.0543 -0.0086 -0.9985
vn -0.0545 0.0053 -0.9985
vn -0.0546 0.0052 -0.9985
vn -0.0546 0.0050 -0.9985
vn -0.0547 -0.0004 -0.9985
vn -0.0548 0.0004 -0.9985
vn -0.9984 -0.0115 0.0558
vn -0.9983 -0.0043 0.0573
vn -0.9984 -0.0043 0.0572
vn -0.9984 -0.0112 0.0557
vn 0.0546 -0.0048 0.9985
vn 0.0546 -0.0050 0.9985
vn 0.0546 -0.0052 0.9985
vn 0.0547 0.0001 0.9985
vn -0.0282 0.9995 -0.0134
vn -0.0079 1.0000 -0.0047
vn 0.0107 0.9999 0.0054
vn -0.0341 0.9993 -0.0178
vn 0.0488 0.9988 0.0050
vn 0.0515 0.9987 0.0044
vn -0.0744 0.0010 -0.9972
vn -0.1394 0.0058 -0.9902
vn -0.1468 0.0059 -0.9891
vn -0.0798 0.0015 -0.9968
vn 0.3490 0.0004 -0.9371
vn 0.2850 0.0015 -0.9585
vn 0.9933 0.1025 -0.0542
vn 0.9933 0.1025 -0.0541
vn 0.9983 0.0160 -0.0562
vn 0.9983 0.0159 -0.0562
vn 0.9983 0.0159 -0.0563
vn 0.9983 0.0159 -0.0558
vn -0.0558 0.0154 -0.9983
vn -0.0557 0.0142 -0.9983
vn -0.0556 0.0134 -0.9984
vn 0.9984 0.0048 -0.0558
vn 0.9984 0.0043 -0.0558
vn 0.0513 -0.0097 0.9986
vn 0.0511 -0.0071 0.9987
vn 0.0509 -0.0039 0.9987
vn -0.9984 -0.0045 0.0568
vn -0.9984 -0.0044 0.0567
vn -0.9976 -0.0406 0.0563
vn -0.9975 -0.0426 0.0563
vn -0.0547 0.0004 -0.9985
vn -0.0548 0.0008 -0.9985
vn 0.9934 0.1020 -0.0519
vn 0.9933 0.1031 -0.0531
vn 0.9933 0.1030 -0.0530
vn 0.9934 0.1020 -0.0518
vn -0.9980 -0.0310 0.0548
vn 0.9952 0.0824 -0.0526
vn 0.9953 0.0814 -0.0526
vn 0.0547 -0.0001 0.9985
vn -0.9980 -0.0309 0.0548
vn -0.0547 -0.0008 -0.9985
vn -0.9982 -0.0247 0.0551
vn -0.9982 -0.0244 0.0551
vn 0.9977 0.0394 -0.0545
vn 0.9978 0.0383 -0.0547
vn 0.9964 -0.0645 -0.0552
vn 0.9963 -0.0651 -0.0552
vn 0.9933 0.1029 -0.0534
vn 0.0732 -0.0139 0.9972
vn 0.0643 -0.0204 0.9977
vn 0.0674 -0.0084 0.9977
vn 0.0807 -0.0061 0.9967
vn 0.0573 -0.0289 0.9979
vn 0.0607 -0.0298 0.9977
vn -0.9804 0.1907 0.0502
vn -0.9804 0.1903 0.0503
vn -0.9980 0.0299 0.0548
vn -0.9980 0.0335 0.0544
vn 0.4418 -0.8971 0.0074
vn 0.4417 -0.8971 0.0074
vn 0.6236 -0.7817 -0.0062
vn 0.6246 -0.7809 -0.0063
vn 0.9649 0.2564 -0.0568
vn 0.9649 0.2565 -0.0567
vn 0.9934 0.1011 -0.0545
vn 0.9938 0.0973 -0.0536
vn -0.3762 -0.9251 0.0523
vn -0.3771 -0.9247 0.0523
vn -0.5689 -0.8203 0.0591
vn -0.5650 -0.8229 0.0590
vn -0.9930 0.1049 0.0544
vn -0.9970 0.0547 0.0546
vn -0.9970 0.0548 0.0546
vn -0.1204 -0.9927 0.0066
vn -0.0760 -0.9971 0.0042
vn 0.0689 0.9976 -0.0015
vn 0.0689 0.9976 -0.0014
vn 0.0734 0.9973 -0.0040
vn 0.9898 -0.1318 -0.0542
vn -0.0607 0.0165 -0.9980
vn -0.0591 0.0141 -0.9982
vn -0.0797 0.0022 -0.9968
vn -0.0607 0.0001 -0.9982
vn -0.0571 -0.0001 -0.9984
vn -0.0583 0.0095 -0.9983
vn -0.0334 -0.0023 0.9994
vn 0.0283 -0.0022 0.9996
vn 0.0324 -0.0035 0.9995
vn -0.0133 -0.0060 0.9999
vn 0.0431 -0.0013 0.9991
vn 0.0417 -0.0004 0.9991
vn 0.0516 -0.0132 0.9986
vn 0.0533 -0.0148 0.9985
vn 0.0536 -0.0051 0.9985
vn 0.0511 -0.0063 0.9987
vn 0.0556 -0.0111 0.9984
vn -0.0514 0.0059 -0.9987
vn -0.0517 0.0131 -0.9986
vn -0.0630 -0.9980 0.0034
vn -0.2135 -0.9769 0.0117
vn -0.9840 -0.1700 0.0539
vn -0.9840 -0.1699 0.0539
vn -0.5392 0.0486 -0.8408
vn -0.5391 0.0528 -0.8406
vn -0.5391 -0.0128 -0.8422
vn -0.5385 -0.0097 -0.8426
vn -0.1984 0.9376 -0.2857
vn -0.2259 0.9168 -0.3292
vn -0.0228 0.9997 -0.0098
vn -0.0229 0.9997 -0.0099
vn 0.0263 -0.9996 0.0122
vn 0.0229 -0.9997 0.0098
vn 0.0230 -0.9997 0.0099
vn 0.0293 -0.9995 0.0147
vn -0.1984 -0.9217 -0.3334
vn -0.1611 -0.9476 -0.2760
vn 0.5784 -0.0031 -0.8158
vn 0.5783 -0.0036 -0.8158
vn -0.8530 -0.0161 0.5217
vn -0.8531 -0.0143 0.5216
vn -0.8323 -0.0139 0.5542
vn -0.8322 -0.0160 0.5542
vn -0.4913 -0.0206 0.8707
vn -0.5079 -0.0206 0.8612
vn -0.1183 -0.0126 0.9929
vn -0.1227 -0.0126 0.9924
vn -0.9776 -0.2035 0.0531
vn -0.9745 -0.2180 0.0527
vn -0.2962 -0.9551 -0.0028
vn -0.2861 -0.9582 -0.0036
vn -0.9745 -0.2180 0.0526
vn -0.0486 -0.9988 -0.0066
vn -0.0225 -0.9997 0.0013
vn 0.0713 0.0186 0.9973
vn 0.0724 0.0156 0.9973
vn 0.0691 0.0229 0.9973
vn 0.0802 0.0176 0.9966
vn 0.0730 0.0168 0.9972
vn 0.0656 0.0161 0.9977
vn -0.0714 -0.0185 -0.9973
vn -0.0693 -0.0227 -0.9973
vn -0.0725 -0.0154 -0.9972
vn -0.0658 -0.0161 -0.9977
vn -0.0734 -0.0167 -0.9972
vn -0.0803 -0.0174 -0.9966
vn -0.0598 -0.0002 -0.9982
vn -0.0568 -0.0002 -0.9984
vn -0.0594 -0.0006 -0.9982
vn 0.0328 0.0101 0.9994
vn 0.0192 0.0301 0.9994
vn 0.0388 -0.0010 0.9992
vn 0.6237 -0.7817 -0.0062
vn 0.6246 -0.7809 -0.0062
vn -0.0629 -0.0260 -0.9977
vn -0.0667 -0.0229 -0.9975
vn -0.0634 -0.0216 -0.9978
vn -0.0564 -0.0197 -0.9982
vn -0.0594 -0.0187 -0.9981
vn -0.0589 -0.0253 -0.9979
vn -0.0583 -0.0261 -0.9980
vn -0.0638 -0.0268 -0.9976
vn 0.0668 0.0229 0.9975
vn 0.0634 0.0216 0.9978
vn 0.0568 0.0194 0.9982
vn 0.0628 0.0260 0.9977
vn 0.0638 0.0268 0.9976
vn 0.0583 0.0261 0.9980
vn 0.0589 0.0253 0.9979
vn 0.0564 0.0196 0.9982
vn 0.0595 0.0185 0.9981
vn -0.0532 0.0150 -0.9985
vn -0.0537 0.0052 -0.9985
vn 0.7527 0.6570 -0.0412
vn 0.0545 -0.0003 0.9985
vn 0.0544 -0.0006 0.9985
vn 0.0543 -0.0007 0.9985
vn 0.0540 0.0006 0.9985
vn 0.0538 0.0003 0.9986
vn 0.0540 0.0005 0.9985
vn 0.0503 0.0035 0.9987
vn 0.0503 0.0036 0.9987
vn 0.0457 -0.0044 0.9989
vn 0.0147 -0.0084 0.9999
vn -0.0458 -0.0144 0.9988
vn -0.4327 -0.0212 0.9013
vn 0.0541 -0.0027 0.9985
vn -0.1387 0.0058 -0.9903
vn 0.3729 -0.0000 -0.9279
vn -0.0548 -0.0004 -0.9985
vn 0.5784 -0.0035 -0.8158
vn 0.5783 -0.0035 -0.8158
vn -0.0526 -0.0042 -0.9986
vn 0.0527 0.0042 0.9986
vt 0.667771 0.959763
vt 0.683782 0.975186
vt 0.686782 0.968562
vt 0.430209 0.958965
vt 0.446470 0.974327
vt 0.449367 0.967657
vt 0.340363 0.975186
vt 0.356373 0.959561
vt 0.337359 0.968563
vt 0.430459 0.485350
vt 0.418181 0.476649
vt 0.428480 0.487688
vt 0.605961 0.476851
vt 0.594228 0.476007
vt 0.593682 0.485551
vt 0.441247 0.553827
vt 0.442886 0.553801
vt 0.444441 0.552226
vt 0.593936 0.959167
vt 0.574784 0.967657
vt 0.577678 0.974328
vt 0.429913 0.475806
vt 0.418102 0.488823
vt 0.595661 0.487890
vt 0.606039 0.489025
vt 0.578599 0.553893
vt 0.575393 0.552332
vt 0.576887 0.553887
vt 0.394023 0.888947
vt 0.423496 0.884713
vt 0.422922 0.844535
vt 0.397564 0.846787
vt 0.436968 0.880606
vt 0.437326 0.842369
vt 0.422752 0.808619
vt 0.438126 0.806893
vt 0.358990 0.594088
vt 0.358940 0.640881
vt 0.410224 0.642461
vt 0.412214 0.595167
vt 0.410600 0.559820
vt 0.359276 0.557720
vt 0.346322 0.555423
vt 0.345469 0.592692
vt 0.345005 0.640616
vt 0.360956 0.845028
vt 0.360124 0.808558
vt 0.346039 0.808157
vt 0.347400 0.843085
vt 0.361681 0.885205
vt 0.348366 0.881311
vt 0.359256 0.706870
vt 0.359645 0.765652
vt 0.397899 0.771481
vt 0.403688 0.712966
vt 0.345116 0.706982
vt 0.345425 0.765765
vt 0.424182 0.913559
vt 0.392974 0.919549
vt 0.426774 0.933521
vt 0.393115 0.937281
vt 0.393257 0.955014
vt 0.416683 0.954372
vt 0.440686 0.928660
vt 0.438103 0.907708
vt 0.359400 0.934058
vt 0.370275 0.955643
vt 0.361675 0.914056
vt 0.347662 0.908427
vt 0.345413 0.929418
vt 0.405207 0.441983
vt 0.405381 0.454551
vt 0.417936 0.454352
vt 0.417557 0.442203
vt 0.405817 0.465326
vt 0.418159 0.464989
vt 0.429297 0.464596
vt 0.428716 0.454134
vt 0.428067 0.442541
vt 0.374406 0.466634
vt 0.373161 0.454012
vt 0.360586 0.451627
vt 0.360426 0.462665
vt 0.373131 0.441537
vt 0.360773 0.439852
vt 0.348799 0.434232
vt 0.350930 0.449162
vt 0.348120 0.462672
vt 0.417073 0.426000
vt 0.404984 0.424580
vt 0.427231 0.427940
vt 0.424647 0.414094
vt 0.416534 0.407769
vt 0.404732 0.404752
vt 0.406325 0.525153
vt 0.359664 0.523006
vt 0.360035 0.494175
vt 0.348350 0.492604
vt 0.347377 0.521019
vt 0.373086 0.424429
vt 0.361014 0.424838
vt 0.373034 0.404998
vt 0.361281 0.408199
vt 0.353263 0.414049
vt 0.350878 0.425334
vt 0.692562 0.843201
vt 0.692562 0.832922
vt 0.686777 0.832922
vt 0.686777 0.843201
vt 0.692562 0.820744
vt 0.686777 0.820744
vt 0.692562 0.788987
vt 0.692562 0.776809
vt 0.686777 0.776809
vt 0.686777 0.788987
vt 0.692562 0.766885
vt 0.686777 0.766885
vt 0.692562 0.755354
vt 0.686777 0.755354
vt 0.692562 0.746231
vt 0.686777 0.746231
vt 0.692562 0.733344
vt 0.692562 0.727682
vt 0.686777 0.727682
vt 0.686777 0.733344
vt 0.692562 0.722102
vt 0.686777 0.722102
vt 0.012478 0.794795
vt 0.012782 0.757517
vt 0.006996 0.757470
vt 0.006692 0.794748
vt 0.013172 0.709593
vt 0.007386 0.709545
vt 0.013714 0.643228
vt 0.007927 0.643181
vt 0.014254 0.584448
vt 0.008468 0.584401
vt 0.014969 0.542054
vt 0.015316 0.507102
vt 0.009530 0.507055
vt 0.009183 0.542007
vt 0.015627 0.468865
vt 0.009841 0.468818
vt 0.015849 0.441741
vt 0.010063 0.441693
vt 0.016125 0.420656
vt 0.010340 0.420583
vt 0.976346 0.620060
vt 0.976430 0.641146
vt 0.982216 0.641205
vt 0.982132 0.620094
vt 0.976317 0.668271
vt 0.982103 0.668330
vt 0.975984 0.706508
vt 0.981770 0.706567
vt 0.975687 0.741993
vt 0.981473 0.742052
vt 0.692562 0.893894
vt 0.692562 0.883419
vt 0.686777 0.883419
vt 0.686777 0.893894
vt 0.692562 0.871825
vt 0.686777 0.871825
vt 0.692562 0.857243
vt 0.686777 0.857243
vt 0.601221 0.844737
vt 0.600647 0.884902
vt 0.630121 0.889123
vt 0.626579 0.846989
vt 0.601390 0.808821
vt 0.586017 0.807095
vt 0.586817 0.842572
vt 0.587176 0.880809
vt 0.665151 0.594289
vt 0.665201 0.641083
vt 0.679137 0.640818
vt 0.678672 0.592894
vt 0.664865 0.557921
vt 0.677820 0.555624
vt 0.662463 0.885393
vt 0.663187 0.845230
vt 0.675778 0.881512
vt 0.676743 0.843286
vt 0.664019 0.808759
vt 0.678103 0.808358
vt 0.664886 0.707072
vt 0.664497 0.765853
vt 0.678717 0.765966
vt 0.679026 0.707184
vt 0.599963 0.913711
vt 0.597371 0.933627
vt 0.631029 0.937433
vt 0.631171 0.919650
vt 0.586041 0.907910
vt 0.583459 0.928837
vt 0.662470 0.914207
vt 0.664744 0.934163
vt 0.678731 0.929594
vt 0.676482 0.908628
vt 0.618325 0.465551
vt 0.618760 0.454842
vt 0.606205 0.454604
vt 0.605982 0.465203
vt 0.618932 0.442343
vt 0.606583 0.442505
vt 0.596073 0.442768
vt 0.595425 0.454335
vt 0.594844 0.464797
vt 0.651008 0.441915
vt 0.650979 0.454315
vt 0.663554 0.451930
vt 0.663366 0.440230
vt 0.649735 0.466852
vt 0.663714 0.462892
vt 0.676022 0.462873
vt 0.673211 0.449452
vt 0.675340 0.434611
vt 0.664477 0.523208
vt 0.676764 0.521221
vt 0.664107 0.494377
vt 0.675791 0.492805
vt 0.011965 0.857645
vt 0.012197 0.829214
vt 0.006411 0.829167
vt 0.006179 0.857598
vt 0.692562 0.716581
vt 0.686777 0.716581
vt 0.692562 0.708744
vt 0.686777 0.708744
vt 0.692562 0.738868
vt 0.686777 0.738868
vt 0.360265 0.475454
vt 0.387439 0.478892
vt 0.348956 0.473299
vt 0.005859 0.887568
vt 0.011646 0.887615
vt 0.011808 0.876957
vt 0.006022 0.876910
vt 0.663876 0.475655
vt 0.636703 0.479094
vt 0.675185 0.473501
vt 0.692562 0.804865
vt 0.686777 0.804865
vt 0.389171 0.442004
vt 0.389032 0.424200
vt 0.388875 0.403838
vt 0.389274 0.454713
vt 0.391066 0.465547
vt 0.401083 0.491208
vt 0.393371 0.969256
vt 0.377429 0.969842
vt 0.375743 0.991861
vt 0.393571 0.994141
vt 0.409321 0.969586
vt 0.411360 0.991574
vt 0.974445 0.497896
vt 0.974889 0.515863
vt 0.980673 0.515721
vt 0.980230 0.497753
vt 0.975252 0.533832
vt 0.981037 0.533690
vt 0.630775 0.969256
vt 0.646717 0.969842
vt 0.653790 0.955842
vt 0.630887 0.955216
vt 0.614826 0.969586
vt 0.612786 0.991575
vt 0.630575 0.994141
vt 0.648403 0.991861
vt 0.633076 0.465774
vt 0.634866 0.455015
vt 0.634968 0.442382
vt 0.635107 0.424603
vt 0.619155 0.424971
vt 0.651053 0.424833
vt 0.651105 0.405402
vt 0.635265 0.404241
vt 0.619407 0.405155
vt 0.961347 0.323560
vt 0.961347 0.276224
vt 0.955561 0.276224
vt 0.955561 0.323560
vt 0.961347 0.240840
vt 0.955561 0.240840
vt 0.961347 0.453168
vt 0.961347 0.394368
vt 0.955561 0.394368
vt 0.955561 0.453168
vt 0.857007 0.982627
vt 0.857007 0.986725
vt 0.862791 0.986725
vt 0.862791 0.982627
vt 0.857007 0.990494
vt 0.862791 0.990494
vt 0.857007 0.994141
vt 0.862791 0.994141
vt 0.961347 0.476495
vt 0.955561 0.476495
vt 0.857007 0.954161
vt 0.857007 0.977816
vt 0.862791 0.977816
vt 0.862791 0.954161
vt 0.975681 0.760816
vt 0.975715 0.781806
vt 0.981501 0.781865
vt 0.981467 0.760875
vt 0.612741 0.770482
vt 0.599469 0.771102
vt 0.600865 0.792761
vt 0.615128 0.794017
vt 0.611150 0.744081
vt 0.598711 0.745189
vt 0.586050 0.767284
vt 0.586273 0.746297
vt 0.585826 0.788273
vt 0.857007 0.927712
vt 0.862791 0.927712
vt 0.409015 0.793815
vt 0.423277 0.792559
vt 0.424674 0.770900
vt 0.411401 0.770280
vt 0.406372 0.797834
vt 0.438316 0.788070
vt 0.438092 0.767082
vt 0.617771 0.798036
vt 0.437869 0.746094
vt 0.425431 0.744986
vt 0.412992 0.743878
vt 0.625508 0.798197
vt 0.664332 0.791025
vt 0.627242 0.794989
vt 0.678585 0.791138
vt 0.014644 0.559279
vt 0.008858 0.559231
vt 0.359810 0.790823
vt 0.398634 0.797995
vt 0.396901 0.794787
vt 0.345557 0.790936
vt 0.427141 0.602194
vt 0.435615 0.601766
vt 0.434932 0.582497
vt 0.426567 0.583165
vt 0.418667 0.602623
vt 0.418203 0.583833
vt 0.419131 0.621412
vt 0.427714 0.621224
vt 0.436298 0.621035
vt 0.437645 0.725102
vt 0.425898 0.724206
vt 0.414151 0.723311
vt 0.975503 0.802794
vt 0.981289 0.802852
vt 0.974242 0.927609
vt 0.974049 0.946634
vt 0.979830 0.947197
vt 0.980025 0.927916
vt 0.605468 0.603329
vt 0.596994 0.602901
vt 0.596423 0.621675
vt 0.605006 0.621863
vt 0.605931 0.584539
vt 0.597567 0.583871
vt 0.588520 0.602473
vt 0.589202 0.583203
vt 0.587840 0.621487
vt 0.609991 0.723537
vt 0.598244 0.724429
vt 0.586496 0.725320
vt 0.700216 0.921590
vt 0.700216 0.924630
vt 0.704593 0.924630
vt 0.704593 0.921590
vt 0.700216 0.929562
vt 0.704593 0.929562
vt 0.428623 0.494837
vt 0.432869 0.494506
vt 0.432710 0.492197
vt 0.428338 0.492530
vt 0.434803 0.494539
vt 0.434680 0.492230
vt 0.857007 0.907124
vt 0.862791 0.907124
vt 0.857007 0.767742
vt 0.857007 0.786537
vt 0.862791 0.786537
vt 0.862791 0.767742
vt 0.434285 0.564362
vt 0.426012 0.564765
vt 0.417740 0.565168
vt 0.857007 0.748945
vt 0.862791 0.748945
vt 0.606394 0.565622
vt 0.598123 0.565207
vt 0.589851 0.564793
vt 0.973854 0.965914
vt 0.979635 0.966477
vt 0.973480 0.984333
vt 0.979263 0.984619
vt 0.426833 0.682680
vt 0.437196 0.682927
vt 0.436973 0.661945
vt 0.427300 0.661913
vt 0.416469 0.682432
vt 0.417628 0.661880
vt 0.415309 0.702718
vt 0.426365 0.703400
vt 0.437421 0.704082
vt 0.857007 0.845698
vt 0.857007 0.866220
vt 0.862791 0.866220
vt 0.862791 0.845698
vt 0.607671 0.682740
vt 0.597307 0.682985
vt 0.597775 0.703725
vt 0.608832 0.703049
vt 0.606511 0.662312
vt 0.596838 0.662345
vt 0.586944 0.683230
vt 0.587166 0.662377
vt 0.586719 0.704401
vt 0.975082 0.844690
vt 0.974869 0.865861
vt 0.980618 0.866020
vt 0.980848 0.844865
vt 0.857007 0.824842
vt 0.862791 0.824842
vt 0.605354 0.641487
vt 0.596371 0.641524
vt 0.587388 0.641562
vt 0.974658 0.886715
vt 0.980406 0.887002
vt 0.436751 0.641133
vt 0.427767 0.641095
vt 0.418784 0.641057
vt 0.974446 0.907529
vt 0.980212 0.907814
vt 0.857007 0.805205
vt 0.862791 0.805205
vt 0.862791 0.737206
vt 0.857007 0.737206
vt 0.975291 0.823770
vt 0.981077 0.823845
vt 0.857007 0.886551
vt 0.862791 0.886551
vt 0.607067 0.426353
vt 0.607606 0.408173
vt 0.599493 0.414478
vt 0.596909 0.428242
vt 0.663126 0.425241
vt 0.673261 0.425738
vt 0.670876 0.414453
vt 0.662858 0.408602
vt 0.976087 0.599950
vt 0.981872 0.599909
vt 0.981524 0.580139
vt 0.975739 0.580280
vt 0.973975 0.478805
vt 0.979759 0.478662
vt 0.979264 0.458589
vt 0.973480 0.458733
vt 0.010820 0.400396
vt 0.016604 0.400544
vt 0.017186 0.380870
vt 0.011405 0.380624
vt 0.981269 0.552787
vt 0.975485 0.552929
vt 0.975662 0.573009
vt 0.981446 0.572868
vt 0.955561 0.205910
vt 0.961347 0.205910
vt 0.961347 0.171564
vt 0.955561 0.171564
vt 0.686777 0.945370
vt 0.692562 0.945370
vt 0.692562 0.943205
vt 0.686777 0.943205
vt 0.692562 0.938190
vt 0.686777 0.938190
vt 0.704593 0.938374
vt 0.700216 0.938374
vt 0.700216 0.947515
vt 0.704593 0.947515
vt 0.862791 0.728318
vt 0.862791 0.679647
vt 0.857007 0.679647
vt 0.857007 0.728318
vt 0.434959 0.554858
vt 0.426042 0.554215
vt 0.435947 0.554108
vt 0.425363 0.545598
vt 0.415678 0.544802
vt 0.417125 0.553571
vt 0.587680 0.554212
vt 0.598785 0.545773
vt 0.604962 0.495731
vt 0.595030 0.494958
vt 0.616549 0.497032
vt 0.608458 0.545022
vt 0.615989 0.490171
vt 0.620951 0.490911
vt 0.627869 0.477911
vt 0.617304 0.477539
vt 0.623058 0.491410
vt 0.406838 0.477337
vt 0.408152 0.489970
vt 0.686777 0.928177
vt 0.692562 0.928177
vt 0.692562 0.917740
vt 0.686777 0.917740
vt 0.686777 0.914677
vt 0.692562 0.914677
vt 0.692562 0.905119
vt 0.686777 0.905119
vt 0.700216 0.915040
vt 0.704593 0.915040
vt 0.704593 0.861324
vt 0.700216 0.861324
vt 0.704593 0.917093
vt 0.700216 0.917093
vt 0.700216 0.918625
vt 0.704593 0.918625
vt 0.700216 0.854863
vt 0.700216 0.857820
vt 0.704593 0.857820
vt 0.704593 0.854863
vt 0.700216 0.859335
vt 0.704593 0.859335
vt 0.438079 0.494487
vt 0.437956 0.492178
vt 0.580928 0.492209
vt 0.579155 0.492203
vt 0.577543 0.493748
vt 0.580843 0.494484
vt 0.584169 0.494494
vt 0.581862 0.553905
vt 0.588778 0.494552
vt 0.585042 0.553936
vt 0.973537 0.994128
vt 0.978913 0.994141
vt 0.700216 0.849974
vt 0.700216 0.851309
vt 0.704593 0.851309
vt 0.704593 0.849974
vt 0.704593 0.852969
vt 0.700216 0.852969
vt 0.680571 0.448478
vt 0.680153 0.440147
vt 0.680988 0.456809
vt 0.685551 0.453698
vt 0.686782 0.448255
vt 0.684908 0.442924
vt 0.343570 0.448226
vt 0.343153 0.456607
vt 0.343987 0.439845
vt 0.339232 0.442697
vt 0.337359 0.448054
vt 0.338590 0.453497
vt 0.419351 0.495550
vt 0.407755 0.496780
vt 0.419117 0.493602
vt 0.598106 0.554395
vt 0.589206 0.555021
vt 0.607008 0.553776
vt 0.011659 0.373357
vt 0.017440 0.373603
vt 0.422595 0.970854
vt 0.444675 0.948449
vt 0.433070 0.947046
vt 0.341742 0.949274
vt 0.353321 0.947685
vt 0.364177 0.971325
vt 0.358026 0.984735
vt 0.428962 0.984162
vt 0.579473 0.948550
vt 0.591077 0.947113
vt 0.607540 0.954577
vt 0.601552 0.970855
vt 0.595185 0.984163
vt 0.666120 0.984735
vt 0.659968 0.971325
vt 0.682401 0.949374
vt 0.670822 0.947751
vt 0.403190 0.490709
vt 0.396273 0.477709
vt 0.700216 0.949749
vt 0.704593 0.949749
vt 0.617817 0.525354
vt 0.613541 0.560021
vt 0.611927 0.595369
vt 0.613917 0.642663
vt 0.620453 0.713168
vt 0.626243 0.771683
vt 0.605199 0.493815
vt 0.595311 0.492690
vt 0.588919 0.492278
vt 0.584256 0.492220
vt 0.615095 0.495074
vt 0.436954 0.553866
vt 0.437971 0.553878
vt 0.409215 0.494827
vt 0.441315 0.493676
vt 0.439595 0.492153
vt 0.402350 0.798624
vt 0.621792 0.798826
s 1
usemtl lambert2.003
f 1769/1751/1400 1770/1752/1401 1771/1753/1402
f 1772/1754/1403 1773/1755/1404 1774/1756/1405
f 1775/1757/1406 1776/1758/1407 1777/1759/1408
f 1778/1760/1409 1779/1761/1410 1780/1762/1411
f 1781/1763/1412 1782/1764/1413 1783/1765/1414
f 1784/1766/1415 1785/1767/1416 1786/1768/1416
f 1787/1769/1417 1788/1770/1418 1789/1771/1419
f 1790/1772/1420 1779/1761/1410 1778/1760/1409
f 1780/1762/1411 1779/1761/1410 1791/1773/1421
f 1781/1763/1412 1792/1774/1422 1793/1775/1423
f 1781/1763/1412 1783/1765/1414 1792/1774/1422
f 1794/1776/1424 1795/1777/1425 1796/1778/1426
f 1797/1779/1427 1798/1780/1428 1799/1781/1429
f 1797/1779/1427 1799/1781/1429 1800/1782/1430
f 1799/1781/1429 1798/1780/1428 1801/1783/1431
f 1799/1781/1429 1801/1783/1431 1802/1784/1432
f 1803/1785/1433 1799/1781/1429 1802/1784/1432
f 1803/1785/1433 1802/1784/1432 1804/1786/1434
f 1805/1787/1435 1806/1788/1435 1807/1789/1435
f 1805/1787/1435 1807/1789/1435 1808/1790/1435
f 1809/1791/1435 1810/1792/1435 1805/1787/1435
f 1809/1791/1435 1805/1787/1435 1808/1790/1435
f 1805/1787/1435 1810/1792/1435 1811/1793/1435
f 1805/1787/1435 1811/1793/1435 1812/1794/1435
f 1806/1788/1435 1805/1787/1435 1812/1794/1435
f 1806/1788/1435 1812/1794/1435 1813/1795/1435
f 1814/1796/1436 1815/1797/1437 1816/1798/1427
f 1814/1796/1436 1816/1798/1427 1817/1799/1438
f 1818/1800/1439 1814/1796/1436 1817/1799/1438
f 1818/1800/1439 1817/1799/1438 1819/1801/1440
f 1820/1802/1441 1821/1803/1442 1822/1804/1443
f 1820/1802/1441 1822/1804/1443 1823/1805/1444
f 1807/1789/1435 1806/1788/1435 1820/1802/1441
f 1807/1789/1435 1820/1802/1441 1823/1805/1444
f 1820/1802/1441 1806/1788/1435 1813/1795/1435
f 1820/1802/1441 1813/1795/1435 1824/1806/1445
f 1821/1803/1442 1820/1802/1441 1824/1806/1445
f 1821/1803/1442 1824/1806/1445 1825/1807/1446
f 1826/1808/1447 1798/1780/1428 1797/1779/1427
f 1826/1808/1447 1797/1779/1427 1827/1809/1448
f 1828/1810/1449 1829/1811/1450 1830/1812/1451
f 1828/1810/1449 1830/1812/1451 1831/1813/1452
f 1826/1808/1447 1828/1810/1449 1832/1814/1453
f 1826/1808/1447 1832/1814/1453 1833/1815/1454
f 1798/1780/1428 1826/1808/1447 1833/1815/1454
f 1798/1780/1428 1833/1815/1454 1801/1783/1431
f 1829/1811/1450 1834/1816/1455 1835/1817/1456
f 1829/1811/1450 1835/1817/1456 1830/1812/1451
f 1818/1800/1439 1836/1818/1457 1827/1809/1448
f 1818/1800/1439 1827/1809/1448 1797/1779/1427
f 1836/1818/1457 1818/1800/1439 1819/1801/1440
f 1836/1818/1457 1819/1801/1440 1837/1819/1458
f 1834/1816/1455 1836/1818/1457 1837/1819/1458
f 1834/1816/1455 1837/1819/1458 1838/1820/1459
f 1839/1821/1460 1840/1822/1461 1841/1823/1462
f 1839/1821/1460 1841/1823/1462 1842/1824/1463
f 1840/1822/1461 1843/1825/1464 1844/1826/1465
f 1840/1822/1461 1844/1826/1465 1841/1823/1462
f 1841/1823/1462 1844/1826/1465 1845/1827/1466
f 1841/1823/1462 1845/1827/1466 1846/1828/1467
f 1842/1824/1463 1841/1823/1462 1846/1828/1467
f 1842/1824/1463 1846/1828/1467 1847/1829/1468
f 1848/1830/1469 1849/1831/1470 1850/1832/1471
f 1848/1830/1469 1850/1832/1471 1851/1833/1472
f 1849/1831/1470 1852/1834/1473 1853/1835/1474
f 1849/1831/1470 1853/1835/1474 1850/1832/1471
f 1850/1832/1471 1853/1835/1474 1854/1836/1475
f 1850/1832/1471 1854/1836/1475 1855/1837/1476
f 1851/1833/1472 1850/1832/1471 1855/1837/1476
f 1851/1833/1472 1855/1837/1476 1856/1838/1477
f 1839/1821/1460 1842/1824/1463 1857/1839/1478
f 1839/1821/1460 1857/1839/1478 1858/1840/1479
f 1842/1824/1463 1847/1829/1468 1859/1841/1480
f 1842/1824/1463 1859/1841/1480 1857/1839/1478
f 1857/1839/1478 1859/1841/1480 1860/1842/1481
f 1857/1839/1478 1860/1842/1481 1861/1843/1482
f 1858/1840/1479 1857/1839/1478 1861/1843/1482
f 1858/1840/1479 1861/1843/1482 1862/1844/1483
f 1863/1845/1484 1864/1846/1485 1810/1792/1435
f 1863/1845/1484 1810/1792/1435 1809/1791/1435
f 1864/1846/1485 1865/1847/1486 1866/1848/1487
f 1864/1846/1485 1866/1848/1487 1867/1849/1488
f 1810/1792/1435 1864/1846/1485 1867/1849/1488
f 1810/1792/1435 1867/1849/1488 1811/1793/1435
f 1852/1834/1473 1868/1850/1489 1869/1851/1490
f 1852/1834/1473 1869/1851/1490 1853/1835/1474
f 1868/1850/1489 1870/1852/1491 1871/1853/1491
f 1868/1850/1489 1871/1853/1491 1869/1851/1490
f 1869/1851/1490 1871/1853/1491 1872/1854/1492
f 1869/1851/1490 1872/1854/1492 1873/1855/1493
f 1853/1835/1474 1869/1851/1490 1873/1855/1493
f 1853/1835/1474 1873/1855/1493 1854/1836/1475
f 1874/1856/1494 1875/1857/1495 1876/1858/1496
f 1874/1856/1494 1876/1858/1496 1877/1859/1497
f 1875/1857/1495 1878/1860/1498 1879/1861/1498
f 1875/1857/1495 1879/1861/1498 1876/1858/1496
f 1880/1862/1499 1881/1863/1500 1882/1864/1500
f 1880/1862/1499 1882/1864/1500 1883/1865/1501
f 1881/1863/1500 1884/1866/1502 1885/1867/1502
f 1881/1863/1500 1885/1867/1502 1882/1864/1500
f 1885/1867/1502 1884/1866/1502 1886/1868/1503
f 1885/1867/1502 1886/1868/1503 1887/1869/1504
f 1886/1868/1503 1888/1870/1505 1889/1871/1506
f 1886/1868/1503 1889/1871/1506 1887/1869/1504
f 1890/1872/1507 1891/1873/1508 1892/1874/1509
f 1890/1872/1507 1892/1874/1509 1893/1875/1510
f 1891/1873/1508 1894/1876/1511 1895/1877/1512
f 1891/1873/1508 1895/1877/1512 1892/1874/1509
f 1896/1878/1513 1897/1879/1514 1898/1880/1515
f 1896/1878/1513 1898/1880/1515 1899/1881/1513
f 1897/1879/1514 1900/1882/1516 1901/1883/1517
f 1897/1879/1514 1901/1883/1517 1898/1880/1515
f 1901/1883/1517 1900/1882/1516 1902/1884/1518
f 1901/1883/1517 1902/1884/1518 1903/1885/1518
f 1902/1884/1518 1904/1886/1519 1905/1887/1519
f 1902/1884/1518 1905/1887/1519 1903/1885/1518
f 1906/1888/1520 1907/1889/1521 1908/1890/1521
f 1906/1888/1520 1908/1890/1521 1909/1891/1520
f 1907/1889/1521 1910/1892/1522 1911/1893/1523
f 1907/1889/1521 1911/1893/1523 1908/1890/1521
f 1911/1893/1523 1910/1892/1522 1912/1894/1524
f 1911/1893/1523 1912/1894/1524 1913/1895/1525
f 1912/1894/1524 1914/1896/1526 1915/1897/1527
f 1912/1894/1524 1915/1897/1527 1913/1895/1525
f 1916/1898/1528 1917/1899/1529 1918/1900/1530
f 1916/1898/1528 1918/1900/1530 1919/1901/1531
f 1917/1899/1529 1920/1902/1532 1921/1903/1533
f 1917/1899/1529 1921/1903/1533 1918/1900/1530
f 1921/1903/1533 1920/1902/1532 1922/1904/1534
f 1921/1903/1533 1922/1904/1534 1923/1905/1535
f 1922/1904/1534 1924/1906/1536 1925/1907/1536
f 1922/1904/1534 1925/1907/1536 1923/1905/1535
f 1926/1908/1537 1927/1909/1538 1928/1910/1539
f 1926/1908/1537 1928/1910/1539 1929/1911/1537
f 1927/1909/1538 1930/1912/1540 1931/1913/1541
f 1927/1909/1538 1931/1913/1541 1928/1910/1539
f 1931/1913/1541 1930/1912/1540 1932/1914/1542
f 1931/1913/1541 1932/1914/1542 1933/1915/1543
f 1932/1914/1542 1874/1856/1494 1877/1859/1497
f 1932/1914/1542 1877/1859/1497 1933/1915/1543
f 1934/1916/1544 1935/1917/1545 1936/1918/1546
f 1934/1916/1544 1936/1918/1546 1937/1919/1547
f 1934/1916/1544 1938/1920/1548 1939/1921/1549
f 1934/1916/1544 1939/1921/1549 1940/1922/1550
f 1935/1917/1545 1934/1916/1544 1940/1922/1550
f 1935/1917/1545 1940/1922/1550 1941/1923/1551
f 1942/1924/1552 1943/1925/1552 1944/1926/1552
f 1942/1924/1552 1944/1926/1552 1945/1927/1552
f 1946/1928/1552 1942/1924/1552 1945/1927/1552
f 1946/1928/1552 1945/1927/1552 1947/1929/1552
f 1948/1930/1553 1949/1931/1554 1937/1919/1547
f 1948/1930/1553 1937/1919/1547 1936/1918/1546
f 1949/1931/1554 1948/1930/1553 1950/1932/1555
f 1949/1931/1554 1950/1932/1555 1951/1933/1556
f 1952/1934/1557 1949/1931/1554 1951/1933/1556
f 1952/1934/1557 1951/1933/1556 1953/1935/1558
f 1954/1936/1559 1955/1937/1560 1956/1938/1560
f 1954/1936/1559 1956/1938/1560 1957/1939/1559
f 1943/1925/1552 1954/1936/1559 1957/1939/1559
f 1943/1925/1552 1957/1939/1559 1944/1926/1552
f 1958/1940/1561 1959/1941/1562 1960/1942/1563
f 1958/1940/1561 1960/1942/1563 1961/1943/1564
f 1936/1918/1546 1935/1917/1545 1958/1940/1561
f 1936/1918/1546 1958/1940/1561 1961/1943/1564
f 1958/1940/1561 1935/1917/1545 1941/1923/1551
f 1958/1940/1561 1941/1923/1551 1962/1944/1565
f 1959/1941/1562 1958/1940/1561 1962/1944/1565
f 1959/1941/1562 1962/1944/1565 1963/1945/1566
f 1964/1946/1567 1948/1930/1553 1936/1918/1546
f 1964/1946/1567 1936/1918/1546 1961/1943/1564
f 1964/1946/1567 1965/1947/1568 1966/1948/1569
f 1964/1946/1567 1966/1948/1569 1967/1949/1570
f 1948/1930/1553 1964/1946/1567 1967/1949/1570
f 1948/1930/1553 1967/1949/1570 1950/1932/1555
f 1968/1950/1571 1969/1951/1572 1970/1952/1573
f 1968/1950/1571 1970/1952/1573 1971/1953/1574
f 1969/1951/1572 1972/1954/1575 1973/1955/1576
f 1969/1951/1572 1973/1955/1576 1970/1952/1573
f 1970/1952/1573 1973/1955/1576 1974/1956/1577
f 1970/1952/1573 1974/1956/1577 1975/1957/1578
f 1971/1953/1574 1970/1952/1573 1975/1957/1578
f 1971/1953/1574 1975/1957/1578 1976/1958/1579
f 1977/1959/1580 1978/1960/1581 1979/1961/1582
f 1977/1959/1580 1979/1961/1582 1980/1962/1583
f 1978/1960/1581 1981/1963/1584 1982/1964/1585
f 1978/1960/1581 1982/1964/1585 1979/1961/1582
f 1979/1961/1582 1982/1964/1585 1983/1965/1586
f 1979/1961/1582 1983/1965/1586 1984/1966/1587
f 1980/1962/1583 1979/1961/1582 1984/1966/1587
f 1980/1962/1583 1984/1966/1587 1985/1967/1588
f 1986/1968/1589 1946/1928/1552 1947/1929/1552
f 1986/1968/1589 1947/1929/1552 1987/1969/1590
f 1988/1970/1591 1986/1968/1589 1987/1969/1590
f 1988/1970/1591 1987/1969/1590 1989/1971/1592
f 1990/1972/1593 1991/1973/1594 1992/1974/1595
f 1990/1972/1593 1992/1974/1595 1993/1975/1593
f 1991/1973/1594 1896/1878/1513 1899/1881/1513
f 1991/1973/1594 1899/1881/1513 1992/1974/1595
f 1895/1877/1512 1894/1876/1511 1994/1976/1596
f 1895/1877/1512 1994/1976/1596 1995/1977/1597
f 1994/1976/1596 1996/1978/1598 1997/1979/1599
f 1994/1976/1596 1997/1979/1599 1995/1977/1597
f 1889/1871/1506 1888/1870/1505 1998/1980/1600
f 1889/1871/1506 1998/1980/1600 1999/1981/1601
f 1998/1980/1600 1890/1872/1507 1893/1875/1510
f 1998/1980/1600 1893/1875/1510 1999/1981/1601
f 1848/1830/1469 1851/1833/1472 2000/1982/1602
f 1848/1830/1469 2000/1982/1602 2001/1983/1603
f 2000/1982/1602 1851/1833/1472 1856/1838/1477
f 2000/1982/1602 1856/1838/1477 2002/1984/1604
f 1865/1847/1486 2000/1982/1602 2002/1984/1604
f 1865/1847/1486 2002/1984/1604 1866/1848/1487
f 2003/1985/1605 2004/1986/1606 2005/1987/1607
f 2003/1985/1605 2005/1987/1607 2006/1988/1608
f 2005/1987/1607 1990/1972/1593 1993/1975/1593
f 2005/1987/1607 1993/1975/1593 2006/1988/1608
f 2007/1989/1609 1982/1964/1585 1981/1963/1584
f 2007/1989/1609 1981/1963/1584 2008/1990/1610
f 2007/1989/1609 1988/1970/1591 1989/1971/1592
f 2007/1989/1609 1989/1971/1592 2009/1991/1611
f 1982/1964/1585 2007/1989/1609 2009/1991/1611
f 1982/1964/1585 2009/1991/1611 1983/1965/1586
f 1879/1861/1498 1878/1860/1498 2010/1992/1612
f 1879/1861/1498 2010/1992/1612 2011/1993/1612
f 2010/1992/1612 1880/1862/1499 1883/1865/1501
f 2010/1992/1612 1883/1865/1501 2011/1993/1612
f 1852/1834/1473 2012/1994/1613 2013/1995/1614
f 1852/1834/1473 2013/1995/1614 1868/1850/1489
f 2012/1994/1613 1839/1821/1460 1858/1840/1479
f 2012/1994/1613 1858/1840/1479 2013/1995/1614
f 2013/1995/1614 1858/1840/1479 1862/1844/1483
f 2013/1995/1614 1862/1844/1483 2014/1996/1615
f 1868/1850/1489 2013/1995/1614 2014/1996/1615
f 1868/1850/1489 2014/1996/1615 1870/1852/1491
f 1839/1821/1460 2012/1994/1613 2015/1997/1616
f 1839/1821/1460 2015/1997/1616 1840/1822/1461
f 2012/1994/1613 1852/1834/1473 1849/1831/1470
f 2012/1994/1613 1849/1831/1470 2015/1997/1616
f 2015/1997/1616 1849/1831/1470 1848/1830/1469
f 2015/1997/1616 1848/1830/1469 2016/1998/1617
f 1840/1822/1461 2015/1997/1616 2016/1998/1617
f 1840/1822/1461 2016/1998/1617 1843/1825/1464
f 1863/1845/1484 2017/1999/1618 1865/1847/1486
f 1863/1845/1484 1865/1847/1486 1864/1846/1485
f 1818/1800/1439 1797/1779/1427 1800/1782/1430
f 1818/1800/1439 1800/1782/1430 1814/1796/1436
f 2018/2000/1619 2019/2001/1620 2020/2002/1621
f 2018/2000/1619 2020/2002/1621 2021/2003/1622
f 2022/2004/1623 2018/2000/1619 2021/2003/1622
f 2022/2004/1623 2021/2003/1622 2023/2005/1624
f 2024/2006/1625 2025/2007/1626 2026/2008/1627
f 2024/2006/1625 2026/2008/1627 2027/2009/1628
f 2025/2007/1626 2028/2010/1629 2029/2011/1630
f 2025/2007/1626 2029/2011/1630 2026/2008/1627
f 2030/2012/1631 2031/2013/1632 2032/2014/1633
f 2030/2012/1631 2032/2014/1633 2033/2015/1634
f 2030/2012/1631 2034/2016/1635 2035/2017/1636
f 2030/2012/1631 2035/2017/1636 2036/2018/1637
f 2031/2013/1632 2030/2012/1631 2036/2018/1637
f 2031/2013/1632 2036/2018/1637 2037/2019/1638
f 1968/1950/1571 2038/2020/1639 2039/2021/1640
f 1968/1950/1571 2039/2021/1640 1969/1951/1572
f 2038/2020/1639 1981/1963/1584 1978/1960/1581
f 2038/2020/1639 1978/1960/1581 2039/2021/1640
f 2039/2021/1640 1978/1960/1581 1977/1959/1580
f 2039/2021/1640 1977/1959/1580 2040/2022/1641
f 1969/1951/1572 2039/2021/1640 2040/2022/1641
f 1969/1951/1572 2040/2022/1641 1972/1954/1575
f 1972/1954/1575 2040/2022/1641 2041/2023/1642
f 1972/1954/1575 2041/2023/1642 2042/2024/1643
f 2040/2022/1641 1977/1959/1580 2043/2025/1644
f 2040/2022/1641 2043/2025/1644 2041/2023/1642
f 2041/2023/1642 2043/2025/1644 2044/2026/1645
f 2041/2023/1642 2044/2026/1645 2045/2027/1646
f 2042/2024/1643 2041/2023/1642 2045/2027/1646
f 2042/2024/1643 2045/2027/1646 2046/2028/1647
f 2047/2029/1648 2048/2030/1649 2049/2031/1650
f 2047/2029/1648 2049/2031/1650 2050/2032/1648
f 2048/2030/1649 2051/2033/1651 2052/2034/1651
f 2048/2030/1649 2052/2034/1651 2049/2031/1650
f 2053/2035/1652 2054/2036/1653 2055/2037/1654
f 2053/2035/1652 2055/2037/1654 2056/2038/1652
f 2054/2036/1653 2047/2029/1648 2050/2032/1648
f 2054/2036/1653 2050/2032/1648 2055/2037/1654
f 2057/2039/1655 2058/2040/1656 2059/2041/1656
f 2057/2039/1655 2059/2041/1656 2060/2042/1655
f 2058/2040/1656 2061/2043/1657 2062/2044/1657
f 2058/2040/1656 2062/2044/1657 2059/2041/1656
f 2062/2044/1657 2061/2043/1657 2063/2045/1658
f 2062/2044/1657 2063/2045/1658 2064/2046/1658
f 2065/2047/1658 2053/2035/1652 2056/2038/1652
f 2065/2047/1658 2056/2038/1652 2066/2048/1658
f 2067/2049/1659 2068/2050/1660 2069/2051/1661
f 2067/2049/1659 2069/2051/1661 2070/2052/1662
f 2068/2050/1660 2057/2039/1655 2060/2042/1655
f 2068/2050/1660 2060/2042/1655 2069/2051/1661
f 2071/2053/1663 2072/2054/1664 2073/2055/1664
f 2071/2053/1663 2073/2055/1664 2074/2056/1665
f 2075/2057/1666 2076/2058/1667 2077/2059/1668
f 2075/2057/1666 2077/2059/1668 2078/2060/1669
f 2076/2058/1667 2075/2057/1666 2079/2061/1552
f 2076/2058/1667 2079/2061/1552 2080/2062/1552
f 2081/2063/1670 2076/2058/1667 2080/2062/1552
f 2081/2063/1670 2080/2062/1552 2082/2064/1552
f 2076/2058/1667 2081/2063/1670 2083/2065/1671
f 2076/2058/1667 2083/2065/1671 2077/2059/1668
f 2084/2066/1672 2067/2049/1659 2070/2052/1662
f 2084/2066/1672 2070/2052/1662 2085/2067/1672
f 2086/2068/1673 2087/2069/1674 2088/2070/1675
f 2086/2068/1673 2088/2070/1675 2089/2071/1676
f 2086/2068/1673 2090/2072/1677 1803/1785/1433
f 2086/2068/1673 1803/1785/1433 2087/2069/1674
f 2087/2069/1674 1803/1785/1433 1804/1786/1434
f 2087/2069/1674 1804/1786/1434 2091/2073/1678
f 2087/2069/1674 2091/2073/1678 2092/2074/1679
f 2087/2069/1674 2092/2074/1679 2088/2070/1675
f 1925/1907/1536 1924/1906/1536 2071/2053/1663
f 1925/1907/1536 2071/2053/1663 2074/2056/1665
f 2093/2075/1680 2078/2060/1669 2077/2059/1668
f 2093/2075/1680 2077/2059/1668 1938/1920/1548
f 1938/1920/1548 2077/2059/1668 2083/2065/1671
f 1938/1920/1548 2083/2065/1671 1939/1921/1549
f 2088/2070/1675 2092/2074/1679 2094/2076/1435
f 2088/2070/1675 2094/2076/1435 2095/2077/1435
f 2089/2071/1676 2088/2070/1675 2095/2077/1435
f 2089/2071/1676 2095/2077/1435 2096/2078/1435
f 2097/2079/1681 1952/1934/1557 2098/2080/1682
f 2097/2079/1681 2098/2080/1682 2099/2081/1683
f 2098/2080/1682 1952/1934/1557 1953/1935/1558
f 2098/2080/1682 1953/1935/1558 2100/2082/1684
f 1955/1937/1560 2098/2080/1682 2100/2082/1684
f 1955/1937/1560 2100/2082/1684 1956/1938/1560
f 1905/1887/1519 1904/1886/1519 2101/2083/1685
f 1905/1887/1519 2101/2083/1685 2102/2084/1686
f 2101/2083/1685 1906/1888/1520 1909/1891/1520
f 2101/2083/1685 1909/1891/1520 2102/2084/1686
f 2103/2085/1687 1815/1797/1437 2104/2086/1688
f 2103/2085/1687 2104/2086/1688 2105/2087/1689
f 1822/1804/1443 1821/1803/1442 2103/2085/1687
f 1822/1804/1443 2103/2085/1687 2105/2087/1689
f 2103/2085/1687 1821/1803/1442 1825/1807/1446
f 2103/2085/1687 1825/1807/1446 2106/2088/1690
f 1815/1797/1437 2103/2085/1687 2106/2088/1690
f 1815/1797/1437 2106/2088/1690 1816/1798/1427
f 2107/2089/1435 2108/2090/1435 2109/2091/1691
f 2107/2089/1435 2109/2091/1691 2110/2092/1692
f 2111/2093/1435 2107/2089/1435 2110/2092/1692
f 2111/2093/1435 2110/2092/1692 2112/2094/1693
f 2107/2089/1435 2111/2093/1435 2113/2095/1694
f 2107/2089/1435 2113/2095/1694 2114/2096/1694
f 2108/2090/1435 2107/2089/1435 2114/2096/1694
f 2108/2090/1435 2114/2096/1694 2115/2097/1694
f 2095/2077/1435 2094/2076/1435 2116/2098/1695
f 2095/2077/1435 2116/2098/1695 2117/2099/1695
f 2096/2078/1435 2095/2077/1435 2117/2099/1695
f 2096/2078/1435 2117/2099/1695 2118/2100/1695
f 2072/2054/1664 2119/2101/1664 2120/2102/1664
f 2072/2054/1664 2120/2102/1664 2073/2055/1664
f 2121/2103/1696 2122/2104/1697 2123/2105/1698
f 2121/2103/1696 2123/2105/1698 2124/2106/1699
f 2125/2107/1552 2126/2108/1552 2127/2109/1552
f 2125/2107/1552 2127/2109/1552 2128/2110/1552
f 2126/2108/1552 2125/2107/1552 2129/2111/1700
f 2126/2108/1552 2129/2111/1700 2130/2112/1701
f 2131/2113/1552 2126/2108/1552 2130/2112/1701
f 2131/2113/1552 2130/2112/1701 2132/2114/1702
f 2126/2108/1552 2131/2113/1552 2133/2115/1552
f 2126/2108/1552 2133/2115/1552 2127/2109/1552
f 2080/2062/1552 2079/2061/1552 2134/2116/1703
f 2080/2062/1552 2134/2116/1703 2135/2117/1703
f 2082/2064/1552 2080/2062/1552 2135/2117/1703
f 2082/2064/1552 2135/2117/1703 2136/2118/1552
f 2137/2119/1704 2138/2120/1705 2139/2121/1706
f 2137/2119/1704 2139/2121/1706 2140/2122/1707
f 2138/2120/1705 2141/2123/1708 2142/2124/1709
f 2138/2120/1705 2142/2124/1709 2139/2121/1706
f 2143/2125/1710 2144/2126/1711 2145/2127/1712
f 2143/2125/1710 2145/2127/1712 2146/2128/1713
f 2144/2126/1711 2147/2129/1714 2148/2130/1715
f 2144/2126/1711 2148/2130/1715 2145/2127/1712
f 2149/2131/1716 2084/2066/1672 2085/2067/1672
f 2149/2131/1716 2085/2067/1672 2150/2132/1717
f 2151/2133/1718 2152/2134/1719 2153/2135/1720
f 2151/2133/1718 2153/2135/1720 2154/2136/1721
f 2110/2092/1692 2109/2091/1691 2155/2137/1722
f 2110/2092/1692 2155/2137/1722 2156/2138/1723
f 2112/2094/1693 2110/2092/1692 2156/2138/1723
f 2112/2094/1693 2156/2138/1723 2157/2139/1724
f 2158/2140/1725 2151/2133/1718 2154/2136/1721
f 2158/2140/1725 2154/2136/1721 2159/2141/1726
f 2130/2112/1701 2129/2111/1700 2160/2142/1727
f 2130/2112/1701 2160/2142/1727 2161/2143/1728
f 2132/2114/1702 2130/2112/1701 2161/2143/1728
f 2132/2114/1702 2161/2143/1728 2162/2144/1729
f 2122/2104/1697 2163/2145/1730 2164/2146/1731
f 2122/2104/1697 2164/2146/1731 2123/2105/1698
f 2164/2146/1731 2163/2145/1730 2165/2147/1732
f 2164/2146/1731 2165/2147/1732 2166/2148/1733
f 2167/2149/1734 2168/2150/1734 2169/2151/1694
f 2167/2149/1734 2169/2151/1694 2170/2152/1694
f 2171/2153/1695 2167/2149/1734 2170/2152/1694
f 2171/2153/1695 2170/2152/1694 2172/2154/1694
f 2167/2149/1734 2171/2153/1695 2173/2155/1735
f 2167/2149/1734 2173/2155/1735 2174/2156/1735
f 2168/2150/1734 2167/2149/1734 2174/2156/1735
f 2168/2150/1734 2174/2156/1735 2175/2157/1735
f 2176/2158/1736 2177/2159/1737 2178/2160/1738
f 2176/2158/1736 2178/2160/1738 2179/2161/1739
f 2180/2162/1552 2181/2163/1552 2182/2164/1703
f 2180/2162/1552 2182/2164/1703 2183/2165/1703
f 2181/2163/1552 2180/2162/1552 2184/2166/1552
f 2181/2163/1552 2184/2166/1552 2185/2167/1552
f 2186/2168/1552 2181/2163/1552 2185/2167/1552
f 2186/2168/1552 2185/2167/1552 2187/2169/1552
f 2181/2163/1552 2186/2168/1552 2188/2170/1703
f 2181/2163/1552 2188/2170/1703 2182/2164/1703
f 2189/2171/1740 2190/2172/1664 2191/2173/1664
f 2189/2171/1740 2191/2173/1664 2192/2174/1740
f 2193/2175/1741 2176/2158/1736 2179/2161/1739
f 2193/2175/1741 2179/2161/1739 2194/2176/1742
f 2185/2167/1552 2184/2166/1552 2195/2177/1743
f 2185/2167/1552 2195/2177/1743 2196/2178/1743
f 2187/2169/1552 2185/2167/1552 2196/2178/1743
f 2187/2169/1552 2196/2178/1743 2197/2179/1743
f 2190/2172/1664 2198/2180/1744 2199/2181/1744
f 2190/2172/1664 2199/2181/1744 2191/2173/1664
f 2170/2152/1694 2169/2151/1694 2200/2182/1745
f 2170/2152/1694 2200/2182/1745 2201/2183/1745
f 2172/2154/1694 2170/2152/1694 2201/2183/1745
f 2172/2154/1694 2201/2183/1745 2202/2184/1745
f 2203/2185/1746 2121/2103/1696 2124/2106/1699
f 2203/2185/1746 2124/2106/1699 2204/2186/1747
f 2128/2110/1552 2127/2109/1552 2196/2178/1743
f 2128/2110/1552 2196/2178/1743 2195/2177/1743
f 2127/2109/1552 2133/2115/1552 2197/2179/1743
f 2127/2109/1552 2197/2179/1743 2196/2178/1743
f 2152/2134/1719 2205/2187/1748 2206/2188/1749
f 2152/2134/1719 2206/2188/1749 2153/2135/1720
f 2114/2096/1694 2113/2095/1694 2202/2184/1745
f 2114/2096/1694 2202/2184/1745 2201/2183/1745
f 2115/2097/1694 2114/2096/1694 2201/2183/1745
f 2115/2097/1694 2201/2183/1745 2200/2182/1745
f 2158/2140/1725 2159/2141/1726 2207/2189/1750
f 2158/2140/1725 2207/2189/1750 2208/2190/1751
f 2205/2187/1748 2193/2175/1741 2194/2176/1742
f 2205/2187/1748 2194/2176/1742 2206/2188/1749
f 2198/2180/1744 2203/2185/1746 2204/2186/1747
f 2198/2180/1744 2204/2186/1747 2199/2181/1744
f 2209/2191/1664 2189/2171/1740 2192/2174/1740
f 2209/2191/1664 2192/2174/1740 2210/2192/1664
f 2183/2165/1703 2182/2164/1703 2135/2117/1703
f 2183/2165/1703 2135/2117/1703 2134/2116/1703
f 2182/2164/1703 2188/2170/1703 2136/2118/1552
f 2182/2164/1703 2136/2118/1552 2135/2117/1703
f 2177/2159/1737 2211/2193/1752 2212/2194/1752
f 2177/2159/1737 2212/2194/1752 2178/2160/1738
f 2174/2156/1735 2173/2155/1735 2118/2100/1695
f 2174/2156/1735 2118/2100/1695 2117/2099/1695
f 2175/2157/1735 2174/2156/1735 2117/2099/1695
f 2175/2157/1735 2117/2099/1695 2116/2098/1695
f 2211/2193/1752 2149/2131/1716 2150/2132/1717
f 2211/2193/1752 2150/2132/1717 2212/2194/1752
f 2119/2101/1664 2209/2191/1664 2210/2192/1664
f 2119/2101/1664 2210/2192/1664 2120/2102/1664
f 1972/1954/1575 2042/2024/1643 2213/2195/1753
f 1972/1954/1575 2213/2195/1753 1973/1955/1576
f 2042/2024/1643 2046/2028/1647 2214/2196/1754
f 2042/2024/1643 2214/2196/1754 2213/2195/1753
f 2213/2195/1753 2214/2196/1754 2215/2197/1755
f 2213/2195/1753 2215/2197/1755 2216/2198/1756
f 1973/1955/1576 2213/2195/1753 2216/2198/1756
f 1973/1955/1576 2216/2198/1756 1974/1956/1577
f 1977/1959/1580 1980/1962/1583 2217/2199/1757
f 1977/1959/1580 2217/2199/1757 2043/2025/1644
f 1980/1962/1583 1985/1967/1588 2218/2200/1758
f 1980/1962/1583 2218/2200/1758 2217/2199/1757
f 2217/2199/1757 2218/2200/1758 2219/2201/1645
f 2217/2199/1757 2219/2201/1645 2220/2202/1645
f 2043/2025/1644 2217/2199/1757 2220/2202/1645
f 2043/2025/1644 2220/2202/1645 2044/2026/1645
f 2221/2203/1759 1916/1898/1528 1919/1901/1531
f 2221/2203/1759 1919/1901/1531 2222/2204/1760
f 2221/2203/1759 2222/2204/1760 2223/2205/1761
f 2221/2203/1759 2223/2205/1761 2224/2206/1762
f 2225/2207/1763 2024/2006/1625 2027/2009/1628
f 2225/2207/1763 2027/2009/1628 2226/2208/1764
f 2225/2207/1763 2226/2208/1764 2227/2209/1765
f 2225/2207/1763 2227/2209/1765 2228/2210/1766
f 2229/2211/1767 1915/1897/1527 1914/1896/1526
f 2229/2211/1767 1914/1896/1526 2230/2212/1768
f 2229/2211/1767 2230/2212/1768 2231/2213/1769
f 2229/2211/1767 2231/2213/1769 2232/2214/1770
f 2233/2215/1771 2029/2011/1630 2028/2010/1629
f 2233/2215/1771 2028/2010/1629 2234/2216/1772
f 2233/2215/1771 2234/2216/1772 2235/2217/1773
f 2233/2215/1771 2235/2217/1773 2236/2218/1774
f 2237/2219/1775 2052/2034/1651 2051/2033/1651
f 2237/2219/1775 2051/2033/1651 2238/2220/1775
f 2237/2219/1775 2238/2220/1775 2239/2221/1776
f 2237/2219/1775 2239/2221/1776 2240/2222/1776
f 2241/2223/1777 2242/2224/1777 2243/2225/1778
f 2241/2223/1777 2243/2225/1778 2244/2226/1778
f 2243/2225/1778 2245/2227/1779 2246/2228/1779
f 2243/2225/1778 2246/2228/1779 2244/2226/1778
f 2247/2229/1780 2142/2124/1709 2141/2123/1708
f 2247/2229/1780 2141/2123/1708 2248/2230/1781
f 2247/2229/1780 2248/2230/1781 2249/2231/1782
f 2247/2229/1780 2249/2231/1782 2250/2232/1782
f 2251/2233/1783 2252/2234/1783 2253/2235/1783
f 2251/2233/1783 2253/2235/1783 2254/2236/1783
f 1865/1847/1486 2017/1999/1618 2001/1983/1603
f 1865/1847/1486 2001/1983/1603 2000/1982/1602
f 2255/2237/1784 2256/2238/1785 2156/2138/1723
f 2255/2237/1784 2156/2138/1723 2155/2137/1722
f 2255/2237/1784 2257/2239/1786 2258/2240/1787
f 2255/2237/1784 2258/2240/1787 2256/2238/1785
f 2256/2238/1785 2258/2240/1787 2259/2241/1788
f 2256/2238/1785 2259/2241/1788 2260/2242/1789
f 2156/2138/1723 2256/2238/1785 2260/2242/1789
f 2156/2138/1723 2260/2242/1789 2157/2139/1724
f 2261/2243/1790 2262/2244/1791 2263/2245/1792
f 2261/2243/1790 2263/2245/1792 2264/2246/1793
f 2265/2247/1794 2263/2245/1792 2262/2244/1791
f 2265/2247/1794 2262/2244/1791 2266/2248/1795
f 2267/2249/1796 2268/2250/1797 2269/2251/1798
f 2267/2249/1796 2269/2251/1798 2270/2252/1799
f 2268/2250/1797 2271/2253/1800 2008/1990/1610
f 2268/2250/1797 2008/1990/1610 2269/2251/1798
f 2269/2251/1798 2008/1990/1610 1981/1963/1584
f 2269/2251/1798 1981/1963/1584 2038/2020/1639
f 2270/2252/1799 2269/2251/1798 2038/2020/1639
f 2270/2252/1799 2038/2020/1639 1968/1950/1571
f 1845/1827/1466 1844/1826/1465 1779/1761/1410
f 1845/1827/1466 1779/1761/1410 1790/1772/1420
f 1844/1826/1465 1843/1825/1464 2272/2254/1801
f 1844/1826/1465 2272/2254/1801 1779/1761/1410
f 1779/1761/1410 2272/2254/1801 2273/2255/1802
f 1779/1761/1410 2273/2255/1802 1791/1773/1421
f 1968/1950/1571 1971/1953/1574 1781/1763/1412
f 1968/1950/1571 1781/1763/1412 2270/2252/1799
f 1971/1953/1574 1976/1958/1579 1782/1764/1413
f 1971/1953/1574 1782/1764/1413 1781/1763/1412
f 2270/2252/1799 1781/1763/1412 1793/1775/1423
f 2270/2252/1799 1793/1775/1423 2267/2249/1796
f 2274/2256/1803 2246/2228/1779 2245/2227/1779
f 2274/2256/1803 2245/2227/1779 2275/2257/1803
f 2274/2256/1803 2275/2257/1803 2276/2258/1804
f 2274/2256/1803 2276/2258/1804 2277/2259/1804
f 2278/2260/1805 2279/2261/1806 2280/2262/1539
f 2278/2260/1805 2280/2262/1539 2281/2263/1539
f 2280/2262/1539 1926/1908/1537 1929/1911/1537
f 2280/2262/1539 1929/1911/1537 2281/2263/1539
f 2282/2264/1807 2283/2265/1808 2284/2266/1809
f 2282/2264/1807 2284/2266/1809 2285/2267/1810
f 2286/2268/1811 2287/2269/1812 2288/2270/1813
f 2286/2268/1811 2288/2270/1813 2289/2271/1814
f 2288/2270/1813 2137/2119/1704 2140/2122/1707
f 2288/2270/1813 2140/2122/1707 2289/2271/1814
f 2290/2272/1815 2291/2273/1816 2292/2274/1817
f 2290/2272/1815 2292/2274/1817 2293/2275/1818
f 2291/2273/1816 2294/2276/1819 2295/2277/1820
f 2291/2273/1816 2295/2277/1820 2292/2274/1817
f 2148/2130/1715 2147/2129/1714 2296/2278/1821
f 2148/2130/1715 2296/2278/1821 2297/2279/1822
f 2298/2280/1823 2299/2281/1824 2300/2282/1825
f 2298/2280/1823 2300/2282/1825 2301/2283/1826
f 2302/2284/1827 2301/2283/1826 1794/1776/1424
f 2302/2284/1827 1794/1776/1424 2303/2285/1828
f 2304/2286/1829 2302/2284/1827 2303/2285/1828
f 2304/2286/1829 2303/2285/1828 2305/2287/1830
f 2305/2287/1830 2261/2243/1790 2264/2246/1793
f 2305/2287/1830 2264/2246/1793 2304/2286/1829
f 2306/2288/1831 2307/2289/1832 2166/2148/1733
f 2306/2288/1831 2166/2148/1733 2165/2147/1732
f 2308/2290/1831 2309/2291/1833 2310/2292/1834
f 2308/2290/1831 2310/2292/1834 2311/2293/1835
f 2312/2294/1836 2310/2292/1834 2309/2291/1833
f 2312/2294/1836 2309/2291/1833 2313/2295/1837
f 2312/2294/1836 2313/2295/1837 2290/2272/1815
f 2312/2294/1836 2290/2272/1815 2293/2275/1818
f 2251/2233/1783 2254/2236/1783 2208/2190/1751
f 2251/2233/1783 2208/2190/1751 2207/2189/1750
f 1985/1967/1588 1984/1966/1587 2314/2296/1838
f 1985/1967/1588 2314/2296/1838 2315/2297/1839
f 1984/1966/1587 1983/1965/1586 2316/2298/1840
f 1984/1966/1587 2316/2298/1840 2314/2296/1838
f 2314/2296/1838 2316/2298/1840 2317/2299/1841
f 2314/2296/1838 2317/2299/1841 2318/2300/1842
f 2315/2297/1839 2314/2296/1838 2318/2300/1842
f 2315/2297/1839 2318/2300/1842 2319/2301/1843
f 1856/1838/1477 1855/1837/1476 2320/2302/1844
f 1856/1838/1477 2320/2302/1844 2321/2303/1845
f 1855/1837/1476 1854/1836/1475 2322/2304/1846
f 1855/1837/1476 2322/2304/1846 2320/2302/1844
f 2320/2302/1844 2322/2304/1846 2323/2305/1847
f 2320/2302/1844 2323/2305/1847 2324/2306/1848
f 2321/2303/1845 2320/2302/1844 2324/2306/1848
f 2321/2303/1845 2324/2306/1848 2325/2307/1849
f 2258/2240/1787 2326/2308/1850 2327/2309/1851
f 2258/2240/1787 2327/2309/1851 2259/2241/1788
f 2326/2308/1850 2143/2125/1710 2146/2128/1713
f 2326/2308/1850 2146/2128/1713 2328/2310/1852
f 2161/2143/1728 2329/2311/1853 2330/2312/1854
f 2161/2143/1728 2330/2312/1854 2162/2144/1729
f 2160/2142/1727 2331/2313/1855 2329/2311/1853
f 2160/2142/1727 2329/2311/1853 2161/2143/1728
f 2329/2311/1853 2331/2313/1855 2266/2248/1795
f 2329/2311/1853 2266/2248/1795 2262/2244/1791
f 2330/2312/1854 2329/2311/1853 2262/2244/1791
f 2330/2312/1854 2262/2244/1791 2261/2243/1790
f 2223/2205/1761 2236/2218/1774 2235/2217/1773
f 2223/2205/1761 2235/2217/1773 2224/2206/1762
f 2332/2314/1856 2232/2214/1770 2231/2213/1769
f 2332/2314/1856 2231/2213/1769 2333/2315/1857
f 1772/1754/1403 1831/1813/1452 2022/2004/1623
f 1772/1754/1403 2022/2004/1623 2334/2316/1858
f 1772/1754/1403 1774/1756/1405 2335/2317/1859
f 1772/1754/1403 2335/2317/1859 2336/2318/1860
f 1832/1814/1453 1828/1810/1449 2336/2318/1860
f 1832/1814/1453 2336/2318/1860 2335/2317/1859
f 2337/2319/1861 1777/1759/1408 1776/1758/1407
f 2337/2319/1861 1776/1758/1407 2338/2320/1862
f 2019/2001/1620 1835/1817/1456 1776/1758/1407
f 2019/2001/1620 1776/1758/1407 2339/2321/1863
f 1838/1820/1459 2337/2319/1861 2338/2320/1862
f 1838/1820/1459 2338/2320/1862 1834/1816/1455
f 2020/2002/1621 2019/2001/1620 2339/2321/1863
f 2020/2002/1621 2339/2321/1863 2340/2322/1864
f 1775/1757/1406 2340/2322/1864 2339/2321/1863
f 1775/1757/1406 2339/2321/1863 1776/1758/1407
f 2023/2005/1624 2341/2323/1865 2334/2316/1858
f 2023/2005/1624 2334/2316/1858 2022/2004/1623
f 1773/1755/1404 1772/1754/1403 2334/2316/1858
f 1773/1755/1404 2334/2316/1858 2341/2323/1865
f 2342/2324/1866 1788/1770/1418 1787/1769/1417
f 2342/2324/1866 1787/1769/1417 2343/2325/1867
f 2034/2016/1635 2344/2326/1868 1787/1769/1417
f 2034/2016/1635 1787/1769/1417 2345/2327/1869
f 1963/1945/1566 2342/2324/1866 2343/2325/1867
f 1963/1945/1566 2343/2325/1867 1959/1941/1562
f 1789/1771/1419 2346/2328/1870 2345/2327/1869
f 1789/1771/1419 2345/2327/1869 1787/1769/1417
f 2035/2017/1636 2034/2016/1635 2345/2327/1869
f 2035/2017/1636 2345/2327/1869 2346/2328/1870
f 2037/2019/1638 2347/2329/1871 2348/2330/1872
f 2037/2019/1638 2348/2330/1872 2031/2013/1632
f 1770/1752/1401 1769/1751/1400 2348/2330/1872
f 1770/1752/1401 2348/2330/1872 2347/2329/1871
f 1769/1751/1400 2032/2014/1633 2031/2013/1632
f 1769/1751/1400 2031/2013/1632 2348/2330/1872
f 1769/1751/1400 1771/1753/1402 2349/2331/1873
f 1769/1751/1400 2349/2331/1873 2350/2332/1874
f 1966/1948/1569 1965/1947/1568 2350/2332/1874
f 1966/1948/1569 2350/2332/1874 2349/2331/1873
f 2007/1989/1609 2008/1990/1610 2271/2253/1800
f 2007/1989/1609 2271/2253/1800 1988/1970/1591
f 2017/1999/1618 2351/2333/1875 2352/2334/1876
f 2017/1999/1618 2352/2334/1876 2001/1983/1603
f 2351/2333/1875 2273/2255/1802 2272/2254/1801
f 2351/2333/1875 2272/2254/1801 2352/2334/1876
f 2352/2334/1876 2272/2254/1801 1843/1825/1464
f 2352/2334/1876 1843/1825/1464 2016/1998/1617
f 2001/1983/1603 2352/2334/1876 2016/1998/1617
f 2001/1983/1603 2016/1998/1617 1848/1830/1469
f 2276/2258/1804 2279/2261/1806 2278/2260/1805
f 2276/2258/1804 2278/2260/1805 2277/2259/1804
f 2353/2231/1877 2354/2335/1877 2355/2336/1877
f 2353/2231/1877 2355/2336/1877 2356/2232/1877
f 1831/1813/1452 1830/1812/1451 2018/2000/1619
f 1831/1813/1452 2018/2000/1619 2022/2004/1623
f 1830/1812/1451 1835/1817/1456 2019/2001/1620
f 1830/1812/1451 2019/2001/1620 2018/2000/1619
f 2033/2015/1634 2344/2326/1868 2034/2016/1635
f 2033/2015/1634 2034/2016/1635 2030/2012/1631
f 1960/1942/1563 1965/1947/1568 1964/1946/1567
f 1960/1942/1563 1964/1946/1567 1961/1943/1564
f 1831/1813/1452 1772/1754/1403 2336/2318/1860
f 1831/1813/1452 2336/2318/1860 1828/1810/1449
f 1776/1758/1407 1835/1817/1456 1834/1816/1455
f 1776/1758/1407 1834/1816/1455 2338/2320/1862
f 1787/1769/1417 2344/2326/1868 1959/1941/1562
f 1787/1769/1417 1959/1941/1562 2343/2325/1867
f 2032/2014/1633 1769/1751/1400 2350/2332/1874
f 2032/2014/1633 2350/2332/1874 1965/1947/1568
f 1828/1810/1449 1826/1808/1447 1827/1809/1448
f 1828/1810/1449 1827/1809/1448 1829/1811/1450
f 1827/1809/1448 1836/1818/1457 1834/1816/1455
f 1827/1809/1448 1834/1816/1455 1829/1811/1450
f 1960/1942/1563 1959/1941/1562 2344/2326/1868
f 1960/1942/1563 2344/2326/1868 2033/2015/1634
f 2033/2015/1634 2032/2014/1633 1965/1947/1568
f 2033/2015/1634 1965/1947/1568 1960/1942/1563
f 2357/2253/1878 2358/2337/1878 2359/1968/1879
f 2357/2253/1878 2359/1968/1879 2360/1970/1880
f 2361/2337/1552 2362/2338/1552 2363/1928/1552
f 2361/2337/1552 2363/1928/1552 2364/1968/1552
f 2365/2338/1552 2366/2339/1552 2367/1924/1552
f 2365/2338/1552 2367/1924/1552 2368/1928/1552
f 2369/2339/1552 2370/2340/1552 2371/1925/1552
f 2369/2339/1552 2371/1925/1552 2372/1924/1552
f 2373/2340/1552 2374/2341/1552 2375/1936/1552
f 2373/2340/1552 2375/1936/1552 2376/1925/1552
f 2377/2341/1881 2378/2342/1882 2379/1937/1882
f 2377/2341/1881 2379/1937/1882 2380/1936/1883
f 2381/2342/1884 2382/2081/1885 2383/2080/1885
f 2381/2342/1884 2383/2080/1885 2384/1937/1885
f 2294/2276/1819 2285/2267/1810 2284/2266/1809
f 2294/2276/1819 2284/2266/1809 2295/2277/1820
f 2282/2264/1807 2287/2269/1812 2286/2268/1811
f 2282/2264/1807 2286/2268/1811 2283/2265/1808
f 2264/2246/1793 2263/2245/1792 2385/2343/1886
f 2264/2246/1793 2385/2343/1886 2386/2344/1887
f 2304/2286/1829 2264/2246/1793 2386/2344/1887
f 2304/2286/1829 2386/2344/1887 2387/2345/1888
f 2388/2346/1889 2302/2284/1827 2304/2286/1829
f 2388/2346/1889 2304/2286/1829 2387/2345/1888
f 2298/2280/1823 2301/2283/1826 2302/2284/1827
f 2298/2280/1823 2302/2284/1827 2388/2346/1889
f 2301/2283/1826 2300/2282/1825 1795/1777/1425
f 2301/2283/1826 1795/1777/1425 1794/1776/1424
f 2265/2247/1794 2389/2347/1890 2385/2343/1886
f 2265/2247/1794 2385/2343/1886 2263/2245/1792
f 2258/2240/1787 2257/2239/1786 2143/2125/1710
f 2258/2240/1787 2143/2125/1710 2326/2308/1850
f 2257/2239/1786 2390/2348/1891 2144/2126/1711
f 2257/2239/1786 2144/2126/1711 2143/2125/1710
f 2390/2348/1891 2391/2349/1892 2147/2129/1714
f 2390/2348/1891 2147/2129/1714 2144/2126/1711
f 2296/2278/1821 2147/2129/1714 2391/2349/1892
f 2296/2278/1821 2391/2349/1892 1784/1766/1415
f 2327/2309/1851 2326/2308/1850 2328/2310/1852
f 2327/2309/1851 2328/2310/1852 2392/2350/1893
f 2296/2278/1821 2393/2351/1894 2394/2352/1895
f 2296/2278/1821 2394/2352/1895 2297/2279/1822
f 1784/1766/1415 1786/1768/1416 2393/2351/1894
f 1784/1766/1415 2393/2351/1894 2296/2278/1821
f 1799/1781/1429 2395/2353/1896 1800/1782/1430
f 2395/2353/1896 1799/1781/1429 2090/2072/1677
f 2090/2072/1677 1799/1781/1429 1803/1785/1433
f 1814/1796/1436 2104/2086/1688 1815/1797/1437
f 2104/2086/1688 1814/1796/1436 1800/1782/1430
f 2104/2086/1688 1800/1782/1430 2395/2353/1896
f 2396/2354/1897 1934/1916/1544 1937/1919/1547
f 1934/1916/1544 2396/2354/1897 2093/2075/1680
f 1934/1916/1544 2093/2075/1680 1938/1920/1548
f 2097/2079/1681 1949/1931/1554 1952/1934/1557
f 1949/1931/1554 2097/2079/1681 1937/1919/1547
f 1937/1919/1547 2097/2079/1681 2396/2354/1897
o Osnova_R_high_lambert2_0
v -0.149849 -0.951377 0.094670
v -0.074864 -0.921869 0.092378
v -0.137376 -0.893703 0.094994
v -0.076529 -0.921344 0.062191
v -0.083964 -0.998653 0.062197
v -0.140631 -0.971805 0.064845
v 0.170515 -0.913560 0.079883
v 0.247155 -0.937945 0.074427
v 0.230946 -0.881237 0.076712
v 0.168682 -0.913128 0.046700
v 0.235908 -0.958991 0.041414
v 0.181207 -0.989602 0.044416
v -0.032923 -0.354622 0.059360
v 0.027045 -0.353015 0.056343
v 0.038139 -0.681284 0.055664
v -0.020826 -0.679959 0.059022
v 0.027045 -0.353015 0.056343
v 0.086970 -0.350558 0.053059
v 0.096888 -0.675976 0.052454
v 0.038139 -0.681284 0.055664
v -0.049409 0.136630 0.060200
v 0.010435 0.138299 0.057253
v 0.018647 -0.104618 0.056803
v -0.041395 -0.106653 0.059760
v 0.010435 0.138299 0.057253
v 0.070238 0.140687 0.053976
v 0.078673 -0.102582 0.053514
v 0.018647 -0.104618 0.056803
v 0.018647 -0.104618 0.056803
v 0.078673 -0.102582 0.053514
v 0.086970 -0.350558 0.053059
v 0.027045 -0.353015 0.056343
v -0.041395 -0.106653 0.059760
v 0.018647 -0.104618 0.056803
v 0.027045 -0.353015 0.056343
v -0.032923 -0.354622 0.059360
v -0.058619 0.449343 0.060614
v 0.000133 0.449361 0.057752
v 0.010435 0.138299 0.057253
v -0.049409 0.136630 0.060200
v 0.000133 0.449361 0.057752
v 0.058673 0.453654 0.054593
v 0.070238 0.140687 0.053976
v 0.010435 0.138299 0.057253
v -0.108640 0.453570 0.062413
v -0.058619 0.449343 0.060614
v -0.049409 0.136630 0.060200
v -0.102283 0.135921 0.062097
v -0.108640 0.453570 0.062413
v -0.102283 0.135921 0.062097
v -0.151672 0.135691 0.063470
v -0.154298 0.459920 0.063682
v -0.086167 -0.355150 0.061469
v -0.032923 -0.354622 0.059360
v -0.020826 -0.679959 0.059022
v -0.072118 -0.671725 0.062213
v -0.086167 -0.355150 0.061469
v -0.072118 -0.671725 0.062213
v -0.119574 -0.660037 0.065321
v -0.136050 -0.355137 0.063124
v -0.049409 0.136630 0.060200
v -0.041395 -0.106653 0.059760
v -0.094864 -0.108464 0.061690
v -0.102283 0.135921 0.062097
v -0.041395 -0.106653 0.059760
v -0.032923 -0.354622 0.059360
v -0.086167 -0.355150 0.061469
v -0.094864 -0.108464 0.061690
v -0.094864 -0.108464 0.061690
v -0.086167 -0.355150 0.061469
v -0.136050 -0.355137 0.063124
v -0.145046 -0.110164 0.063106
v -0.102283 0.135921 0.062097
v -0.094864 -0.108464 0.061690
v -0.145046 -0.110164 0.063106
v -0.151672 0.135691 0.063470
v 0.122989 0.143557 0.051085
v 0.070238 0.140687 0.053976
v 0.058673 0.453654 0.054593
v 0.108063 0.462253 0.051903
v 0.122989 0.143557 0.051085
v 0.108063 0.462253 0.051903
v 0.152878 0.473006 0.049447
v 0.172214 0.146669 0.048387
v 0.147535 -0.664308 0.049704
v 0.096888 -0.675976 0.052454
v 0.086970 -0.350558 0.053059
v 0.140090 -0.347480 0.050148
v 0.147535 -0.664308 0.049704
v 0.140090 -0.347480 0.050148
v 0.189806 -0.344092 0.047423
v 0.194130 -0.649462 0.047186
v 0.086970 -0.350558 0.053059
v 0.078673 -0.102582 0.053514
v 0.132092 -0.100771 0.050586
v 0.140090 -0.347480 0.050148
v 0.078673 -0.102582 0.053514
v 0.070238 0.140687 0.053976
v 0.122989 0.143557 0.051085
v 0.132092 -0.100771 0.050586
v 0.132092 -0.100771 0.050586
v 0.122989 0.143557 0.051085
v 0.172214 0.146669 0.048387
v 0.182208 -0.099072 0.047840
v 0.140090 -0.347480 0.050148
v 0.132092 -0.100771 0.050586
v 0.182208 -0.099072 0.047840
v 0.189806 -0.344092 0.047423
v -0.020826 -0.679959 0.059022
v 0.038139 -0.681284 0.055664
v 0.041554 -0.782651 0.055264
v -0.016872 -0.779843 0.058697
v 0.038139 -0.681284 0.055664
v 0.096888 -0.675976 0.052454
v 0.099674 -0.775923 0.052114
v 0.041554 -0.782651 0.055264
v 0.041554 -0.782651 0.055264
v 0.099674 -0.775923 0.052114
v 0.102850 -0.856840 0.051441
v 0.044318 -0.864955 0.054774
v -0.016872 -0.779843 0.058697
v 0.041554 -0.782651 0.055264
v 0.044318 -0.864955 0.054774
v -0.014612 -0.860781 0.058401
v -0.020826 -0.679959 0.059022
v -0.016872 -0.779843 0.058697
v -0.069713 -0.767268 0.062286
v -0.072118 -0.671725 0.062213
v -0.016872 -0.779843 0.058697
v -0.014612 -0.860781 0.058401
v -0.071108 -0.844170 0.062212
v -0.069713 -0.767268 0.062286
v -0.069713 -0.767268 0.062286
v -0.071108 -0.844170 0.062212
v -0.126383 -0.821341 0.066115
v -0.119762 -0.749810 0.065954
v -0.072118 -0.671725 0.062213
v -0.069713 -0.767268 0.062286
v -0.119762 -0.749810 0.065954
v -0.119574 -0.660037 0.065321
v 0.102850 -0.856840 0.051441
v 0.099674 -0.775923 0.052114
v 0.151597 -0.759892 0.049375
v 0.158148 -0.836582 0.048510
v 0.099674 -0.775923 0.052114
v 0.096888 -0.675976 0.052454
v 0.147535 -0.664308 0.049704
v 0.151597 -0.759892 0.049375
v 0.151597 -0.759892 0.049375
v 0.147535 -0.664308 0.049704
v 0.194130 -0.649462 0.047186
v 0.200421 -0.739210 0.046842
v 0.158148 -0.836582 0.048510
v 0.151597 -0.759892 0.049375
v 0.200421 -0.739210 0.046842
v 0.211828 -0.810253 0.045781
v -0.014612 -0.860781 0.058401
v 0.044318 -0.864955 0.054774
v 0.047081 -0.947399 0.054177
v -0.014404 -0.941932 0.058334
v 0.044318 -0.864955 0.054774
v 0.102850 -0.856840 0.051441
v 0.108064 -0.937786 0.050155
v 0.047081 -0.947399 0.054177
v 0.114296 -1.018746 0.048563
v 0.049844 -1.029914 0.053527
v 0.047081 -0.947399 0.054177
v 0.108064 -0.937786 0.050155
v 0.049844 -1.029914 0.053527
v -0.015220 -1.023189 0.058381
v -0.014404 -0.941932 0.058334
v 0.047081 -0.947399 0.054177
v 0.028863 -0.353015 0.089531
v -0.031109 -0.354622 0.092482
v -0.019031 -0.680030 0.091762
v 0.039960 -0.681356 0.088851
v 0.028863 -0.353015 0.089531
v 0.039960 -0.681356 0.088851
v 0.098709 -0.676039 0.085640
v 0.088789 -0.350557 0.086247
v -0.047592 0.136630 0.093385
v -0.039578 -0.106653 0.092946
v 0.020466 -0.104618 0.089991
v 0.012253 0.138299 0.090441
v -0.039578 -0.106653 0.092946
v -0.031109 -0.354622 0.092482
v 0.028863 -0.353015 0.089531
v 0.020466 -0.104618 0.089991
v 0.020466 -0.104618 0.089991
v 0.028863 -0.353015 0.089531
v 0.088789 -0.350557 0.086247
v 0.080492 -0.102582 0.086701
v 0.012253 0.138299 0.090441
v 0.020466 -0.104618 0.089991
v 0.080492 -0.102582 0.086701
v 0.072056 0.140687 0.087164
v 0.001951 0.449361 0.090940
v -0.056801 0.449343 0.093799
v -0.047592 0.136630 0.093385
v 0.012253 0.138299 0.090441
v 0.001951 0.449361 0.090940
v 0.012253 0.138299 0.090441
v 0.072056 0.140687 0.087164
v 0.060492 0.453654 0.087781
v -0.100471 0.135921 0.095276
v -0.047592 0.136630 0.093385
v -0.056801 0.449343 0.093799
v -0.106829 0.453570 0.095593
v -0.100471 0.135921 0.095276
v -0.106829 0.453570 0.095593
v -0.152492 0.459920 0.096854
v -0.149868 0.135691 0.096640
v -0.070401 -0.671793 0.093611
v -0.019031 -0.680030 0.091762
v -0.031109 -0.354622 0.092482
v -0.084370 -0.355150 0.094393
v -0.070401 -0.671793 0.093611
v -0.084370 -0.355150 0.094393
v -0.134274 -0.355138 0.095785
v -0.117962 -0.660100 0.094929
v -0.031109 -0.354622 0.092482
v -0.039578 -0.106653 0.092946
v -0.093052 -0.108465 0.094869
v -0.084370 -0.355150 0.094393
v -0.039578 -0.106653 0.092946
v -0.047592 0.136630 0.093385
v -0.100471 0.135921 0.095276
v -0.093052 -0.108465 0.094869
v -0.093052 -0.108465 0.094869
v -0.100471 0.135921 0.095276
v -0.149868 0.135691 0.096640
v -0.143242 -0.110164 0.096277
v -0.084370 -0.355150 0.094393
v -0.093052 -0.108465 0.094869
v -0.143242 -0.110164 0.096277
v -0.134274 -0.355138 0.095785
v 0.109882 0.462253 0.085091
v 0.060492 0.453654 0.087781
v 0.072056 0.140687 0.087164
v 0.124808 0.143557 0.084273
v 0.109882 0.462253 0.085091
v 0.124808 0.143557 0.084273
v 0.174033 0.146669 0.081575
v 0.154697 0.473006 0.082635
v 0.141908 -0.347480 0.083336
v 0.088789 -0.350557 0.086247
v 0.098709 -0.676039 0.085640
v 0.149355 -0.664344 0.082892
v 0.141908 -0.347480 0.083336
v 0.149355 -0.664344 0.082892
v 0.195948 -0.649462 0.080374
v 0.191624 -0.344092 0.080611
v 0.072056 0.140687 0.087164
v 0.080492 -0.102582 0.086701
v 0.133910 -0.100771 0.083774
v 0.124808 0.143557 0.084273
v 0.080492 -0.102582 0.086701
v 0.088789 -0.350557 0.086247
v 0.141908 -0.347480 0.083336
v 0.133910 -0.100771 0.083774
v 0.133910 -0.100771 0.083774
v 0.141908 -0.347480 0.083336
v 0.191624 -0.344092 0.080611
v 0.184026 -0.099072 0.081027
v 0.124808 0.143557 0.084273
v 0.133910 -0.100771 0.083774
v 0.184026 -0.099072 0.081027
v 0.174033 0.146669 0.081575
v -0.019031 -0.680030 0.091762
v -0.015073 -0.780126 0.091370
v 0.043383 -0.782938 0.088448
v 0.039960 -0.681356 0.088851
v -0.015073 -0.780126 0.091370
v -0.012827 -0.861271 0.090716
v 0.046141 -0.865455 0.087719
v 0.043383 -0.782938 0.088448
v 0.043383 -0.782938 0.088448
v 0.046141 -0.865455 0.087719
v 0.104681 -0.857289 0.084564
v 0.101501 -0.776175 0.085299
v 0.039960 -0.681356 0.088851
v 0.043383 -0.782938 0.088448
v 0.101501 -0.776175 0.085299
v 0.098709 -0.676039 0.085640
v -0.012827 -0.861271 0.090716
v -0.015073 -0.780126 0.091370
v -0.068004 -0.767538 0.093427
v -0.069405 -0.844639 0.093113
v -0.015073 -0.780126 0.091370
v -0.019031 -0.680030 0.091762
v -0.070401 -0.671793 0.093611
v -0.068004 -0.767538 0.093427
v -0.068004 -0.767538 0.093427
v -0.070401 -0.671793 0.093611
v -0.117962 -0.660100 0.094929
v -0.118172 -0.750062 0.095051
v -0.069405 -0.844639 0.093113
v -0.068004 -0.767538 0.093427
v -0.118172 -0.750062 0.095051
v -0.124787 -0.821783 0.095210
v 0.098709 -0.676039 0.085640
v 0.101501 -0.776175 0.085299
v 0.153420 -0.760036 0.082561
v 0.149355 -0.664344 0.082892
v 0.101501 -0.776175 0.085299
v 0.104681 -0.857289 0.084564
v 0.159976 -0.836870 0.081695
v 0.153420 -0.760036 0.082561
v 0.153420 -0.760036 0.082561
v 0.159976 -0.836870 0.081695
v 0.213649 -0.810325 0.078968
v 0.202240 -0.739210 0.080029
v 0.149355 -0.664344 0.082892
v 0.153420 -0.760036 0.082561
v 0.202240 -0.739210 0.080029
v 0.195948 -0.649462 0.080374
v 0.104681 -0.857289 0.084564
v 0.046141 -0.865455 0.087719
v 0.048867 -0.947959 0.086408
v 0.109887 -0.938321 0.083099
v 0.046141 -0.865455 0.087719
v -0.012827 -0.861271 0.090716
v -0.012675 -0.942474 0.089578
v 0.048867 -0.947959 0.086408
v 0.048867 -0.947959 0.086408
v -0.012675 -0.942474 0.089578
v -0.013571 -1.023707 0.088199
v 0.051576 -1.030457 0.084807
v 0.109887 -0.938321 0.083099
v 0.048867 -0.947959 0.086408
v 0.051576 -1.030457 0.084807
v 0.116108 -1.019313 0.081269
v -0.072295 0.921018 0.060259
v -0.113663 0.909302 0.062307
v -0.111845 0.909302 0.095495
v -0.070477 0.921018 0.093446
v -0.139386 0.886403 0.063691
v -0.137568 0.886403 0.096878
v 0.040017 0.924824 0.055414
v -0.016255 0.926354 0.057843
v -0.014436 0.926354 0.091030
v 0.041836 0.924824 0.088602
v 0.109367 0.895839 0.051831
v 0.082082 0.915936 0.053327
v 0.083900 0.915936 0.086515
v 0.111186 0.895839 0.085019
v -0.154298 0.459920 0.063682
v -0.151672 0.135691 0.063470
v -0.149868 0.135691 0.096640
v -0.152492 0.459920 0.096854
v -0.136050 -0.355137 0.063124
v -0.119574 -0.660037 0.065321
v -0.117962 -0.660100 0.094929
v -0.134274 -0.355138 0.095785
v -0.145046 -0.110164 0.063106
v -0.143242 -0.110164 0.096277
v 0.172214 0.146669 0.048387
v 0.152878 0.473006 0.049447
v 0.154697 0.473006 0.082635
v 0.174033 0.146669 0.081575
v 0.194130 -0.649462 0.047186
v 0.189806 -0.344092 0.047423
v 0.191624 -0.344092 0.080611
v 0.195948 -0.649462 0.080374
v 0.182208 -0.099072 0.047840
v 0.184026 -0.099072 0.081027
v -0.119762 -0.749810 0.065954
v -0.118172 -0.750062 0.095051
v -0.126383 -0.821341 0.066115
v -0.124787 -0.821783 0.095210
v 0.211828 -0.810253 0.045781
v 0.200421 -0.739210 0.046842
v 0.202240 -0.739210 0.080029
v 0.213649 -0.810325 0.078968
v -0.015220 -1.023189 0.058381
v 0.049844 -1.029914 0.053527
v 0.051576 -1.030457 0.084807
v -0.013571 -1.023707 0.088199
v 0.114296 -1.018746 0.048563
v 0.116108 -1.019313 0.081269
v 0.041836 0.924824 0.088602
v 0.044214 0.871467 0.088501
v 0.086960 0.867146 0.086347
v 0.083900 0.915936 0.086515
v 0.044214 0.871467 0.088501
v 0.046379 0.821720 0.088407
v 0.089778 0.821417 0.086193
v 0.086960 0.867146 0.086347
v 0.086960 0.867146 0.086347
v 0.089778 0.821417 0.086193
v 0.130274 0.832220 0.083973
v 0.123123 0.860679 0.084365
v 0.083900 0.915936 0.086515
v 0.086960 0.867146 0.086347
v 0.123123 0.860679 0.084365
v 0.111186 0.895839 0.085019
v 0.168730 0.769518 0.048578
v 0.172328 0.787732 0.048381
v 0.174147 0.787732 0.081569
v 0.170549 0.769518 0.081766
v 0.164947 0.805164 0.048786
v 0.166766 0.805164 0.081973
v 0.142278 0.613413 0.050028
v 0.144096 0.613413 0.083216
v 0.135105 0.737212 0.050421
v 0.136924 0.737212 0.083609
v 0.128455 0.832220 0.050785
v 0.121305 0.860679 0.051177
v 0.123123 0.860679 0.084365
v 0.130274 0.832220 0.083973
v 0.136924 0.737212 0.083609
v 0.135105 0.737212 0.050421
v 0.153024 0.758555 0.049439
v 0.154842 0.758555 0.082627
v 0.168730 0.769518 0.048578
v 0.153024 0.758555 0.049439
v 0.150372 0.786167 0.049584
v 0.172328 0.787732 0.048381
v 0.153024 0.758555 0.049439
v 0.135105 0.737212 0.050421
v 0.130069 0.784488 0.050697
v 0.150372 0.786167 0.049584
v 0.150372 0.786167 0.049584
v 0.130069 0.784488 0.050697
v 0.128455 0.832220 0.050785
v 0.147719 0.813779 0.049730
v 0.172328 0.787732 0.048381
v 0.150372 0.786167 0.049584
v 0.147719 0.813779 0.049730
v 0.164947 0.805164 0.048786
v 0.147719 0.813779 0.049730
v 0.149538 0.813779 0.082917
v 0.058673 0.453654 0.054593
v 0.053281 0.596244 0.054839
v 0.100348 0.603905 0.052326
v 0.108063 0.462253 0.051903
v 0.053281 0.596244 0.054839
v 0.048811 0.713999 0.055031
v 0.093855 0.719061 0.052682
v 0.100348 0.603905 0.052326
v 0.100348 0.603905 0.052326
v 0.093855 0.719061 0.052682
v 0.135105 0.737212 0.050421
v 0.142278 0.613413 0.050028
v 0.108063 0.462253 0.051903
v 0.100348 0.603905 0.052326
v 0.142278 0.613413 0.050028
v 0.152878 0.473006 0.049447
v 0.170549 0.769518 0.081766
v 0.174147 0.787732 0.081569
v 0.152190 0.786167 0.082772
v 0.154842 0.758555 0.082627
v 0.174147 0.787732 0.081569
v 0.166766 0.805164 0.081973
v 0.149538 0.813779 0.082917
v 0.152190 0.786167 0.082772
v 0.152190 0.786167 0.082772
v 0.149538 0.813779 0.082917
v 0.130274 0.832220 0.083973
v 0.131888 0.784488 0.083885
v 0.154842 0.758555 0.082627
v 0.152190 0.786167 0.082772
v 0.131888 0.784488 0.083885
v 0.136924 0.737212 0.083609
v -0.138974 -0.893196 0.065899
v -0.126383 -0.821341 0.066115
v -0.071108 -0.844170 0.062212
v -0.076529 -0.921344 0.062191
v -0.076529 -0.921344 0.062191
v -0.071108 -0.844170 0.062212
v -0.014612 -0.860781 0.058401
v -0.014404 -0.941932 0.058334
v -0.015220 -1.023189 0.058381
v -0.083964 -0.998653 0.062197
v -0.076529 -0.921344 0.062191
v -0.014404 -0.941932 0.058334
v 0.181207 -0.989602 0.044416
v 0.114296 -1.018746 0.048563
v 0.108064 -0.937786 0.050155
v 0.168682 -0.913128 0.046700
v 0.168682 -0.913128 0.046700
v 0.108064 -0.937786 0.050155
v 0.102850 -0.856840 0.051441
v 0.158148 -0.836582 0.048510
v 0.229117 -0.880949 0.043527
v 0.168682 -0.913128 0.046700
v 0.158148 -0.836582 0.048510
v 0.211828 -0.810253 0.045781
v -0.151446 -0.950866 0.065576
v -0.149849 -0.951377 0.094670
v -0.137376 -0.893703 0.094994
v -0.138974 -0.893196 0.065899
v -0.139032 -0.972316 0.093968
v -0.140631 -0.971805 0.064845
v -0.083964 -0.998653 0.062197
v -0.082352 -0.999164 0.091434
v 0.183045 -0.990178 0.077597
v 0.181207 -0.989602 0.044416
v 0.235908 -0.958991 0.041414
v 0.237751 -0.959564 0.074596
v 0.247155 -0.937945 0.074427
v 0.245302 -0.937367 0.041247
v 0.229117 -0.880949 0.043527
v 0.230946 -0.881237 0.076712
v -0.082352 -0.999164 0.091434
v -0.013571 -1.023707 0.088199
v -0.012675 -0.942474 0.089578
v -0.074864 -0.921869 0.092378
v -0.074864 -0.921869 0.092378
v -0.012675 -0.942474 0.089578
v -0.012827 -0.861271 0.090716
v -0.069405 -0.844639 0.093113
v -0.137376 -0.893703 0.094994
v -0.074864 -0.921869 0.092378
v -0.069405 -0.844639 0.093113
v -0.124787 -0.821783 0.095210
v 0.230946 -0.881237 0.076712
v 0.213649 -0.810325 0.078968
v 0.159976 -0.836870 0.081695
v 0.170515 -0.913560 0.079883
v 0.170515 -0.913560 0.079883
v 0.159976 -0.836870 0.081695
v 0.104681 -0.857289 0.084564
v 0.109887 -0.938321 0.083099
v 0.183045 -0.990178 0.077597
v 0.170515 -0.913560 0.079883
v 0.109887 -0.938321 0.083099
v 0.116108 -1.019313 0.081269
v 0.050629 0.713999 0.088219
v 0.048120 0.779194 0.088330
v -0.007621 0.776930 0.090946
v -0.005608 0.710914 0.090944
v 0.048120 0.779194 0.088330
v 0.046379 0.821720 0.088407
v -0.009309 0.820425 0.090968
v -0.007621 0.776930 0.090946
v -0.007621 0.776930 0.090946
v -0.009309 0.820425 0.090968
v -0.065221 0.816850 0.093461
v -0.063699 0.773565 0.093472
v -0.005608 0.710914 0.090944
v -0.007621 0.776930 0.090946
v -0.063699 0.773565 0.093472
v -0.062205 0.708043 0.093535
v -0.062205 0.708043 0.093535
v -0.063699 0.773565 0.093472
v -0.108700 0.767645 0.095465
v -0.108332 0.703622 0.095485
v -0.063699 0.773565 0.093472
v -0.065221 0.816850 0.093461
v -0.109295 0.810317 0.095473
v -0.108700 0.767645 0.095465
v -0.108700 0.767645 0.095465
v -0.109295 0.810317 0.095473
v -0.147449 0.802305 0.097244
v -0.148163 0.760449 0.097192
v -0.149222 0.698425 0.097114
v -0.148163 0.760449 0.097192
v -0.149977 0.760449 0.064010
v -0.151035 0.698425 0.063935
v -0.147449 0.802305 0.097244
v -0.149264 0.802305 0.064060
v -0.151035 0.698425 0.063935
v -0.149977 0.760449 0.064010
v -0.110516 0.767645 0.062280
v -0.110147 0.703622 0.062301
v -0.149977 0.760449 0.064010
v -0.149264 0.802305 0.064060
v -0.111111 0.810317 0.062287
v -0.110516 0.767645 0.062280
v -0.110516 0.767645 0.062280
v -0.111111 0.810317 0.062287
v -0.067039 0.816850 0.060274
v -0.065517 0.773565 0.060285
v -0.110147 0.703622 0.062301
v -0.110516 0.767645 0.062280
v -0.065517 0.773565 0.060285
v -0.064023 0.708043 0.060348
v -0.064023 0.708043 0.060348
v -0.065517 0.773565 0.060285
v -0.009440 0.776930 0.057759
v -0.007427 0.710914 0.057756
v -0.065517 0.773565 0.060285
v -0.067039 0.816850 0.060274
v -0.011127 0.820425 0.057780
v -0.009440 0.776930 0.057759
v -0.009440 0.776930 0.057759
v -0.011127 0.820425 0.057780
v 0.044560 0.821720 0.055220
v 0.046302 0.779194 0.055142
v -0.007427 0.710914 0.057756
v -0.009440 0.776930 0.057759
v 0.046302 0.779194 0.055142
v 0.048811 0.713999 0.055031
v -0.151028 0.592714 0.096982
v -0.152836 0.592714 0.063807
v -0.056801 0.449343 0.093799
v 0.001951 0.449361 0.090940
v -0.002239 0.592279 0.090971
v -0.059885 0.591009 0.093697
v 0.001951 0.449361 0.090940
v 0.060492 0.453654 0.087781
v 0.055099 0.596244 0.088027
v -0.002239 0.592279 0.090971
v -0.002239 0.592279 0.090971
v 0.055099 0.596244 0.088027
v 0.050629 0.713999 0.088219
v -0.005608 0.710914 0.090944
v -0.059885 0.591009 0.093697
v -0.002239 0.592279 0.090971
v -0.005608 0.710914 0.090944
v -0.062205 0.708043 0.093535
v -0.058619 0.449343 0.060614
v -0.108640 0.453570 0.062413
v -0.109685 0.591437 0.062375
v -0.061702 0.591009 0.060511
v -0.108640 0.453570 0.062413
v -0.154298 0.459920 0.063682
v -0.152836 0.592714 0.063807
v -0.109685 0.591437 0.062375
v -0.109685 0.591437 0.062375
v -0.152836 0.592714 0.063807
v -0.151035 0.698425 0.063935
v -0.110147 0.703622 0.062301
v -0.061702 0.591009 0.060511
v -0.109685 0.591437 0.062375
v -0.110147 0.703622 0.062301
v -0.064023 0.708043 0.060348
v 0.058673 0.453654 0.054593
v 0.000133 0.449361 0.057752
v -0.004058 0.592279 0.057783
v 0.053281 0.596244 0.054839
v 0.000133 0.449361 0.057752
v -0.058619 0.449343 0.060614
v -0.061702 0.591009 0.060511
v -0.004058 0.592279 0.057783
v -0.004058 0.592279 0.057783
v -0.061702 0.591009 0.060511
v -0.064023 0.708043 0.060348
v -0.007427 0.710914 0.057756
v 0.053281 0.596244 0.054839
v -0.004058 0.592279 0.057783
v -0.007427 0.710914 0.057756
v 0.048811 0.713999 0.055031
v -0.056801 0.449343 0.093799
v -0.059885 0.591009 0.093697
v -0.107871 0.591437 0.095556
v -0.106829 0.453570 0.095593
v -0.059885 0.591009 0.093697
v -0.062205 0.708043 0.093535
v -0.108332 0.703622 0.095485
v -0.107871 0.591437 0.095556
v -0.065221 0.816850 0.093461
v -0.009309 0.820425 0.090968
v -0.011697 0.871495 0.090997
v -0.067628 0.867174 0.093453
v -0.009309 0.820425 0.090968
v 0.046379 0.821720 0.088407
v 0.044214 0.871467 0.088501
v -0.011697 0.871495 0.090997
v -0.011697 0.871495 0.090997
v 0.044214 0.871467 0.088501
v 0.041836 0.924824 0.088602
v -0.014436 0.926354 0.091030
v -0.067628 0.867174 0.093453
v -0.011697 0.871495 0.090997
v -0.014436 0.926354 0.091030
v -0.070477 0.921018 0.093446
v -0.147449 0.802305 0.097244
v -0.109295 0.810317 0.095473
v -0.110434 0.858446 0.095483
v -0.146677 0.847513 0.097301
v -0.109295 0.810317 0.095473
v -0.065221 0.816850 0.093461
v -0.067628 0.867174 0.093453
v -0.110434 0.858446 0.095483
v -0.110434 0.858446 0.095483
v -0.067628 0.867174 0.093453
v -0.070477 0.921018 0.093446
v -0.111845 0.909302 0.095495
v -0.146677 0.847513 0.097301
v -0.110434 0.858446 0.095483
v -0.111845 0.909302 0.095495
v -0.137568 0.886403 0.096878
v -0.148494 0.847513 0.064115
v -0.146677 0.847513 0.097301
v -0.067039 0.816850 0.060274
v -0.111111 0.810317 0.062287
v -0.112251 0.858446 0.062296
v -0.069447 0.867174 0.060265
v -0.111111 0.810317 0.062287
v -0.149264 0.802305 0.064060
v -0.148494 0.847513 0.064115
v -0.112251 0.858446 0.062296
v -0.112251 0.858446 0.062296
v -0.148494 0.847513 0.064115
v -0.139386 0.886403 0.063691
v -0.113663 0.909302 0.062307
v -0.069447 0.867174 0.060265
v -0.112251 0.858446 0.062296
v -0.113663 0.909302 0.062307
v -0.072295 0.921018 0.060259
v 0.044560 0.821720 0.055220
v -0.011127 0.820425 0.057780
v -0.013516 0.871495 0.057809
v 0.042395 0.871467 0.055313
v -0.011127 0.820425 0.057780
v -0.067039 0.816850 0.060274
v -0.069447 0.867174 0.060265
v -0.013516 0.871495 0.057809
v -0.013516 0.871495 0.057809
v -0.069447 0.867174 0.060265
v -0.072295 0.921018 0.060259
v -0.016255 0.926354 0.057843
v 0.042395 0.871467 0.055313
v -0.013516 0.871495 0.057809
v -0.016255 0.926354 0.057843
v 0.040017 0.924824 0.055414
v 0.136924 0.737212 0.083609
v 0.095674 0.719061 0.085869
v 0.102166 0.603905 0.085514
v 0.144096 0.613413 0.083216
v 0.095674 0.719061 0.085869
v 0.050629 0.713999 0.088219
v 0.055099 0.596244 0.088027
v 0.102166 0.603905 0.085514
v 0.102166 0.603905 0.085514
v 0.055099 0.596244 0.088027
v 0.060492 0.453654 0.087781
v 0.109882 0.462253 0.085091
v 0.144096 0.613413 0.083216
v 0.102166 0.603905 0.085514
v 0.109882 0.462253 0.085091
v 0.154697 0.473006 0.082635
v 0.130274 0.832220 0.083973
v 0.089778 0.821417 0.086193
v 0.092114 0.781810 0.086065
v 0.131888 0.784488 0.083885
v 0.089778 0.821417 0.086193
v 0.046379 0.821720 0.088407
v 0.048120 0.779194 0.088330
v 0.092114 0.781810 0.086065
v 0.092114 0.781810 0.086065
v 0.048120 0.779194 0.088330
v 0.050629 0.713999 0.088219
v 0.095674 0.719061 0.085869
v 0.131888 0.784488 0.083885
v 0.092114 0.781810 0.086065
v 0.095674 0.719061 0.085869
v 0.136924 0.737212 0.083609
v 0.128455 0.832220 0.050785
v 0.087959 0.821417 0.053005
v 0.085141 0.867146 0.053159
v 0.121305 0.860679 0.051177
v 0.087959 0.821417 0.053005
v 0.044560 0.821720 0.055220
v 0.042395 0.871467 0.055313
v 0.085141 0.867146 0.053159
v 0.085141 0.867146 0.053159
v 0.042395 0.871467 0.055313
v 0.040017 0.924824 0.055414
v 0.082082 0.915936 0.053327
v 0.121305 0.860679 0.051177
v 0.085141 0.867146 0.053159
v 0.082082 0.915936 0.053327
v 0.109367 0.895839 0.051831
v 0.135105 0.737212 0.050421
v 0.093855 0.719061 0.052682
v 0.090295 0.781810 0.052877
v 0.130069 0.784488 0.050697
v 0.093855 0.719061 0.052682
v 0.048811 0.713999 0.055031
v 0.046302 0.779194 0.055142
v 0.090295 0.781810 0.052877
v 0.090295 0.781810 0.052877
v 0.046302 0.779194 0.055142
v 0.044560 0.821720 0.055220
v 0.087959 0.821417 0.053005
v 0.130069 0.784488 0.050697
v 0.090295 0.781810 0.052877
v 0.087959 0.821417 0.053005
v 0.128455 0.832220 0.050785
v -0.148163 0.760449 0.097192
v -0.149222 0.698425 0.097114
v -0.108332 0.703622 0.095485
v -0.108700 0.767645 0.095465
v -0.149222 0.698425 0.097114
v -0.151028 0.592714 0.096982
v -0.107871 0.591437 0.095556
v -0.108332 0.703622 0.095485
v -0.151028 0.592714 0.096982
v -0.152492 0.459920 0.096854
v -0.106829 0.453570 0.095593
v -0.107871 0.591437 0.095556
v 0.237751 -0.959564 0.074596
v 0.235908 -0.958991 0.041414
v -0.151446 -0.950866 0.065576
v -0.138974 -0.893196 0.065899
v 0.245302 -0.937367 0.041247
v 0.229117 -0.880949 0.043527
v -0.139032 -0.972316 0.093968
v -0.082352 -0.999164 0.091434
v 0.237751 -0.959564 0.074596
v 0.183045 -0.990178 0.077597
vn 0.0366 -0.0144 0.9992
vn 0.0363 -0.0148 0.9992
vn 0.0358 -0.0134 0.9993
vn -0.0485 0.0106 -0.9988
vn -0.0447 0.0042 -0.9990
vn -0.0483 0.0103 -0.9988
vn 0.0647 -0.0204 0.9977
vn 0.0649 -0.0201 0.9977
vn 0.0641 -0.0219 0.9977
vn -0.0647 0.0205 -0.9977
vn -0.0647 0.0204 -0.9977
vn -0.0654 0.0191 -0.9977
vn -0.0535 -0.0003 -0.9986
vn -0.0547 0.0002 -0.9985
vn -0.0546 0.0002 -0.9985
vn -0.0492 0.0002 -0.9988
vn -0.0547 -0.0000 -0.9985
vn -0.0494 0.0001 -0.9988
vn -0.0496 -0.0000 -0.9988
vn -0.0501 -0.0001 -0.9987
vn -0.0495 -0.0000 -0.9988
vn -0.0492 -0.0001 -0.9988
vn -0.0491 -0.0001 -0.9988
vn -0.0543 -0.0001 -0.9985
vn -0.0539 -0.0000 -0.9985
vn -0.0541 -0.0001 -0.9985
vn -0.0359 0.0003 -0.9994
vn -0.0277 0.0004 -0.9996
vn -0.0278 0.0004 -0.9996
vn -0.0508 -0.0027 -0.9987
vn -0.0497 -0.0072 -0.9987
vn -0.0359 0.0006 -0.9994
vn -0.0361 0.0006 -0.9993
vn -0.0362 0.0006 -0.9993
vn -0.0377 -0.0001 -0.9993
vn -0.0378 -0.0001 -0.9993
vn -0.0306 -0.0007 -0.9995
vn -0.0307 -0.0007 -0.9995
vn -0.0278 0.0007 -0.9996
vn -0.0282 0.0008 -0.9996
vn -0.0547 -0.0001 -0.9985
vn -0.0544 -0.0000 -0.9985
vn -0.0543 0.0002 -0.9985
vn -0.0547 0.0001 -0.9985
vn -0.0541 -0.0000 -0.9985
vn -0.0544 0.0001 -0.9985
vn -0.0574 0.0017 -0.9983
vn -0.0577 0.0015 -0.9983
vn -0.0580 0.0013 -0.9983
vn -0.0576 0.0015 -0.9983
vn -0.0546 0.0020 -0.9985
vn -0.0547 0.0019 -0.9985
vn -0.0545 0.0020 -0.9985
vn -0.0544 0.0021 -0.9985
vn -0.0559 0.0053 -0.9984
vn -0.0560 0.0051 -0.9984
vn -0.0561 0.0051 -0.9984
vn -0.0599 0.0030 -0.9982
vn -0.0598 0.0030 -0.9982
vn -0.0602 0.0028 -0.9982
vn -0.0600 0.0028 -0.9982
vn -0.0651 -0.0008 -0.9979
vn -0.0652 -0.0008 -0.9979
vn -0.0671 0.0020 -0.9977
vn -0.0670 0.0020 -0.9977
vn -0.0670 0.0019 -0.9978
vn -0.0672 0.0022 -0.9977
vn -0.0707 0.0035 -0.9975
vn -0.0705 0.0032 -0.9975
vn -0.0703 0.0030 -0.9975
vn -0.0706 0.0033 -0.9975
vn -0.0707 -0.0047 -0.9975
vn -0.0707 -0.0046 -0.9975
vn -0.0550 0.0064 -0.9985
vn -0.0546 0.0062 -0.9985
vn -0.0549 0.0063 -0.9985
vn -0.0536 0.0014 -0.9986
vn -0.0540 0.0016 -0.9985
vn -0.0541 0.0017 -0.9985
vn -0.0539 0.0015 -0.9985
vn -0.0527 0.0005 -0.9986
vn -0.0532 0.0007 -0.9986
vn -0.0535 0.0008 -0.9986
vn -0.0530 0.0006 -0.9986
vn -0.0542 0.0064 -0.9985
vn -0.0546 0.0066 -0.9985
vn -0.0543 0.0065 -0.9985
vn -0.0538 0.0063 -0.9985
vn -0.0643 0.0029 -0.9979
vn -0.0627 0.0084 -0.9980
vn -0.0627 0.0085 -0.9980
vn -0.0626 0.0085 -0.9980
vn -0.0731 0.0097 -0.9973
vn -0.0730 0.0097 -0.9973
vn -0.0708 0.0029 -0.9975
vn -0.0708 0.0028 -0.9975
vn -0.0706 0.0029 -0.9975
vn -0.0707 0.0028 -0.9975
vn 0.0492 -0.0004 0.9988
vn 0.0493 -0.0004 0.9988
vn 0.0547 -0.0002 0.9985
vn 0.0546 -0.0002 0.9985
vn 0.0491 -0.0002 0.9988
vn 0.0492 -0.0002 0.9988
vn 0.0547 -0.0000 0.9985
vn 0.0490 -0.0000 0.9988
vn 0.0486 0.0001 0.9988
vn 0.0491 -0.0000 0.9988
vn 0.0488 0.0001 0.9988
vn 0.0545 0.0001 0.9985
vn 0.0542 0.0001 0.9985
vn 0.0546 0.0002 0.9985
vn 0.0357 -0.0003 0.9994
vn 0.0358 -0.0003 0.9994
vn 0.0276 -0.0004 0.9996
vn 0.0275 -0.0004 0.9996
vn 0.0358 -0.0009 0.9994
vn 0.0359 -0.0009 0.9994
vn 0.0274 -0.0013 0.9996
vn 0.0279 -0.0012 0.9996
vn 0.0278 -0.0012 0.9996
vn 0.0277 -0.0013 0.9996
vn 0.0359 -0.0007 0.9994
vn 0.0360 -0.0006 0.9994
vn 0.0359 -0.0006 0.9994
vn 0.0357 -0.0006 0.9994
vn 0.0358 -0.0006 0.9994
vn 0.0280 -0.0007 0.9996
vn 0.0276 -0.0008 0.9996
vn 0.0277 -0.0008 0.9996
vn 0.0281 -0.0007 0.9996
vn 0.0279 -0.0010 0.9996
vn 0.0281 -0.0009 0.9996
vn 0.0280 -0.0009 0.9996
vn 0.0544 -0.0000 0.9985
vn 0.0543 -0.0001 0.9985
vn 0.0542 -0.0001 0.9985
vn 0.0541 -0.0001 0.9985
vn 0.0544 -0.0001 0.9985
vn 0.0494 -0.0022 0.9988
vn 0.0496 -0.0021 0.9988
vn 0.0497 -0.0020 0.9988
vn 0.0499 -0.0070 0.9987
vn 0.0503 -0.0067 0.9987
vn 0.0500 -0.0069 0.9987
vn 0.0549 -0.0069 0.9985
vn 0.0548 -0.0070 0.9985
vn 0.0546 -0.0020 0.9985
vn 0.0544 -0.0021 0.9985
vn 0.0545 -0.0020 0.9985
vn 0.0547 -0.0019 0.9985
vn 0.0394 -0.0057 0.9992
vn 0.0390 -0.0059 0.9992
vn 0.0387 -0.0061 0.9992
vn 0.0391 -0.0059 0.9992
vn 0.0371 -0.0018 0.9993
vn 0.0371 -0.0017 0.9993
vn 0.0303 0.0001 0.9995
vn 0.0301 -0.0000 0.9995
vn 0.0299 -0.0000 0.9996
vn 0.0343 -0.0028 0.9994
vn 0.0341 -0.0029 0.9994
vn 0.0342 -0.0028 0.9994
vn 0.0538 -0.0015 0.9986
vn 0.0533 -0.0019 0.9986
vn 0.0536 -0.0017 0.9986
vn 0.0537 -0.0016 0.9986
vn 0.0546 -0.0067 0.9985
vn 0.0545 -0.0068 0.9985
vn 0.0547 -0.0066 0.9985
vn 0.0543 -0.0064 0.9985
vn 0.0540 -0.0066 0.9985
vn 0.0542 -0.0065 0.9985
vn 0.0544 -0.0062 0.9985
vn 0.0535 -0.0004 0.9986
vn 0.0531 -0.0007 0.9986
vn 0.0528 -0.0009 0.9986
vn 0.0560 -0.0142 0.9983
vn 0.0558 -0.0140 0.9983
vn 0.0562 -0.0143 0.9983
vn 0.0564 -0.0144 0.9983
vn 0.0499 -0.0140 0.9987
vn 0.0498 -0.0139 0.9987
vn 0.0500 -0.0141 0.9986
vn 0.0502 -0.0142 0.9986
vn 0.0500 -0.0176 0.9986
vn 0.0499 -0.0175 0.9986
vn 0.0502 -0.0177 0.9986
vn 0.0577 -0.0180 0.9982
vn 0.0574 -0.0178 0.9982
vn 0.0575 -0.0179 0.9982
vn 0.0574 -0.0179 0.9982
vn -0.1725 0.9850 0.0095
vn -0.4578 0.8887 0.0251
vn -0.4569 0.8891 0.0252
vn -0.1715 0.9851 0.0095
vn -0.8697 0.4914 0.0476
vn -0.8694 0.4918 0.0476
vn 0.1046 0.9945 -0.0059
vn -0.0342 0.9994 0.0019
vn -0.0333 0.9994 0.0018
vn 0.1056 0.9944 -0.0058
vn 0.8138 0.5794 -0.0446
vn 0.3843 0.9230 -0.0212
vn 0.3849 0.9227 -0.0211
vn -0.9985 -0.0026 0.0544
vn -0.9984 -0.0163 0.0543
vn -0.9984 -0.0162 0.0543
vn -0.9985 -0.0025 0.0544
vn -0.9975 -0.0450 0.0542
vn -0.9977 -0.0415 0.0544
vn -0.9977 -0.0413 0.0543
vn -0.9975 -0.0456 0.0542
vn -0.9980 -0.0318 0.0543
vn 0.9972 0.0513 -0.0546
vn 0.9964 0.0641 -0.0546
vn 0.9972 0.0511 -0.0546
vn 0.9981 0.0269 -0.0547
vn 0.9983 0.0217 -0.0547
vn 0.9979 0.0359 -0.0547
vn -0.9976 0.0418 0.0550
vn -0.9976 0.0423 0.0550
vn -0.9896 0.1320 0.0563
vn -0.9896 0.1323 0.0562
vn 0.9785 0.1993 -0.0533
vn 0.9925 0.1098 -0.0543
vn 0.9925 0.1096 -0.0544
vn 0.9786 0.1987 -0.0531
vn -0.2253 -0.9743 -0.0045
vn 0.0379 -0.9991 -0.0194
vn 0.0361 -0.9992 -0.0193
vn -0.2250 -0.9743 -0.0046
vn 0.2942 -0.9552 -0.0330
vn 0.2925 -0.9557 -0.0328
vn 0.0499 -0.0000 0.9988
vn 0.0500 0.0001 0.9988
vn 0.0500 0.0001 0.9987
vn 0.0497 -0.0001 0.9988
vn 0.0506 -0.0000 0.9987
vn 0.0507 0.0001 0.9987
vn 0.0508 0.0002 0.9987
vn 0.0548 -0.0000 0.9985
vn 0.8323 -0.5524 -0.0456
vn 0.9929 0.1057 -0.0544
vn 0.9929 0.1056 -0.0544
vn 0.8324 -0.5523 -0.0456
vn 0.7253 0.6873 -0.0397
vn 0.9962 0.0673 -0.0546
vn 0.9958 -0.0738 -0.0546
vn 0.9958 -0.0739 -0.0546
vn 0.8697 0.4913 -0.0477
vn 0.9563 0.2878 -0.0524
vn 0.6912 -0.7217 -0.0379
vn 0.5941 0.8037 -0.0326
vn -0.0536 -0.0002 -0.9986
vn -0.0535 -0.0002 -0.9986
vn -0.0538 -0.0002 -0.9985
vn -0.0530 -0.0000 -0.9986
vn -0.0526 -0.0001 -0.9986
vn -0.0528 -0.0001 -0.9986
vn -0.0529 -0.0001 -0.9986
vn -0.0604 0.0085 -0.9981
vn -0.0607 0.0089 -0.9981
vn -0.0606 0.0090 -0.9981
vn -0.0636 0.0026 -0.9980
vn -0.0637 0.0027 -0.9980
vn -0.0638 0.0028 -0.9980
vn -0.0637 0.0026 -0.9980
vn -0.0576 0.0027 -0.9983
vn -0.0577 0.0026 -0.9983
vn -0.0666 0.0165 -0.9976
vn -0.0665 0.0166 -0.9976
vn -0.0663 0.0169 -0.9977
vn -0.0601 0.0137 -0.9981
vn -0.0603 0.0136 -0.9981
vn -0.0600 0.0161 -0.9981
vn -0.0599 0.0161 -0.9981
vn -0.0598 0.0164 -0.9981
vn -0.0599 0.0164 -0.9981
vn -0.9983 0.0212 0.0552
vn -0.9983 0.0192 0.0551
vn -0.9802 0.1894 0.0570
vn -0.9803 0.1894 0.0570
vn -0.5750 -0.8179 0.0173
vn -0.5788 -0.8153 0.0175
vn -0.3790 -0.9254 0.0047
vn -0.3782 -0.9257 0.0047
vn 0.4387 -0.8978 -0.0399
vn 0.4392 -0.8975 -0.0399
vn 0.6301 -0.7750 -0.0484
vn 0.6289 -0.7760 -0.0484
vn 0.9946 0.0883 -0.0546
vn 0.9948 0.0873 -0.0530
vn 0.9654 0.2558 -0.0510
vn 0.9655 0.2555 -0.0510
vn 0.0403 -0.0168 0.9990
vn 0.0404 -0.0169 0.9990
vn 0.0402 -0.0168 0.9990
vn 0.0397 -0.0133 0.9991
vn 0.0396 -0.0131 0.9991
vn 0.0394 -0.0130 0.9991
vn 0.0352 -0.0105 0.9993
vn 0.0353 -0.0107 0.9993
vn 0.0352 -0.0104 0.9993
vn 0.0354 -0.0107 0.9993
vn 0.0600 -0.0161 0.9981
vn 0.0599 -0.0163 0.9981
vn 0.0600 -0.0163 0.9981
vn 0.0583 -0.0148 0.9982
vn 0.0582 -0.0150 0.9982
vn 0.0584 -0.0147 0.9982
vn 0.0618 -0.0186 0.9979
vn 0.0618 -0.0187 0.9979
vn 0.0617 -0.0188 0.9979
vn 0.0619 -0.0185 0.9979
vn 0.0477 0.0008 0.9989
vn 0.0475 0.0007 0.9989
vn 0.0463 0.0006 0.9989
vn 0.0462 0.0005 0.9989
vn 0.0465 0.0008 0.9989
vn 0.0466 0.0010 0.9989
vn 0.0446 0.0015 0.9990
vn 0.0445 0.0012 0.9990
vn 0.0447 0.0016 0.9990
vn 0.0453 0.0017 0.9990
vn 0.0452 0.0015 0.9990
vn 0.0452 0.0016 0.9990
vn 0.0454 0.0018 0.9990
vn 0.0429 0.0011 0.9991
vn 0.0430 0.0012 0.9991
vn 0.0433 0.0014 0.9991
vn 0.0431 0.0013 0.9991
vn 0.0448 0.0012 0.9990
vn 0.0447 0.0011 0.9990
vn 0.0447 0.0010 0.9990
vn 0.0451 -0.0008 0.9990
vn 0.0452 -0.0008 0.9990
vn 0.0450 -0.0010 0.9990
vn -0.9984 0.0170 0.0546
vn -0.9984 0.0170 0.0545
vn -0.9984 0.0169 0.0546
vn -0.0417 0.0005 -0.9991
vn -0.0420 0.0007 -0.9991
vn -0.0421 0.0008 -0.9991
vn -0.0419 0.0007 -0.9991
vn -0.0452 0.0007 -0.9990
vn -0.0452 0.0008 -0.9990
vn -0.0453 0.0008 -0.9990
vn -0.0448 -0.0011 -0.9990
vn -0.0450 -0.0010 -0.9990
vn -0.0448 -0.0012 -0.9990
vn -0.0449 -0.0010 -0.9990
vn -0.0429 -0.0014 -0.9991
vn -0.0432 -0.0013 -0.9991
vn -0.0434 -0.0011 -0.9991
vn -0.0431 -0.0013 -0.9991
vn -0.0453 -0.0016 -0.9990
vn -0.0452 -0.0017 -0.9990
vn -0.0453 -0.0017 -0.9990
vn -0.0446 -0.0016 -0.9990
vn -0.0444 -0.0018 -0.9990
vn -0.0447 -0.0015 -0.9990
vn -0.0449 -0.0013 -0.9990
vn -0.0463 -0.0008 -0.9989
vn -0.0464 -0.0007 -0.9989
vn -0.0465 -0.0006 -0.9989
vn -0.0465 -0.0005 -0.9989
vn -0.0477 -0.0007 -0.9989
vn -0.0476 -0.0008 -0.9989
vn -0.0475 -0.0008 -0.9989
vn -0.9984 0.0136 0.0544
vn 0.0483 0.0013 0.9988
vn 0.0482 0.0014 0.9988
vn 0.0475 0.0016 0.9989
vn 0.0477 0.0016 0.9989
vn 0.0527 0.0007 0.9986
vn 0.0524 0.0008 0.9986
vn 0.0525 0.0008 0.9986
vn 0.0501 0.0008 0.9987
vn 0.0497 0.0009 0.9988
vn 0.0499 0.0010 0.9988
vn 0.0463 0.0020 0.9989
vn 0.0464 0.0019 0.9989
vn 0.0465 0.0019 0.9989
vn -0.0373 -0.0011 -0.9993
vn -0.0375 -0.0011 -0.9993
vn -0.0374 -0.0010 -0.9993
vn -0.0304 0.0004 -0.9995
vn -0.0303 0.0004 -0.9995
vn -0.0304 0.0003 -0.9995
vn -0.0365 0.0005 -0.9993
vn -0.0403 -0.0015 -0.9992
vn -0.0404 -0.0015 -0.9992
vn -0.0406 -0.0016 -0.9992
vn -0.0405 -0.0015 -0.9992
vn -0.0527 -0.0009 -0.9986
vn -0.0526 -0.0008 -0.9986
vn -0.0523 -0.0007 -0.9986
vn -0.0524 -0.0008 -0.9986
vn -0.0478 -0.0014 -0.9989
vn -0.0480 -0.0015 -0.9988
vn -0.0482 -0.0015 -0.9988
vn -0.0468 -0.0021 -0.9989
vn -0.0465 -0.0019 -0.9989
vn -0.0465 -0.0020 -0.9989
vn -0.0464 -0.0019 -0.9989
vn -0.0500 -0.0010 -0.9988
vn -0.0497 -0.0009 -0.9988
vn -0.0498 -0.0010 -0.9988
vn 0.0370 0.0010 0.9993
vn 0.0374 0.0011 0.9993
vn 0.0375 0.0011 0.9993
vn 0.0371 0.0010 0.9993
vn 0.0402 0.0015 0.9992
vn 0.0404 0.0015 0.9992
vn 0.0405 0.0016 0.9992
vn 0.0440 0.0019 0.9990
vn 0.0442 0.0017 0.9990
vn 0.0441 0.0019 0.9990
vn 0.0439 0.0020 0.9990
vn 0.0452 0.0009 0.9990
vn 0.0453 0.0008 0.9990
vn 0.0438 0.0008 0.9990
vn 0.0440 0.0008 0.9990
vn 0.0439 0.0008 0.9990
vn 0.0438 0.0009 0.9990
vn 0.0433 0.0020 0.9991
vn 0.0434 0.0019 0.9991
vn 0.0485 -0.0007 0.9988
vn 0.0483 -0.0005 0.9988
vn 0.0461 0.0017 0.9989
vn 0.0462 0.0016 0.9989
vn 0.0463 0.0016 0.9989
vn 0.0478 0.0020 0.9989
vn 0.0479 0.0019 0.9988
vn 0.0481 0.0018 0.9988
vn 0.0513 0.0002 0.9987
vn 0.0515 0.0002 0.9987
vn 0.0516 0.0001 0.9987
vn 0.0515 0.0001 0.9987
vn -0.9917 0.1166 0.0543
vn -0.9917 0.1169 0.0543
vn -0.0462 -0.0016 -0.9989
vn -0.0463 -0.0017 -0.9989
vn -0.0462 -0.0017 -0.9989
vn -0.0481 0.0007 -0.9988
vn -0.0484 0.0005 -0.9988
vn -0.0482 0.0007 -0.9988
vn -0.0513 -0.0000 -0.9987
vn -0.0515 -0.0001 -0.9987
vn -0.0517 -0.0004 -0.9987
vn -0.0515 -0.0002 -0.9987
vn -0.0478 -0.0018 -0.9989
vn -0.0480 -0.0020 -0.9988
vn -0.0480 -0.0019 -0.9988
vn -0.0452 -0.0008 -0.9990
vn -0.0453 -0.0009 -0.9990
vn -0.0451 -0.0006 -0.9990
vn -0.0441 -0.0019 -0.9990
vn -0.0444 -0.0023 -0.9990
vn -0.0441 -0.0018 -0.9990
vn -0.0433 -0.0020 -0.9991
vn -0.0432 -0.0019 -0.9991
vn -0.0439 -0.0008 -0.9990
vn -0.0439 -0.0009 -0.9990
vn 0.0524 0.0002 0.9986
vn 0.0526 0.0002 0.9986
vn 0.0530 -0.0000 0.9986
vn 0.0535 0.0002 0.9986
vn 0.0537 0.0002 0.9986
vn 0.0541 -0.0000 0.9985
vn 0.0541 0.0001 0.9985
vn 0.0512 -0.0000 0.9987
vn 0.0512 0.0001 0.9987
vn 0.0514 -0.0002 0.9987
vn 0.0517 0.0001 0.9987
vn 0.0514 0.0003 0.9987
vn 0.0518 -0.0000 0.9987
vn 0.0521 -0.0002 0.9986
vn -0.0507 -0.0001 -0.9987
vn -0.0506 -0.0000 -0.9987
vn -0.0503 0.0003 -0.9987
vn -0.0500 -0.0001 -0.9988
vn -0.0499 -0.0000 -0.9988
vn -0.0497 0.0001 -0.9988
vn -0.0548 -0.0000 -0.9985
vn -0.0518 -0.0001 -0.9987
vn -0.0517 -0.0000 -0.9987
vn -0.0514 0.0002 -0.9987
vn -0.0512 -0.0000 -0.9987
vn -0.0511 0.0001 -0.9987
vn -0.0510 0.0002 -0.9987
vn 0.0420 -0.0006 0.9991
vn 0.0418 -0.0007 0.9991
vn 0.0416 -0.0009 0.9991
vn 0.0363 -0.0005 0.9993
vn 0.0303 -0.0004 0.9995
vn 0.0302 -0.0004 0.9995
vn -0.0508 0.0145 -0.9986
vn -0.0644 0.0210 -0.9977
vn -0.0642 0.0214 -0.9977
vn 0.0369 -0.0155 0.9992
vn 0.0651 -0.0194 0.9977
vt 0.122332 0.969936
vt 0.143490 0.961170
vt 0.125871 0.952567
vt 0.544717 0.961177
vt 0.546851 0.984473
vt 0.562824 0.976278
vt 0.212740 0.959110
vt 0.234378 0.966607
vt 0.229812 0.949475
vt 0.475466 0.959144
vt 0.456488 0.973097
vt 0.471944 0.982228
vt 0.532091 0.790388
vt 0.515168 0.790012
vt 0.512216 0.889006
vt 0.528860 0.888500
vt 0.498253 0.789380
vt 0.495632 0.887511
vt 0.536470 0.642246
vt 0.519583 0.641851
vt 0.517400 0.715105
vt 0.534343 0.715610
vt 0.502702 0.641240
vt 0.500457 0.714601
vt 0.538893 0.547947
vt 0.522316 0.548048
vt 0.505792 0.546860
vt 0.552998 0.546581
vt 0.551381 0.642364
vt 0.565306 0.642344
vt 0.565867 0.544584
vt 0.547109 0.790451
vt 0.543339 0.885924
vt 0.556736 0.882316
vt 0.561175 0.790356
vt 0.549423 0.716059
vt 0.563573 0.716481
vt 0.487811 0.640470
vt 0.491847 0.544356
vt 0.479192 0.541196
vt 0.473916 0.639621
vt 0.481331 0.884085
vt 0.483258 0.788548
vt 0.469224 0.787617
vt 0.468172 0.879693
vt 0.485378 0.714151
vt 0.471232 0.713730
vt 0.511304 0.919574
vt 0.527797 0.918622
vt 0.494897 0.917650
vt 0.494036 0.942053
vt 0.510563 0.944394
vt 0.527201 0.943029
vt 0.542716 0.914735
vt 0.543149 0.937919
vt 0.558754 0.930936
vt 0.556850 0.909382
vt 0.480235 0.912910
vt 0.478419 0.936044
vt 0.466445 0.906762
vt 0.463257 0.928202
vt 0.509821 0.969257
vt 0.527186 0.967497
vt 0.492591 0.966470
vt 0.490853 0.990893
vt 0.509078 0.994141
vt 0.527461 0.991994
vt 0.173041 0.789846
vt 0.156118 0.790222
vt 0.159348 0.888354
vt 0.175993 0.888860
vt 0.192578 0.887363
vt 0.189956 0.789213
vt 0.151735 0.642080
vt 0.153864 0.715444
vt 0.170807 0.714939
vt 0.168623 0.641685
vt 0.187750 0.714434
vt 0.185503 0.641073
vt 0.165887 0.547882
vt 0.149309 0.547781
vt 0.182411 0.546693
vt 0.136823 0.642199
vt 0.135203 0.546416
vt 0.122332 0.544419
vt 0.122895 0.642179
vt 0.144866 0.885778
vt 0.141097 0.790285
vt 0.127027 0.790192
vt 0.131462 0.882167
vt 0.138782 0.715894
vt 0.124630 0.716316
vt 0.196356 0.544189
vt 0.200394 0.640303
vt 0.214289 0.639454
vt 0.209011 0.541028
vt 0.204951 0.788381
vt 0.206878 0.883929
vt 0.220037 0.879526
vt 0.218985 0.787450
vt 0.202829 0.713984
vt 0.216975 0.713562
vt 0.160413 0.918539
vt 0.176906 0.919493
vt 0.161010 0.943008
vt 0.177647 0.944377
vt 0.194174 0.942021
vt 0.193313 0.917559
vt 0.145491 0.914650
vt 0.145059 0.937893
vt 0.131354 0.909291
vt 0.129451 0.930904
vt 0.207975 0.912788
vt 0.209790 0.935966
vt 0.224950 0.928060
vt 0.221763 0.906597
vt 0.178387 0.969259
vt 0.195615 0.966465
vt 0.161023 0.967494
vt 0.160745 0.991987
vt 0.179126 0.994141
vt 0.197347 0.990899
vt 0.934651 0.882153
vt 0.934698 0.869973
vt 0.924743 0.869989
vt 0.924697 0.882169
vt 0.934689 0.859977
vt 0.924735 0.859993
vt 0.934309 0.913918
vt 0.934480 0.898036
vt 0.924526 0.898051
vt 0.924355 0.913933
vt 0.934279 0.935919
vt 0.934263 0.926098
vt 0.924309 0.926113
vt 0.924324 0.935935
vt 0.934737 0.731122
vt 0.934606 0.633361
vt 0.924657 0.633376
vt 0.924787 0.731137
vt 0.934226 0.485290
vt 0.933158 0.393228
vt 0.924278 0.393223
vt 0.924430 0.485305
vt 0.934492 0.559204
vt 0.924543 0.559219
vt 0.965795 0.658444
vt 0.965640 0.559878
vt 0.955686 0.559893
vt 0.955840 0.658460
vt 0.966172 0.898598
vt 0.966027 0.806516
vt 0.956073 0.806531
vt 0.956217 0.898614
vt 0.965911 0.732601
vt 0.955957 0.732617
vt 0.932930 0.366162
vt 0.924203 0.366099
vt 0.932957 0.344523
vt 0.924230 0.344404
vt 0.966378 0.947399
vt 0.966214 0.925723
vt 0.956260 0.925739
vt 0.956424 0.947436
vt 0.933738 0.259089
vt 0.934379 0.240592
vt 0.924996 0.240438
vt 0.924794 0.258943
vt 0.935157 0.222095
vt 0.925347 0.221935
vt 0.177407 0.404602
vt 0.178048 0.420693
vt 0.190108 0.422073
vt 0.189271 0.407357
vt 0.178632 0.435696
vt 0.190878 0.435866
vt 0.202314 0.432682
vt 0.200312 0.424088
vt 0.196962 0.413466
vt 0.934348 0.980441
vt 0.934340 0.974861
vt 0.924385 0.974876
vt 0.924394 0.980457
vt 0.934331 0.969198
vt 0.924376 0.969214
vt 0.965574 0.517426
vt 0.955619 0.517441
vt 0.965515 0.480036
vt 0.955561 0.480052
vt 0.934310 0.955881
vt 0.934296 0.947057
vt 0.924342 0.947073
vt 0.924355 0.955896
vt 0.924415 0.994141
vt 0.934370 0.994125
vt 0.934357 0.985959
vt 0.924403 0.985974
vt 0.474553 0.451826
vt 0.478992 0.455103
vt 0.479726 0.446773
vt 0.473528 0.446341
vt 0.484062 0.461506
vt 0.485457 0.447243
vt 0.485886 0.432849
vt 0.480459 0.438443
vt 0.475601 0.441072
vt 0.934322 0.963675
vt 0.924368 0.963691
vt 0.507234 0.503859
vt 0.493946 0.501634
vt 0.508429 0.468348
vt 0.495714 0.466903
vt 0.482106 0.498844
vt 0.213647 0.451659
vt 0.214673 0.446174
vt 0.208475 0.446606
vt 0.209208 0.454936
vt 0.212599 0.440905
vt 0.207741 0.438276
vt 0.202744 0.447075
vt 0.204139 0.461338
vt 0.562331 0.952578
vt 0.458394 0.949550
vt 0.933477 0.304865
vt 0.924750 0.304725
vt 0.924471 0.322449
vt 0.933198 0.322587
vt 0.924783 0.297699
vt 0.933519 0.297840
vt 0.933524 0.279886
vt 0.924754 0.279744
vt 0.925830 0.201141
vt 0.935783 0.201304
vt 0.936229 0.183358
vt 0.926276 0.183194
vt 0.957297 0.987116
vt 0.967250 0.986929
vt 0.966804 0.969291
vt 0.956850 0.969392
vt 0.141352 0.984464
vt 0.216258 0.982238
vt 0.179772 0.468181
vt 0.179100 0.448520
vt 0.163372 0.449103
vt 0.163902 0.469010
vt 0.162920 0.435986
vt 0.147145 0.436963
vt 0.147550 0.450016
vt 0.147933 0.469773
vt 0.134851 0.451719
vt 0.134920 0.471023
vt 0.134707 0.438853
vt 0.123938 0.441199
vt 0.123715 0.453818
vt 0.924767 0.803048
vt 0.924756 0.821750
vt 0.934708 0.821734
vt 0.934719 0.803033
vt 0.924748 0.834370
vt 0.934701 0.834355
vt 0.564816 0.472681
vt 0.564485 0.453983
vt 0.553349 0.451885
vt 0.553281 0.471188
vt 0.564261 0.441364
vt 0.553492 0.439018
vt 0.541055 0.437128
vt 0.540651 0.450182
vt 0.540268 0.469939
vt 0.524829 0.449269
vt 0.524299 0.469176
vt 0.525280 0.436152
vt 0.509568 0.435862
vt 0.509101 0.448687
vt 0.924787 0.771175
vt 0.934737 0.771159
vt 0.164785 0.504784
vt 0.148520 0.505063
vt 0.180968 0.503692
vt 0.553214 0.505013
vt 0.539681 0.505229
vt 0.565382 0.504550
vt 0.523417 0.504951
vt 0.134986 0.504847
vt 0.162275 0.420584
vt 0.146495 0.421786
vt 0.161534 0.404039
vt 0.145723 0.405547
vt 0.134413 0.424340
vt 0.124180 0.427571
vt 0.134043 0.409004
vt 0.126771 0.415862
vt 0.934693 0.847986
vt 0.924739 0.848001
vt 0.553787 0.424505
vt 0.541705 0.421951
vt 0.564020 0.427736
vt 0.561429 0.416027
vt 0.554156 0.409169
vt 0.542477 0.405712
vt 0.525924 0.420750
vt 0.510152 0.420860
vt 0.526665 0.404205
vt 0.510792 0.404768
vt 0.192486 0.466736
vt 0.194256 0.501467
vt 0.206096 0.498676
vt 0.191516 0.447811
vt 0.497322 0.436032
vt 0.498092 0.422240
vt 0.487888 0.424255
vt 0.498928 0.407524
vt 0.491238 0.413633
vt 0.496685 0.447978
vt 0.123383 0.472516
vt 0.122817 0.504384
vt 0.957422 0.994141
vt 0.967375 0.993953
vt 0.565867 0.969946
vt 0.453832 0.966593
vt 0.125375 0.976269
vt 0.231717 0.973109
s 1
usemtl lambert2.003
f 2397/2355/1898 2398/2356/1899 2399/2357/1900
f 2400/2358/1901 2401/2359/1902 2402/2360/1903
f 2403/2361/1904 2404/2362/1905 2405/2363/1906
f 2406/2364/1907 2407/2365/1908 2408/2366/1909
f 2409/2367/1910 2410/2368/1910 2411/2369/1910
f 2409/2367/1910 2411/2369/1910 2412/2370/1910
f 2413/2368/1911 2414/2371/1911 2415/2372/1912
f 2413/2368/1911 2415/2372/1912 2416/2369/1912
f 2417/2373/1913 2418/2374/1913 2419/2375/1913
f 2417/2373/1913 2419/2375/1913 2420/2376/1913
f 2421/2374/1914 2422/2377/1914 2423/2378/1914
f 2421/2374/1914 2423/2378/1914 2424/2375/1914
f 2425/2375/1914 2426/2378/1914 2427/2371/1914
f 2425/2375/1914 2427/2371/1914 2428/2368/1914
f 2429/2376/1915 2430/2375/1916 2431/2368/1917
f 2429/2376/1915 2431/2368/1917 2432/2367/1918
f 2433/2379/1919 2434/2380/1920 2435/2374/1920
f 2433/2379/1919 2435/2374/1920 2436/2373/1919
f 2437/2380/1921 2438/2381/1922 2439/2377/1921
f 2437/2380/1921 2439/2377/1921 2440/2374/1923
f 2441/2382/1924 2442/2379/1924 2443/2373/1924
f 2441/2382/1924 2443/2373/1924 2444/2383/1924
f 2445/2382/1925 2446/2383/1926 2447/2384/1926
f 2445/2382/1925 2447/2384/1926 2448/2385/1925
f 2449/2386/1927 2450/2367/1927 2451/2370/1927
f 2449/2386/1927 2451/2370/1927 2452/2387/1927
f 2453/2386/1928 2454/2387/1928 2455/2388/1928
f 2453/2386/1928 2455/2388/1928 2456/2389/1928
f 2457/2373/1929 2458/2376/1930 2459/2390/1930
f 2457/2373/1929 2459/2390/1930 2460/2383/1931
f 2461/2376/1932 2462/2367/1933 2463/2386/1933
f 2461/2376/1932 2463/2386/1933 2464/2390/1932
f 2465/2390/1934 2466/2386/1935 2467/2389/1935
f 2465/2390/1934 2467/2389/1935 2468/2391/1935
f 2469/2383/1936 2470/2390/1937 2471/2391/1937
f 2469/2383/1936 2471/2391/1937 2472/2384/1936
f 2473/2392/1914 2474/2377/1938 2475/2381/1939
f 2473/2392/1914 2475/2381/1939 2476/2393/1939
f 2477/2392/1914 2478/2393/1914 2479/2394/1914
f 2477/2392/1914 2479/2394/1914 2480/2395/1914
f 2481/2396/1940 2482/2372/1940 2483/2371/1941
f 2481/2396/1940 2483/2371/1941 2484/2397/1941
f 2485/2396/1942 2486/2397/1941 2487/2398/1941
f 2485/2396/1942 2487/2398/1941 2488/2399/1943
f 2489/2371/1914 2490/2378/1914 2491/2400/1914
f 2489/2371/1914 2491/2400/1914 2492/2397/1914
f 2493/2378/1914 2494/2377/1914 2495/2392/1914
f 2493/2378/1914 2495/2392/1914 2496/2400/1914
f 2497/2400/1914 2498/2392/1914 2499/2395/1914
f 2497/2400/1914 2499/2395/1914 2500/2401/1914
f 2501/2397/1914 2502/2400/1914 2503/2401/1914
f 2501/2397/1914 2503/2401/1914 2504/2398/1914
f 2505/2370/1944 2506/2369/1945 2507/2402/1946
f 2505/2370/1944 2507/2402/1946 2508/2403/1947
f 2509/2369/1948 2510/2372/1949 2511/2404/1950
f 2509/2369/1948 2511/2404/1950 2512/2402/1951
f 2513/2402/1952 2514/2404/1953 2515/2405/1954
f 2513/2402/1952 2515/2405/1954 2516/2406/1954
f 2517/2403/1955 2518/2402/1956 2519/2406/1957
f 2517/2403/1955 2519/2406/1957 2520/2407/1958
f 2521/2370/1959 2522/2403/1959 2523/2408/1960
f 2521/2370/1959 2523/2408/1960 2524/2387/1959
f 2525/2403/1961 2526/2407/1962 2527/2409/1963
f 2525/2403/1961 2527/2409/1963 2528/2408/1964
f 2529/2408/1965 2530/2409/1966 2531/2410/1967
f 2529/2408/1965 2531/2410/1967 2532/2411/1968
f 2533/2387/1969 2534/2408/1970 2535/2411/1970
f 2533/2387/1969 2535/2411/1970 2536/2388/1969
f 2537/2405/1971 2538/2404/1972 2539/2412/1973
f 2537/2405/1971 2539/2412/1973 2540/2413/1971
f 2541/2404/1974 2542/2372/1975 2543/2396/1976
f 2541/2404/1974 2543/2396/1976 2544/2412/1977
f 2545/2412/1978 2546/2396/1979 2547/2399/1980
f 2545/2412/1978 2547/2399/1980 2548/2414/1981
f 2549/2413/1982 2550/2412/1983 2551/2414/1984
f 2549/2413/1982 2551/2414/1984 2552/2415/1985
f 2553/2407/1986 2554/2406/1986 2555/2416/1986
f 2553/2407/1986 2555/2416/1986 2556/2417/1986
f 2557/2406/1987 2558/2405/1988 2559/2418/1989
f 2557/2406/1987 2559/2418/1989 2560/2416/1987
f 2561/2419/1990 2562/2420/1991 2563/2416/1991
f 2561/2419/1990 2563/2416/1991 2564/2418/1991
f 2565/2420/1992 2566/2421/1993 2567/2417/1994
f 2565/2420/1992 2567/2417/1994 2568/2416/1995
f 2569/2422/1996 2570/2423/1996 2571/2424/1997
f 2569/2422/1996 2571/2424/1997 2572/2425/1997
f 2573/2422/1998 2574/2425/1999 2575/2426/1999
f 2573/2422/1998 2575/2426/1999 2576/2427/1998
f 2577/2428/2000 2578/2429/2001 2579/2430/2001
f 2577/2428/2000 2579/2430/2001 2580/2431/2000
f 2581/2429/2001 2582/2423/2001 2583/2422/2001
f 2581/2429/2001 2583/2422/2001 2584/2430/2001
f 2585/2430/2002 2586/2422/2002 2587/2427/2002
f 2585/2430/2002 2587/2427/2002 2588/2432/2002
f 2589/2431/2002 2590/2430/2002 2591/2432/2002
f 2589/2431/2002 2591/2432/2002 2592/2433/2002
f 2593/2434/2003 2594/2435/2004 2595/2428/2005
f 2593/2434/2003 2595/2428/2005 2596/2431/2006
f 2597/2434/2007 2598/2431/2008 2599/2433/2009
f 2597/2434/2007 2599/2433/2009 2600/2436/2008
f 2601/2437/2010 2602/2428/2010 2603/2435/2011
f 2601/2437/2010 2603/2435/2011 2604/2438/2011
f 2605/2437/2012 2606/2438/2013 2607/2439/2013
f 2605/2437/2012 2607/2439/2013 2608/2440/2012
f 2609/2441/2014 2610/2424/2014 2611/2423/2015
f 2609/2441/2014 2611/2423/2015 2612/2442/2015
f 2613/2441/2016 2614/2442/2017 2615/2443/2018
f 2613/2441/2016 2615/2443/2018 2616/2444/2019
f 2617/2423/2020 2618/2429/2021 2619/2445/2022
f 2617/2423/2020 2619/2445/2022 2620/2442/2020
f 2621/2429/2022 2622/2428/2023 2623/2437/2024
f 2621/2429/2022 2623/2437/2024 2624/2445/2021
f 2625/2445/2025 2626/2437/2026 2627/2440/2027
f 2625/2445/2025 2627/2440/2027 2628/2446/2028
f 2629/2442/2029 2630/2445/2030 2631/2446/2031
f 2629/2442/2029 2631/2446/2031 2632/2443/2029
f 2633/2447/2032 2634/2436/2032 2635/2433/2002
f 2633/2447/2032 2635/2433/2002 2636/2448/2002
f 2637/2447/2002 2638/2448/2002 2639/2449/2002
f 2637/2447/2002 2639/2449/2002 2640/2450/2002
f 2641/2451/1998 2642/2427/1998 2643/2426/2033
f 2641/2451/1998 2643/2426/2033 2644/2452/2034
f 2645/2451/2002 2646/2452/2033 2647/2453/2035
f 2645/2451/2002 2647/2453/2035 2648/2454/2036
f 2649/2433/2002 2650/2432/2002 2651/2455/2002
f 2649/2433/2002 2651/2455/2002 2652/2448/2002
f 2653/2432/2002 2654/2427/2002 2655/2451/2002
f 2653/2432/2002 2655/2451/2002 2656/2455/2002
f 2657/2455/2002 2658/2451/2002 2659/2454/2002
f 2657/2455/2002 2659/2454/2002 2660/2456/2002
f 2661/2448/2002 2662/2455/2002 2663/2456/2002
f 2661/2448/2002 2663/2456/2002 2664/2449/2002
f 2665/2424/2037 2666/2457/2038 2667/2458/2038
f 2665/2424/2037 2667/2458/2038 2668/2425/2039
f 2669/2457/2040 2670/2459/2041 2671/2460/2042
f 2669/2457/2040 2671/2460/2042 2672/2458/2042
f 2673/2458/2043 2674/2460/2044 2675/2461/2044
f 2673/2458/2043 2675/2461/2044 2676/2462/2043
f 2677/2425/2045 2678/2458/2046 2679/2462/2047
f 2677/2425/2045 2679/2462/2047 2680/2426/2048
f 2681/2459/2049 2682/2457/2050 2683/2463/2051
f 2681/2459/2049 2683/2463/2051 2684/2464/2052
f 2685/2457/2053 2686/2424/2054 2687/2441/2054
f 2685/2457/2053 2687/2441/2054 2688/2463/2054
f 2689/2463/2055 2690/2441/2056 2691/2444/2057
f 2689/2463/2055 2691/2444/2057 2692/2465/2056
f 2693/2464/2058 2694/2463/2059 2695/2465/2060
f 2693/2464/2058 2695/2465/2060 2696/2466/2059
f 2697/2426/2061 2698/2462/2062 2699/2467/2063
f 2697/2426/2061 2699/2467/2063 2700/2452/2064
f 2701/2462/2065 2702/2461/2065 2703/2468/2066
f 2701/2462/2065 2703/2468/2066 2704/2467/2067
f 2705/2467/2068 2706/2468/2069 2707/2469/2070
f 2705/2467/2068 2707/2469/2070 2708/2470/2071
f 2709/2452/2072 2710/2467/2073 2711/2470/2074
f 2709/2452/2072 2711/2470/2074 2712/2453/2073
f 2713/2461/2075 2714/2460/2076 2715/2471/2077
f 2713/2461/2075 2715/2471/2077 2716/2472/2078
f 2717/2460/2079 2718/2459/2080 2719/2473/2081
f 2717/2460/2079 2719/2473/2081 2720/2471/2082
f 2721/2471/2083 2722/2473/2084 2723/2474/2083
f 2721/2471/2083 2723/2474/2083 2724/2475/2085
f 2725/2472/2086 2726/2471/2087 2727/2475/2088
f 2725/2472/2086 2727/2475/2088 2728/2476/2089
f 2729/2477/2090 2730/2478/2091 2731/2479/2092
f 2729/2477/2090 2731/2479/2092 2732/2480/2093
f 2730/2478/2091 2733/2481/2094 2734/2482/2095
f 2730/2478/2091 2734/2482/2095 2731/2479/2092
f 2735/2483/2096 2736/2484/2097 2737/2485/2098
f 2735/2483/2096 2737/2485/2098 2738/2486/2099
f 2736/2484/2097 2729/2477/2090 2732/2480/2093
f 2736/2484/2097 2732/2480/2093 2737/2485/2098
f 2739/2487/2100 2740/2488/2101 2741/2489/2102
f 2739/2487/2100 2741/2489/2102 2742/2490/2100
f 2740/2488/2101 2735/2483/2096 2738/2486/2099
f 2740/2488/2101 2738/2486/2099 2741/2489/2102
f 2743/2491/2103 2744/2492/2104 2745/2493/2105
f 2743/2491/2103 2745/2493/2105 2746/2494/2106
f 2747/2495/2107 2748/2496/2108 2749/2497/2109
f 2747/2495/2107 2749/2497/2109 2750/2498/2110
f 2745/2493/2105 2744/2492/2104 2751/2499/2111
f 2745/2493/2105 2751/2499/2111 2752/2500/2111
f 2751/2499/2111 2747/2495/2107 2750/2498/2110
f 2751/2499/2111 2750/2498/2110 2752/2500/2111
f 2753/2501/2112 2754/2502/2113 2755/2503/2113
f 2753/2501/2112 2755/2503/2113 2756/2504/2114
f 2757/2505/2115 2758/2506/2116 2759/2507/2116
f 2757/2505/2115 2759/2507/2116 2760/2508/2115
f 2759/2507/2116 2758/2506/2116 2761/2509/2117
f 2759/2507/2116 2761/2509/2117 2762/2510/2117
f 2761/2509/2117 2753/2501/2112 2756/2504/2114
f 2761/2509/2117 2756/2504/2114 2762/2510/2117
f 2749/2497/2109 2748/2496/2108 2763/2511/2118
f 2749/2497/2109 2763/2511/2118 2764/2512/2119
f 2763/2511/2118 2765/2513/2120 2766/2514/2121
f 2763/2511/2118 2766/2514/2121 2764/2512/2119
f 2767/2515/2122 2768/2516/2123 2769/2517/2124
f 2767/2515/2122 2769/2517/2124 2770/2518/2125
f 2768/2516/2123 2757/2505/2115 2760/2508/2115
f 2768/2516/2123 2760/2508/2115 2769/2517/2124
f 2771/2519/2126 2772/2520/2127 2773/2521/2128
f 2771/2519/2126 2773/2521/2128 2774/2522/2129
f 2772/2520/2127 2775/2523/2130 2776/2524/2131
f 2772/2520/2127 2776/2524/2131 2773/2521/2128
f 2777/2525/2132 2778/2526/2133 2779/2527/2134
f 2777/2525/2132 2779/2527/2134 2780/2528/2135
f 2781/2526/2136 2782/2529/2137 2783/2530/2137
f 2781/2526/2136 2783/2530/2137 2784/2527/2138
f 2785/2527/2002 2786/2530/2002 2787/2531/2002
f 2785/2527/2002 2787/2531/2002 2788/2532/2002
f 2789/2528/2002 2790/2527/2002 2791/2532/2002
f 2789/2528/2002 2791/2532/2002 2792/2533/2139
f 2793/2534/2140 2794/2535/2141 2795/2536/2142
f 2793/2534/2140 2795/2536/2142 2796/2537/2143
f 2794/2535/2141 2797/2538/2144 2798/2539/2144
f 2794/2535/2141 2798/2539/2144 2795/2536/2142
f 2755/2503/2113 2754/2502/2113 2799/2540/2145
f 2755/2503/2113 2799/2540/2145 2800/2541/2145
f 2799/2540/2145 2801/2542/2146 2802/2543/2147
f 2799/2540/2145 2802/2543/2147 2800/2541/2145
f 2803/2544/2148 2804/2545/2149 2805/2546/2149
f 2803/2544/2148 2805/2546/2149 2806/2547/2148
f 2804/2545/2149 2739/2487/2100 2742/2490/2100
f 2804/2545/2149 2742/2490/2100 2805/2546/2149
f 2807/2548/2147 2808/2549/2147 2809/2550/2150
f 2807/2548/2147 2809/2550/2150 2810/2551/2150
f 2809/2550/2150 2793/2534/2140 2796/2537/2143
f 2809/2550/2150 2796/2537/2143 2810/2551/2150
f 2811/2552/1914 2812/2553/1914 2813/2554/1914
f 2811/2552/1914 2813/2554/1914 2814/2555/1914
f 2815/2553/1914 2816/2556/1914 2817/2557/1914
f 2815/2553/1914 2817/2557/1914 2818/2554/1914
f 2819/2554/1914 2820/2557/1914 2821/2558/1914
f 2819/2554/1914 2821/2558/1914 2822/2559/1914
f 2823/2555/1914 2824/2554/1914 2825/2559/1914
f 2823/2555/1914 2825/2559/1914 2826/2560/1914
f 2798/2539/2144 2797/2538/2144 2827/2561/2151
f 2798/2539/2144 2827/2561/2151 2828/2562/2151
f 2827/2561/2151 2803/2544/2148 2806/2547/2148
f 2827/2561/2151 2806/2547/2148 2828/2562/2151
f 2829/2381/1942 2830/2563/2152 2831/2564/2153
f 2829/2381/1942 2831/2564/2153 2832/2393/2154
f 2833/2563/2155 2834/2565/2156 2835/2566/2157
f 2833/2563/2155 2835/2566/2157 2836/2564/2158
f 2837/2564/1914 2838/2566/1914 2839/2556/1914
f 2837/2564/1914 2839/2556/1914 2840/2567/1914
f 2841/2393/1914 2842/2564/1914 2843/2567/1914
f 2841/2393/1914 2843/2567/1914 2844/2394/1914
f 2845/2568/2002 2846/2569/2002 2847/2570/2002
f 2845/2568/2002 2847/2570/2002 2848/2571/2002
f 2849/2569/2002 2850/2572/2002 2851/2573/2002
f 2849/2569/2002 2851/2573/2002 2852/2570/2002
f 2853/2570/2002 2854/2573/2139 2855/2531/2002
f 2853/2570/2002 2855/2531/2002 2856/2574/2002
f 2857/2571/2002 2858/2570/2002 2859/2574/2002
f 2857/2571/2002 2859/2574/2002 2860/2575/2002
f 2861/2576/2159 2862/2410/2160 2863/2409/2161
f 2861/2576/2159 2863/2409/2161 2864/2358/2160
f 2865/2358/2162 2866/2409/2163 2867/2407/2164
f 2865/2358/2162 2867/2407/2164 2868/2417/2165
f 2869/2421/2166 2870/2359/2166 2871/2358/2167
f 2869/2421/2166 2871/2358/2167 2872/2417/2166
f 2873/2366/2168 2874/2419/2169 2875/2418/2170
f 2873/2366/2168 2875/2418/2170 2876/2364/2169
f 2877/2364/2171 2878/2418/2172 2879/2405/2171
f 2877/2364/2171 2879/2405/2171 2880/2413/2172
f 2881/2577/2173 2882/2364/2174 2883/2413/2175
f 2881/2577/2173 2883/2413/2175 2884/2415/2176
f 2885/2578/2177 2886/2579/2178 2887/2580/2179
f 2885/2578/2177 2887/2580/2179 2888/2581/2180
f 2887/2580/2179 2766/2514/2121 2765/2513/2120
f 2887/2580/2179 2765/2513/2120 2888/2581/2180
f 2889/2582/2181 2890/2583/2182 2891/2584/2183
f 2889/2582/2181 2891/2584/2183 2892/2585/2184
f 2891/2584/2183 2771/2519/2126 2774/2522/2129
f 2891/2584/2183 2774/2522/2129 2892/2585/2184
f 2893/2586/2185 2776/2524/2131 2775/2523/2130
f 2893/2586/2185 2775/2523/2130 2894/2587/2186
f 2893/2586/2185 2894/2587/2186 2895/2588/2187
f 2893/2586/2185 2895/2588/2187 2896/2589/2188
f 2897/2590/2189 2898/2591/2190 2899/2592/2191
f 2897/2590/2189 2899/2592/2191 2900/2593/2192
f 2899/2592/2191 2767/2515/2122 2770/2518/2125
f 2899/2592/2191 2770/2518/2125 2900/2593/2192
f 2901/2594/2193 2902/2474/2194 2903/2473/2194
f 2901/2594/2193 2903/2473/2194 2904/2356/2195
f 2905/2356/2196 2906/2473/2197 2907/2459/2198
f 2905/2356/2196 2907/2459/2198 2908/2464/2197
f 2909/2357/2199 2910/2356/2200 2911/2464/2201
f 2909/2357/2199 2911/2464/2201 2912/2466/2202
f 2913/2363/2203 2914/2469/2204 2915/2468/2203
f 2913/2363/2203 2915/2468/2203 2916/2361/2205
f 2917/2361/2206 2918/2468/2207 2919/2461/2208
f 2917/2361/2206 2919/2461/2208 2920/2472/2207
f 2921/2595/2209 2922/2361/2210 2923/2472/2211
f 2921/2595/2209 2923/2472/2211 2924/2476/2212
f 2925/2596/2213 2926/2597/2213 2927/2598/2214
f 2925/2596/2213 2927/2598/2214 2928/2599/2214
f 2929/2597/2215 2930/2529/2216 2931/2600/2217
f 2929/2597/2215 2931/2600/2217 2932/2598/2218
f 2933/2598/2219 2934/2600/2220 2935/2601/2221
f 2933/2598/2219 2935/2601/2221 2936/2602/2221
f 2937/2599/2222 2938/2598/2223 2939/2602/2224
f 2937/2599/2222 2939/2602/2224 2940/2603/2225
f 2941/2603/2226 2942/2602/2227 2943/2604/2228
f 2941/2603/2226 2943/2604/2228 2944/2605/2229
f 2945/2602/2230 2946/2601/2230 2947/2606/2231
f 2945/2602/2230 2947/2606/2231 2948/2604/2232
f 2949/2604/2233 2950/2606/2234 2951/2607/2235
f 2949/2604/2233 2951/2607/2235 2952/2608/2234
f 2953/2609/2236 2954/2610/2236 2955/2611/2236
f 2953/2609/2236 2955/2611/2236 2956/2612/2237
f 2954/2610/2236 2957/2613/2236 2958/2614/2238
f 2954/2610/2236 2958/2614/2238 2955/2611/2236
f 2959/2615/2239 2960/2616/2240 2961/2617/2241
f 2959/2615/2239 2961/2617/2241 2962/2618/2242
f 2963/2616/2243 2964/2619/2244 2965/2620/2245
f 2963/2616/2243 2965/2620/2245 2966/2617/2243
f 2967/2617/2246 2968/2620/2247 2969/2621/2248
f 2967/2617/2246 2969/2621/2248 2970/2622/2249
f 2971/2618/2250 2972/2617/2251 2973/2622/2252
f 2971/2618/2250 2973/2622/2252 2974/2623/2253
f 2975/2623/2254 2976/2622/2254 2977/2624/2255
f 2975/2623/2254 2977/2624/2255 2978/2625/2256
f 2979/2622/2257 2980/2621/2258 2981/2626/2259
f 2979/2622/2257 2981/2626/2259 2982/2624/2260
f 2983/2624/2261 2984/2626/2262 2985/2627/2263
f 2983/2624/2261 2985/2627/2263 2986/2628/2264
f 2987/2625/2265 2988/2624/2266 2989/2628/2267
f 2987/2625/2265 2989/2628/2267 2990/2565/2267
f 2991/2629/2268 2953/2609/2236 2956/2612/2237
f 2991/2629/2268 2956/2612/2237 2992/2630/2268
f 2991/2629/2268 2992/2630/2268 2743/2491/2103
f 2991/2629/2268 2743/2491/2103 2746/2494/2106
f 2993/2435/2269 2994/2434/2270 2995/2631/2271
f 2993/2435/2269 2995/2631/2271 2996/2632/2272
f 2997/2434/2273 2998/2436/2273 2999/2633/2274
f 2997/2434/2273 2999/2633/2274 3000/2631/2275
f 3001/2631/2276 3002/2633/2277 3003/2596/2278
f 3001/2631/2276 3003/2596/2278 3004/2599/2278
f 3005/2632/2279 3006/2631/2280 3007/2599/2281
f 3005/2632/2279 3007/2599/2281 3008/2603/2280
f 3009/2379/2282 3010/2382/2283 3011/2634/2284
f 3009/2379/2282 3011/2634/2284 3012/2635/2284
f 3013/2382/2285 3014/2385/2286 3015/2636/2287
f 3013/2382/2285 3015/2636/2287 3016/2634/2285
f 3017/2634/2288 3018/2636/2288 3019/2615/2288
f 3017/2634/2288 3019/2615/2288 3020/2618/2288
f 3021/2635/2289 3022/2634/2290 3023/2618/2291
f 3021/2635/2289 3023/2618/2291 3024/2623/2292
f 3025/2381/2293 3026/2380/2294 3027/2637/2295
f 3025/2381/2293 3027/2637/2295 3028/2563/2296
f 3029/2380/2297 3030/2379/2298 3031/2635/2299
f 3029/2380/2297 3031/2635/2299 3032/2637/2297
f 3033/2637/2300 3034/2635/2301 3035/2623/2302
f 3033/2637/2300 3035/2623/2302 3036/2625/2303
f 3037/2563/2304 3038/2637/2305 3039/2625/2305
f 3037/2563/2304 3039/2625/2305 3040/2565/2306
f 3041/2435/2307 3042/2632/2308 3043/2638/2309
f 3041/2435/2307 3043/2638/2309 3044/2438/2310
f 3045/2632/2311 3046/2603/2312 3047/2605/2313
f 3045/2632/2311 3047/2605/2313 3048/2638/2312
f 3049/2601/2314 3050/2600/2315 3051/2639/2316
f 3049/2601/2314 3051/2639/2316 3052/2640/2317
f 3053/2600/2318 3054/2529/2319 3055/2526/2319
f 3053/2600/2318 3055/2526/2319 3056/2639/2319
f 3057/2639/2320 3058/2526/2321 3059/2525/2322
f 3057/2639/2320 3059/2525/2322 3060/2641/2323
f 3061/2640/2324 3062/2639/2324 3063/2641/2324
f 3061/2640/2324 3063/2641/2324 3064/2642/2325
f 3065/2607/2326 3066/2606/2327 3067/2643/2327
f 3065/2607/2326 3067/2643/2327 3068/2644/2327
f 3069/2606/2328 3070/2601/2329 3071/2640/2330
f 3069/2606/2328 3071/2640/2330 3072/2643/2329
f 3073/2643/2331 3074/2640/2332 3075/2642/2333
f 3073/2643/2331 3075/2642/2333 3076/2645/2332
f 3077/2644/2334 3078/2643/2335 3079/2645/2336
f 3077/2644/2334 3079/2645/2336 3080/2646/2337
f 2734/2482/2095 2733/2481/2094 3081/2647/2338
f 2734/2482/2095 3081/2647/2338 3082/2648/2339
f 3081/2647/2338 2958/2614/2238 2957/2613/2236
f 3081/2647/2338 2957/2613/2236 3082/2648/2339
f 3083/2621/2340 3084/2620/2341 3085/2649/2341
f 3083/2621/2340 3085/2649/2341 3086/2650/2342
f 3087/2620/2343 3088/2619/2344 3089/2651/2345
f 3087/2620/2343 3089/2651/2345 3090/2649/2344
f 3091/2649/2346 3092/2651/2347 3093/2652/2348
f 3091/2649/2346 3093/2652/2348 3094/2653/2349
f 3095/2650/2350 3096/2649/2351 3097/2653/2351
f 3095/2650/2350 3097/2653/2351 3098/2654/2352
f 3099/2627/2353 3100/2626/2354 3101/2655/2354
f 3099/2627/2353 3101/2655/2354 3102/2656/2355
f 3103/2626/2356 3104/2621/2357 3105/2650/2356
f 3103/2626/2356 3105/2650/2356 3106/2655/2358
f 3107/2655/2359 3108/2650/2360 3109/2654/2359
f 3107/2655/2359 3109/2654/2359 3110/2657/2359
f 3111/2656/2361 3112/2655/2362 3113/2657/2361
f 3111/2656/2361 3113/2657/2361 3114/2658/2361
f 3115/2575/2002 3116/2659/2002 3117/2660/2002
f 3115/2575/2002 3117/2660/2002 3118/2661/2002
f 3119/2659/2363 3120/2596/2364 3121/2633/2365
f 3119/2659/2363 3121/2633/2365 3122/2660/2364
f 3123/2660/2366 3124/2633/2367 3125/2436/2368
f 3123/2660/2366 3125/2436/2368 3126/2447/2369
f 3127/2661/2002 3128/2660/2002 3129/2447/2002
f 3127/2661/2002 3129/2447/2002 3130/2450/2002
f 3131/2531/2002 3132/2530/2002 3133/2662/2002
f 3131/2531/2002 3133/2662/2002 3134/2574/2002
f 3135/2530/2370 3136/2529/2370 3137/2597/2371
f 3135/2530/2370 3137/2597/2371 3138/2662/2372
f 3139/2662/2373 3140/2597/2374 3141/2596/2375
f 3139/2662/2373 3141/2596/2375 3142/2659/2376
f 3143/2574/2002 3144/2662/2002 3145/2659/2002
f 3143/2574/2002 3145/2659/2002 3146/2575/2002
f 3147/2558/1914 3148/2663/1914 3149/2664/1914
f 3147/2558/1914 3149/2664/1914 3150/2665/1914
f 3151/2663/2377 3152/2627/2378 3153/2656/2378
f 3151/2663/2377 3153/2656/2378 3154/2664/2379
f 3155/2664/2380 3156/2656/2381 3157/2658/2381
f 3155/2664/2380 3157/2658/2381 3158/2666/2382
f 3159/2665/1914 3160/2664/1914 3161/2666/1914
f 3159/2665/1914 3161/2666/1914 3162/2667/2383
f 3163/2556/1914 3164/2566/1914 3165/2668/1914
f 3163/2556/1914 3165/2668/1914 3166/2557/1914
f 3167/2566/2384 3168/2565/2385 3169/2628/2385
f 3167/2566/2384 3169/2628/2385 3170/2668/2386
f 3171/2668/2387 3172/2628/2388 3173/2627/2387
f 3171/2668/2387 3173/2627/2387 3174/2663/2389
f 3175/2557/1914 3176/2668/1914 3177/2663/1914
f 3175/2557/1914 3177/2663/1914 3178/2558/1914
f 3179/2608/2390 3180/2669/2391 3181/2605/2392
f 3179/2608/2390 3181/2605/2392 3182/2604/2391
f 3183/2669/2393 3184/2670/2393 3185/2638/2393
f 3183/2669/2393 3185/2638/2393 3186/2605/2393
f 3187/2670/2394 3188/2439/2395 3189/2438/2395
f 3187/2670/2394 3189/2438/2395 3190/2638/2395
f 2889/2582/2181 2886/2579/2178 2885/2578/2177
f 2889/2582/2181 2885/2578/2177 2890/2583/2182
f 2897/2590/2189 3191/2671/2188 3192/2672/2187
f 2897/2590/2189 3192/2672/2187 2898/2591/2190
f 2400/2358/1901 2402/2360/1903 3193/2673/2396
f 2400/2358/1901 3193/2673/2396 3194/2576/2396
f 3195/2674/2397 2407/2365/1908 2406/2364/1907
f 3195/2674/2397 2406/2364/1907 3196/2577/2398
f 2397/2355/1898 3197/2675/2399 3198/2594/2399
f 2397/2355/1898 3198/2594/2399 2398/2356/1899
f 3199/2676/2400 2404/2362/1905 2403/2361/1904
f 3199/2676/2400 2403/2361/1904 3200/2595/2400
o Roll_L_low_lambert2_0
v -0.105701 0.841677 0.009470
v -0.067182 0.867197 0.007359
v -0.067649 0.867197 -0.001162
v -0.106168 0.841677 0.000949
v -0.021398 0.877693 0.004850
v -0.021865 0.877693 -0.003671
v 0.024991 0.870322 0.002308
v 0.024523 0.870322 -0.006213
v 0.065145 0.847470 0.000107
v 0.064678 0.847470 -0.008414
v 0.092229 0.811526 -0.001377
v 0.091762 0.811526 -0.009898
v 0.103232 0.768712 -0.001980
v 0.102765 0.768712 -0.010501
v 0.095145 0.725251 -0.001537
v 0.094678 0.725251 -0.010058
v 0.070552 0.687555 -0.000189
v 0.070085 0.687555 -0.008710
v 0.032032 0.662035 0.001922
v 0.031565 0.662035 -0.006599
v -0.013752 0.651539 0.004431
v -0.014219 0.651539 -0.004090
v -0.014219 0.651539 -0.004090
v -0.013752 0.651539 0.004431
v -0.060140 0.658910 0.006973
v -0.060607 0.658910 -0.001548
v -0.100295 0.681762 0.009174
v -0.100762 0.681762 0.000652
v -0.127378 0.717706 0.010658
v -0.127845 0.717706 0.002136
v -0.138381 0.760520 0.011261
v -0.138848 0.760520 0.002739
v -0.130295 0.803981 0.010818
v -0.130762 0.803981 0.002296
vn -0.7061 0.7070 0.0387
vn -0.3918 0.9198 0.0215
vn -0.7061 0.7071 0.0387
vn -0.0338 0.9994 0.0019
vn 0.3288 0.9442 -0.0180
vn 0.6567 0.7533 -0.0360
vn 0.8987 0.4358 -0.0492
vn 0.8987 0.4359 -0.0492
vn 0.9979 0.0338 -0.0547
vn 0.9260 -0.3740 -0.0507
vn 0.7061 -0.7070 -0.0387
vn 0.3918 -0.9198 -0.0215
vn 0.3919 -0.9198 -0.0215
vn 0.0338 -0.9994 -0.0019
vn 0.0338 -0.9994 -0.0018
vn 0.0337 -0.9994 -0.0018
vn 0.0337 -0.9994 -0.0019
vn -0.3288 -0.9442 0.0180
vn -0.3287 -0.9442 0.0180
vn -0.6567 -0.7533 0.0360
vn -0.8987 -0.4359 0.0492
vn -0.8986 -0.4359 0.0492
vn -0.9979 -0.0338 0.0547
vn -0.9261 0.3740 0.0507
vn -0.9260 0.3740 0.0507
vt 0.220886 0.561910
vt 0.220886 0.575200
vt 0.223442 0.575200
vt 0.223442 0.561910
vt 0.220886 0.588491
vt 0.223442 0.588491
vt 0.220886 0.601781
vt 0.223442 0.601781
vt 0.220886 0.615072
vt 0.223442 0.615072
vt 0.220886 0.628362
vt 0.223442 0.628362
vt 0.220886 0.641653
vt 0.223442 0.641653
vt 0.220886 0.654943
vt 0.223442 0.654943
vt 0.220886 0.668234
vt 0.223442 0.668234
vt 0.220886 0.681524
vt 0.223442 0.681524
vt 0.220886 0.694815
vt 0.223442 0.694815
vt 0.223442 0.482166
vt 0.220886 0.482166
vt 0.220886 0.495457
vt 0.223442 0.495457
vt 0.220886 0.508747
vt 0.223442 0.508747
vt 0.220886 0.522038
vt 0.223442 0.522038
vt 0.220886 0.535329
vt 0.223442 0.535329
vt 0.220886 0.548619
vt 0.223442 0.548619
s 1
usemtl lambert2.003
f 3201/2677/2401 3202/2678/2402 3203/2679/2402
f 3201/2677/2401 3203/2679/2402 3204/2680/2403
f 3202/2678/2402 3205/2681/2404 3206/2682/2404
f 3202/2678/2402 3206/2682/2404 3203/2679/2402
f 3206/2682/2404 3205/2681/2404 3207/2683/2405
f 3206/2682/2404 3207/2683/2405 3208/2684/2405
f 3207/2683/2405 3209/2685/2406 3210/2686/2406
f 3207/2683/2405 3210/2686/2406 3208/2684/2405
f 3210/2686/2406 3209/2685/2406 3211/2687/2407
f 3210/2686/2406 3211/2687/2407 3212/2688/2408
f 3211/2687/2407 3213/2689/2409 3214/2690/2409
f 3211/2687/2407 3214/2690/2409 3212/2688/2408
f 3214/2690/2409 3213/2689/2409 3215/2691/2410
f 3214/2690/2409 3215/2691/2410 3216/2692/2410
f 3215/2691/2410 3217/2693/2411 3218/2694/2411
f 3215/2691/2410 3218/2694/2411 3216/2692/2410
f 3218/2694/2411 3217/2693/2411 3219/2695/2412
f 3218/2694/2411 3219/2695/2412 3220/2696/2413
f 3219/2695/2412 3221/2697/2414 3222/2698/2415
f 3219/2695/2412 3222/2698/2415 3220/2696/2413
f 3223/2699/2416 3224/2700/2417 3225/2701/2418
f 3223/2699/2416 3225/2701/2418 3226/2702/2419
f 3225/2701/2418 3227/2703/2420 3228/2704/2420
f 3225/2701/2418 3228/2704/2420 3226/2702/2419
f 3228/2704/2420 3227/2703/2420 3229/2705/2421
f 3228/2704/2420 3229/2705/2421 3230/2706/2422
f 3229/2705/2421 3231/2707/2423 3232/2708/2423
f 3229/2705/2421 3232/2708/2423 3230/2706/2422
f 3232/2708/2423 3231/2707/2423 3233/2709/2424
f 3232/2708/2423 3233/2709/2424 3234/2710/2425
f 3233/2709/2424 3201/2677/2401 3204/2680/2403
f 3233/2709/2424 3204/2680/2403 3234/2710/2425
o Roll_R_low_lambert2_0
v -0.064620 0.867197 0.054110
v -0.103139 0.841677 0.056221
v -0.102672 0.841677 0.064743
v -0.064153 0.867197 0.062632
v -0.018369 0.877693 0.060123
v -0.018836 0.877693 0.051601
v 0.027552 0.870322 0.049059
v 0.028019 0.870322 0.057581
v 0.068174 0.847470 0.055380
v 0.067707 0.847470 0.046859
v 0.094790 0.811526 0.045374
v 0.095258 0.811526 0.053896
v 0.106261 0.768712 0.053293
v 0.105794 0.768712 0.044771
v 0.097707 0.725251 0.045215
v 0.098174 0.725251 0.053736
v 0.073581 0.687555 0.055084
v 0.073113 0.687555 0.046562
v 0.034594 0.662035 0.048673
v 0.035061 0.662035 0.057195
v -0.010723 0.651539 0.059704
v -0.011190 0.651539 0.051182
v -0.057578 0.658910 0.053724
v -0.011190 0.651539 0.051182
v -0.010723 0.651539 0.059704
v -0.057111 0.658910 0.062246
v -0.097266 0.681762 0.064446
v -0.097733 0.681762 0.055925
v -0.124816 0.717706 0.057409
v -0.124349 0.717706 0.065930
v -0.135352 0.760520 0.066533
v -0.135819 0.760520 0.058012
v -0.127733 0.803981 0.057569
v -0.127266 0.803981 0.066090
vn -0.3918 0.9198 0.0215
vn -0.7061 0.7071 0.0387
vn -0.3919 0.9198 0.0215
vn -0.0338 0.9994 0.0019
vn 0.3288 0.9442 -0.0180
vn 0.6567 0.7533 -0.0360
vn 0.8987 0.4359 -0.0492
vn 0.9979 0.0338 -0.0547
vn 0.9261 -0.3740 -0.0507
vn 0.9260 -0.3740 -0.0507
vn 0.7061 -0.7070 -0.0387
vn 0.7061 -0.7071 -0.0387
vn 0.3918 -0.9198 -0.0215
vn 0.3919 -0.9198 -0.0215
vn 0.0338 -0.9994 -0.0019
vn 0.0338 -0.9994 -0.0018
vn -0.3288 -0.9442 0.0180
vn 0.0337 -0.9994 -0.0018
vn -0.6567 -0.7533 0.0360
vn -0.8987 -0.4359 0.0492
vn -0.9979 -0.0338 0.0547
vn -0.9260 0.3740 0.0507
vt 0.232402 0.806811
vt 0.232402 0.793520
vt 0.229846 0.793520
vt 0.229846 0.806811
vt 0.229846 0.820101
vt 0.232402 0.820101
vt 0.232402 0.833392
vt 0.229846 0.833392
vt 0.229846 0.846683
vt 0.232402 0.846683
vt 0.232402 0.859973
vt 0.229846 0.859973
vt 0.229846 0.873264
vt 0.232402 0.873264
vt 0.232402 0.886554
vt 0.229846 0.886554
vt 0.229846 0.899845
vt 0.232402 0.899845
vt 0.232402 0.913135
vt 0.229846 0.913135
vt 0.229846 0.926426
vt 0.232402 0.926426
vt 0.232402 0.727068
vt 0.232402 0.713777
vt 0.229846 0.713777
vt 0.229846 0.727068
vt 0.229846 0.740358
vt 0.232402 0.740358
vt 0.232402 0.753649
vt 0.229846 0.753649
vt 0.229846 0.766939
vt 0.232402 0.766939
vt 0.232402 0.780230
vt 0.229846 0.780230
s 1
usemtl lambert2.003
f 3235/2711/2426 3236/2712/2427 3237/2713/2427
f 3235/2711/2426 3237/2713/2427 3238/2714/2428
f 3235/2711/2426 3238/2714/2428 3239/2715/2429
f 3235/2711/2426 3239/2715/2429 3240/2716/2429
f 3241/2717/2430 3240/2716/2429 3239/2715/2429
f 3241/2717/2430 3239/2715/2429 3242/2718/2430
f 3241/2717/2430 3242/2718/2430 3243/2719/2431
f 3241/2717/2430 3243/2719/2431 3244/2720/2431
f 3245/2721/2432 3244/2720/2431 3243/2719/2431
f 3245/2721/2432 3243/2719/2431 3246/2722/2432
f 3245/2721/2432 3246/2722/2432 3247/2723/2433
f 3245/2721/2432 3247/2723/2433 3248/2724/2433
f 3249/2725/2434 3248/2724/2433 3247/2723/2433
f 3249/2725/2434 3247/2723/2433 3250/2726/2435
f 3249/2725/2434 3250/2726/2435 3251/2727/2436
f 3249/2725/2434 3251/2727/2436 3252/2728/2437
f 3253/2729/2438 3252/2728/2437 3251/2727/2436
f 3253/2729/2438 3251/2727/2436 3254/2730/2439
f 3253/2729/2438 3254/2730/2439 3255/2731/2440
f 3253/2729/2438 3255/2731/2440 3256/2732/2441
f 3257/2733/2442 3258/2734/2443 3259/2735/2443
f 3257/2733/2442 3259/2735/2443 3260/2736/2442
f 3257/2733/2442 3260/2736/2442 3261/2737/2444
f 3257/2733/2442 3261/2737/2444 3262/2738/2444
f 3263/2739/2445 3262/2738/2444 3261/2737/2444
f 3263/2739/2445 3261/2737/2444 3264/2740/2445
f 3263/2739/2445 3264/2740/2445 3265/2741/2446
f 3263/2739/2445 3265/2741/2446 3266/2742/2446
f 3267/2743/2447 3266/2742/2446 3265/2741/2446
f 3267/2743/2447 3265/2741/2446 3268/2744/2447
f 3267/2743/2447 3268/2744/2447 3237/2713/2427
f 3267/2743/2447 3237/2713/2427 3236/2712/2427
o Wood_L_low_lambert2_0
v 0.142851 0.432730 -0.074968
v 0.130020 0.426375 -0.084878
v 0.129957 0.461125 -0.079457
v 0.142045 0.466354 -0.072258
v 0.097387 0.455880 -0.090592
v 0.098015 0.460726 -0.077991
v 0.098367 0.415978 -0.098984
v 0.048785 0.455878 -0.081402
v 0.049798 0.460457 -0.046481
v 0.099565 0.465571 -0.048576
v 0.048694 0.451299 -0.099510
v 0.050611 0.406053 -0.110208
v -0.010517 0.452240 -0.080189
v -0.009003 0.457120 -0.043469
v 0.151565 0.291178 -0.078102
v 0.137506 0.287058 -0.090746
v -0.011528 0.447822 -0.100072
v 0.051241 0.426922 -0.046560
v 0.057297 0.286374 -0.046892
v 0.109151 0.289596 -0.049101
v 0.101408 0.431685 -0.048677
v -0.010521 0.401002 -0.111472
v 0.104724 0.278492 -0.107883
v -0.067294 0.447948 -0.075041
v -0.065375 0.453167 -0.040169
v -0.068830 0.443324 -0.093070
v -0.002199 0.283668 -0.043842
v -0.007691 0.423703 -0.043541
v -0.115454 0.448309 -0.066293
v -0.114705 0.453745 -0.036834
v 0.160690 0.131107 -0.078599
v 0.146241 0.129664 -0.091262
v 0.056024 0.269737 -0.121483
v -0.069167 0.398921 -0.103644
v -0.115676 0.443310 -0.078916
v 0.063869 0.127064 -0.047252
v 0.116729 0.129411 -0.049517
v 0.111878 0.126572 -0.108438
v -0.147617 0.446593 -0.064246
v -0.159551 0.451269 -0.055730
v -0.115079 0.404124 -0.087287
v -0.064418 0.419875 -0.040222
v -0.061705 0.281774 -0.040371
v -0.145771 0.411938 -0.069764
v -0.158120 0.417391 -0.058475
v -0.005786 0.265049 -0.123519
v 0.004038 0.124651 -0.044184
v 0.061726 0.122975 -0.122085
v -0.113587 0.280987 -0.036895
v -0.114032 0.419978 -0.036871
v -0.067181 0.264953 -0.114741
v -0.055780 0.122440 -0.040695
v -0.000093 0.120017 -0.124163
v -0.114622 0.269977 -0.095901
v -0.145906 0.276064 -0.075273
v -0.158833 0.279157 -0.061131
v -0.108593 0.120702 -0.037169
v -0.061350 0.118178 -0.115355
v 0.168861 -0.037702 -0.079076
v 0.154155 -0.038223 -0.091753
v -0.109811 0.117938 -0.096348
v -0.155354 0.118848 -0.061338
v -0.157907 0.119200 -0.033624
v -0.161656 0.280753 -0.033418
v -0.142229 0.118445 -0.075541
v 0.070675 -0.041581 -0.047625
v 0.124119 -0.039517 -0.049922
v 0.119022 -0.039544 -0.108914
v 0.010649 -0.043901 -0.044546
v 0.068159 -0.041493 -0.122542
v -0.049355 -0.046221 -0.041047
v 0.177057 -0.237475 -0.079543
v 0.162274 -0.237979 -0.092225
v 0.078562 -0.241409 -0.048057
v 0.132156 -0.239339 -0.050362
v -0.102730 -0.048285 -0.037490
v 0.126995 -0.239332 -0.109368
v 0.018487 -0.243730 -0.044976
v 0.075998 -0.241324 -0.122976
v -0.055033 -0.046306 -0.115792
v -0.104100 -0.048253 -0.096690
v -0.041568 -0.246052 -0.041474
v -0.137148 -0.049573 -0.075794
v -0.150385 -0.050097 -0.061584
v 0.014060 -0.243746 -0.125049
v 0.006265 -0.043900 -0.124622
v -0.095093 -0.248122 -0.037909
v -0.047291 -0.246144 -0.116211
v -0.096518 -0.248062 -0.097086
v -0.129716 -0.249362 -0.076172
v -0.142981 -0.249904 -0.061971
v 0.184836 -0.601686 -0.077281
v 0.171259 -0.601218 -0.087738
v 0.168196 -0.444376 -0.092596
v 0.182867 -0.444060 -0.079865
v 0.086581 -0.452655 -0.048497
v 0.092625 -0.624120 -0.048828
v 0.143072 -0.614250 -0.050960
v 0.139273 -0.448111 -0.050752
v 0.137466 -0.600256 -0.103464
v 0.133456 -0.442937 -0.109892
v 0.186337 -0.664085 -0.074688
v 0.189229 -0.601907 -0.052647
v 0.189478 -0.667153 -0.052661
v 0.026804 -0.455801 -0.045432
v 0.033599 -0.629042 -0.045804
v 0.164377 -0.637718 -0.086240
v 0.088283 -0.599979 -0.116345
v 0.083168 -0.441853 -0.123660
v 0.141809 -0.674286 -0.082310
v 0.139790 -0.651670 -0.094825
v 0.090609 -0.655870 -0.105141
v -0.033015 -0.457277 -0.041943
v -0.025613 -0.628690 -0.042348
v 0.092503 -0.682551 -0.087155
v -0.076611 -0.622742 -0.038922
v -0.085836 -0.456812 -0.038416
v 0.031458 -0.658924 -0.106236
v 0.028532 -0.601566 -0.118262
v 0.033649 -0.686946 -0.086445
v -0.038802 -0.446608 -0.116964
v -0.030598 -0.604585 -0.109827
v -0.077918 -0.608598 -0.091649
v -0.087077 -0.451530 -0.097758
v -0.027279 -0.660429 -0.098680
v -0.109616 -0.612092 -0.072327
v -0.119508 -0.455569 -0.076756
v -0.121877 -0.613552 -0.060461
v -0.132624 -0.456299 -0.062527
v -0.025095 -0.687097 -0.080710
v -0.075222 -0.659986 -0.083039
v -0.074075 -0.682630 -0.070479
v -0.099752 -0.647935 -0.071757
v -0.118170 -0.675855 -0.058001
v -0.118640 -0.679062 -0.035776
v -0.123502 -0.613995 -0.035509
v 0.144815 0.471575 -0.050213
v 0.147188 0.437220 -0.050343
v 0.157185 0.293077 -0.050891
v 0.166102 0.131724 -0.051379
v -0.160796 0.456902 -0.033466
v -0.160558 0.421965 -0.033478
v 0.174274 -0.037580 -0.051827
v 0.182509 -0.237394 -0.052279
v -0.152791 -0.050222 -0.033904
v -0.145353 -0.250067 -0.034311
v 0.188428 -0.442867 -0.052603
v 0.144595 -0.682503 -0.051044
v 0.095102 -0.694628 -0.048964
v 0.036395 -0.700301 -0.045957
v -0.135160 -0.455374 -0.034870
v -0.022560 -0.699176 -0.042516
v -0.072783 -0.690905 -0.039132
v 0.021803 -0.442126 -0.125802
v -0.135160 -0.455374 -0.034870
v -0.123502 -0.613995 -0.035509
v -0.076611 -0.622742 -0.038922
v -0.085836 -0.456812 -0.038416
v -0.145353 -0.250067 -0.034311
v -0.135160 -0.455374 -0.034870
v -0.085836 -0.456812 -0.038416
v -0.095093 -0.248122 -0.037909
v -0.152791 -0.050222 -0.033904
v -0.145353 -0.250067 -0.034311
v -0.095093 -0.248122 -0.037909
v -0.102730 -0.048285 -0.037490
v -0.157907 0.119200 -0.033624
v -0.152791 -0.050222 -0.033904
v -0.102730 -0.048285 -0.037490
v -0.108593 0.120702 -0.037169
v -0.161656 0.280753 -0.033418
v -0.157907 0.119200 -0.033624
v -0.108593 0.120702 -0.037169
v -0.113587 0.280987 -0.036895
v -0.160558 0.421965 -0.033478
v -0.161656 0.280753 -0.033418
v -0.113587 0.280987 -0.036895
v -0.114032 0.419978 -0.036871
v 0.099565 0.465571 -0.048576
v 0.049798 0.460457 -0.046481
v 0.051241 0.426922 -0.046560
v 0.101408 0.431685 -0.048677
v 0.049798 0.460457 -0.046481
v -0.009003 0.457120 -0.043469
v -0.007691 0.423703 -0.043541
v 0.051241 0.426922 -0.046560
v -0.009003 0.457120 -0.043469
v -0.065375 0.453167 -0.040169
v -0.064418 0.419875 -0.040222
v -0.007691 0.423703 -0.043541
v -0.065375 0.453167 -0.040169
v -0.114705 0.453745 -0.036834
v -0.114032 0.419978 -0.036871
v -0.064418 0.419875 -0.040222
v -0.114705 0.453745 -0.036834
v -0.160796 0.456902 -0.033466
v -0.160558 0.421965 -0.033478
v -0.114032 0.419978 -0.036871
v 0.139273 -0.448111 -0.050752
v 0.143072 -0.614250 -0.050960
v 0.189229 -0.601907 -0.052647
v 0.188428 -0.442867 -0.052603
v 0.132156 -0.239339 -0.050362
v 0.139273 -0.448111 -0.050752
v 0.188428 -0.442867 -0.052603
v 0.182509 -0.237394 -0.052279
v 0.124119 -0.039517 -0.049922
v 0.132156 -0.239339 -0.050362
v 0.182509 -0.237394 -0.052279
v 0.174274 -0.037580 -0.051827
v 0.116729 0.129411 -0.049517
v 0.124119 -0.039517 -0.049922
v 0.174274 -0.037580 -0.051827
v 0.166102 0.131724 -0.051379
v 0.109151 0.289596 -0.049101
v 0.116729 0.129411 -0.049517
v 0.166102 0.131724 -0.051379
v 0.157185 0.293077 -0.050891
v 0.101408 0.431685 -0.048677
v 0.109151 0.289596 -0.049101
v 0.157185 0.293077 -0.050891
v 0.147188 0.437220 -0.050343
v 0.147188 0.437220 -0.050343
v 0.144815 0.471575 -0.050213
v 0.099565 0.465571 -0.048576
v 0.101408 0.431685 -0.048677
v 0.189229 -0.601907 -0.052647
v 0.143072 -0.614250 -0.050960
v 0.144595 -0.682503 -0.051044
v 0.189478 -0.667153 -0.052661
v 0.143072 -0.614250 -0.050960
v 0.092625 -0.624120 -0.048828
v 0.095102 -0.694628 -0.048964
v 0.144595 -0.682503 -0.051044
v 0.092625 -0.624120 -0.048828
v 0.033599 -0.629042 -0.045804
v 0.036395 -0.700301 -0.045957
v 0.095102 -0.694628 -0.048964
v 0.033599 -0.629042 -0.045804
v -0.025613 -0.628690 -0.042348
v -0.022560 -0.699176 -0.042516
v 0.036395 -0.700301 -0.045957
v -0.025613 -0.628690 -0.042348
v -0.076611 -0.622742 -0.038922
v -0.072783 -0.690905 -0.039132
v -0.022560 -0.699176 -0.042516
v -0.076611 -0.622742 -0.038922
v -0.123502 -0.613995 -0.035509
v -0.118640 -0.679062 -0.035776
v -0.072783 -0.690905 -0.039132
vn 0.9031 0.0717 -0.4233
vn 0.4810 0.0875 -0.8723
vn 0.3153 0.3937 -0.8635
vn 0.4923 0.7777 -0.3908
vn 0.1798 0.4364 -0.8816
vn -0.0887 0.9734 -0.2111
vn 0.3018 0.1059 -0.9475
vn -0.0702 0.9818 -0.1767
vn -0.0777 0.9880 -0.1336
vn -0.1066 0.9817 -0.1580
vn 0.0435 0.4801 -0.8761
vn 0.1104 0.1184 -0.9868
vn -0.0746 0.9832 -0.1665
vn -0.0724 0.9886 -0.1319
vn 0.8917 0.0596 -0.4486
vn 0.5102 0.0488 -0.8587
vn -0.0789 0.4985 -0.8633
vn 0.0467 -0.0004 0.9989
vn 0.0469 -0.0003 0.9989
vn 0.0426 -0.0005 0.9991
vn 0.0422 -0.0007 0.9991
vn -0.0601 0.1205 -0.9909
vn 0.3315 0.0470 -0.9423
vn -0.0645 0.9805 -0.1854
vn -0.0508 0.9877 -0.1476
vn -0.1954 0.4709 -0.8603
vn 0.0547 -0.0000 0.9985
vn -0.0164 0.9728 -0.2310
vn 0.0091 0.9830 -0.1834
vn 0.8934 0.0479 -0.4466
vn 0.5214 0.0286 -0.8528
vn 0.1295 0.0447 -0.9906
vn -0.2294 0.1083 -0.9673
vn -0.3121 0.4204 -0.8520
vn 0.0470 -0.0003 0.9989
vn 0.0428 -0.0005 0.9991
vn 0.3430 0.0186 -0.9391
vn -0.4276 0.3673 -0.8260
vn -0.5776 0.7351 -0.3549
vn -0.4107 0.0863 -0.9077
vn 0.0628 0.0001 0.9980
vn 0.0625 0.0002 0.9980
vn -0.5732 0.0577 -0.8174
vn -0.9419 0.0149 -0.3355
vn -0.0564 0.0402 -0.9976
vn 0.1393 0.0092 -0.9902
vn 0.0669 0.0003 0.9978
vn 0.0674 -0.0000 0.9977
vn -0.2415 0.0313 -0.9699
vn 0.0624 0.0003 0.9981
vn -0.0546 0.0014 -0.9985
vn -0.4358 0.0203 -0.8998
vn -0.6019 0.0107 -0.7985
vn -0.9353 -0.0044 -0.3537
vn 0.0666 0.0004 0.9978
vn -0.2465 -0.0060 -0.9691
vn 0.8923 0.0407 -0.4495
vn 0.5142 0.0244 -0.8573
vn -0.4435 -0.0123 -0.8962
vn -0.9371 -0.0241 -0.3483
vn -0.9954 -0.0260 -0.0923
vn -0.9952 -0.0083 -0.0979
vn -0.6116 -0.0159 -0.7910
vn 0.0471 -0.0003 0.9989
vn 0.0429 -0.0005 0.9991
vn 0.3375 0.0164 -0.9412
vn 0.1379 0.0080 -0.9904
vn 0.0623 0.0003 0.9981
vn 0.8918 0.0318 -0.4513
vn 0.5142 0.0198 -0.8574
vn 0.0430 -0.0004 0.9991
vn 0.0665 0.0004 0.9978
vn 0.3381 0.0144 -0.9410
vn 0.1388 0.0078 -0.9903
vn -0.2453 -0.0071 -0.9694
vn -0.4384 -0.0140 -0.8987
vn -0.6050 -0.0195 -0.7960
vn -0.9364 -0.0310 -0.3495
vn -0.0549 0.0007 -0.9985
vn -0.0547 0.0003 -0.9985
vn 0.0664 0.0005 0.9978
vn -0.2464 -0.0073 -0.9691
vn -0.4391 -0.0161 -0.8983
vn -0.6049 -0.0241 -0.7959
vn -0.9360 -0.0400 -0.3497
vn 0.8862 -0.0052 -0.4632
vn 0.4929 -0.0350 -0.8694
vn 0.5099 0.0016 -0.8602
vn 0.8911 0.0154 -0.4536
vn 0.0474 -0.0002 0.9989
vn 0.0424 -0.0004 0.9991
vn 0.0428 -0.0004 0.9991
vn 0.3258 -0.0583 -0.9436
vn 0.3377 -0.0053 -0.9412
vn 0.7337 -0.4681 -0.4925
vn 0.9835 0.0079 -0.1805
vn 0.8089 -0.5380 -0.2372
vn 0.4113 -0.1494 -0.8992
vn 0.1345 -0.0777 -0.9879
vn 0.1392 -0.0131 -0.9902
vn 0.2583 -0.7663 -0.5883
vn 0.2695 -0.2672 -0.9252
vn 0.1167 -0.3169 -0.9412
vn 0.0625 0.0004 0.9980
vn 0.0619 0.0003 0.9981
vn 0.1219 -0.8102 -0.5733
vn 0.0670 0.0006 0.9978
vn 0.0666 0.0006 0.9978
vn -0.0383 -0.3408 -0.9393
vn -0.0511 -0.0889 -0.9947
vn 0.0006 -0.8222 -0.5692
vn -0.2452 -0.0282 -0.9691
vn -0.2352 -0.0923 -0.9676
vn -0.4215 -0.0878 -0.9026
vn -0.4372 -0.0361 -0.8986
vn -0.1939 -0.3292 -0.9241
vn -0.5808 -0.0773 -0.8104
vn -0.5996 -0.0421 -0.7992
vn -0.9288 -0.0768 -0.3625
vn -0.9344 -0.0565 -0.3516
vn -0.1210 -0.8196 -0.5600
vn -0.3474 -0.2915 -0.8912
vn -0.2611 -0.7866 -0.5595
vn -0.4942 -0.1851 -0.8494
vn -0.7443 -0.5263 -0.4111
vn -0.7855 -0.6006 -0.1494
vn -0.9951 -0.0701 -0.0704
vn 0.4306 0.8692 -0.2430
vn 0.9799 0.0637 -0.1889
vn 0.9782 0.0608 -0.1986
vn 0.9789 0.0517 -0.1978
vn -0.5091 0.8321 -0.2198
vn -0.9955 0.0012 -0.0943
vn 0.9798 0.0444 -0.1949
vn 0.9798 0.0344 -0.1968
vn -0.9956 -0.0334 -0.0875
vn -0.9953 -0.0432 -0.0870
vn 0.9807 0.0196 -0.1944
vn 0.2337 -0.9354 -0.2652
vn 0.1258 -0.9448 -0.3026
vn 0.0198 -0.9509 -0.3087
vn -0.9948 -0.0582 -0.0837
vn -0.0850 -0.9529 -0.2910
vn -0.1885 -0.9518 -0.2420
vn -0.0540 -0.0202 -0.9983
vn 0.0723 0.0011 0.9974
vn 0.0724 0.0012 0.9974
vn 0.0726 0.0013 0.9974
vn 0.0723 0.0012 0.9974
vn 0.0714 0.0008 0.9974
vn 0.0717 0.0008 0.9974
vn 0.0714 0.0007 0.9974
vn 0.0714 0.0006 0.9974
vn 0.0716 0.0006 0.9974
vn 0.0714 0.0005 0.9974
vn 0.0715 0.0005 0.9974
vn 0.0717 0.0006 0.9974
vn 0.0721 0.0005 0.9974
vn 0.0717 0.0004 0.9974
vn 0.0718 0.0004 0.9974
vn 0.0722 -0.0002 0.9974
vn 0.0726 -0.0000 0.9974
vn 0.0723 -0.0001 0.9974
vn 0.0727 0.0001 0.9974
vn 0.0422 -0.0006 0.9991
vn 0.0421 -0.0005 0.9991
vn 0.0512 -0.0001 0.9987
vn 0.0512 -0.0002 0.9987
vn 0.0584 0.0001 0.9983
vn 0.0674 0.0003 0.9977
vn 0.0675 0.0003 0.9977
vn 0.0728 0.0003 0.9973
vn 0.0729 0.0002 0.9973
vn 0.0728 0.0002 0.9973
vn 0.0727 0.0004 0.9974
vn 0.0375 -0.0001 0.9993
vn 0.0370 -0.0003 0.9993
vn 0.0368 -0.0004 0.9993
vn 0.0373 -0.0002 0.9993
vn 0.0380 -0.0005 0.9993
vn 0.0377 -0.0006 0.9993
vn 0.0381 -0.0005 0.9993
vn 0.0380 -0.0007 0.9993
vn 0.0381 -0.0007 0.9993
vn 0.0378 -0.0008 0.9993
vn 0.0379 -0.0008 0.9993
vn 0.0377 -0.0008 0.9993
vn 0.0374 -0.0009 0.9993
vn 0.0376 -0.0008 0.9993
vn 0.0373 -0.0010 0.9993
vn 0.0370 -0.0011 0.9993
vn 0.0372 -0.0010 0.9993
vn 0.0365 -0.0013 0.9993
vn 0.0364 -0.0012 0.9993
vn 0.0363 -0.0013 0.9993
vn 0.0364 -0.0011 0.9993
vn 0.0364 -0.0003 0.9993
vn 0.0366 -0.0004 0.9993
vn 0.0363 -0.0002 0.9993
vn 0.0360 -0.0001 0.9994
vn 0.0422 -0.0004 0.9991
vn 0.0420 -0.0003 0.9991
vn 0.0421 -0.0003 0.9991
vn 0.0583 0.0001 0.9983
vn 0.0672 0.0006 0.9977
vn 0.0671 0.0007 0.9977
vn 0.0673 0.0005 0.9977
vn 0.0730 0.0012 0.9973
vn 0.0728 0.0014 0.9973
vn 0.0731 0.0012 0.9973
vn 0.0733 0.0010 0.9973
vt 0.878446 0.422630
vt 0.873888 0.420351
vt 0.873444 0.430512
vt 0.877090 0.432146
vt 0.864133 0.429047
vt 0.864925 0.433018
vt 0.864260 0.416863
vt 0.850714 0.433254
vt 0.851436 0.443772
vt 0.866936 0.441972
vt 0.850442 0.427712
vt 0.850659 0.413809
vt 0.833624 0.433206
vt 0.833278 0.444236
vt 0.881682 0.379288
vt 0.876208 0.377935
vt 0.833735 0.427121
vt 0.355202 0.315872
vt 0.355064 0.290668
vt 0.346359 0.290902
vt 0.346770 0.316393
vt 0.833717 0.412776
vt 0.865604 0.375333
vt 0.817186 0.432283
vt 0.815951 0.442772
vt 0.817639 0.426728
vt 0.365049 0.290576
vt 0.365096 0.315684
vt 0.803146 0.431711
vt 0.800839 0.440477
vt 0.882960 0.330477
vt 0.877361 0.330129
vt 0.851246 0.372888
vt 0.817331 0.413036
vt 0.804034 0.427705
vt 0.354956 0.262102
vt 0.346088 0.262173
vt 0.866324 0.329458
vt 0.794528 0.429136
vt 0.790767 0.430777
vt 0.803889 0.415653
vt 0.374628 0.315374
vt 0.375035 0.290631
vt 0.794154 0.418940
vt 0.789527 0.421191
vt 0.833841 0.372024
vt 0.364996 0.262065
vt 0.851514 0.328809
vt 0.383741 0.290832
vt 0.382949 0.315720
vt 0.816458 0.372806
vt 0.375036 0.262064
vt 0.833983 0.328545
vt 0.802158 0.375192
vt 0.791597 0.377758
vt 0.786110 0.379084
vt 0.383904 0.262102
vt 0.816448 0.328708
vt 0.883464 0.279334
vt 0.877816 0.279317
vt 0.801633 0.329274
vt 0.784954 0.330224
vt 0.776612 0.330498
vt 0.777847 0.380108
vt 0.790580 0.329891
vt 0.354867 0.231862
vt 0.345903 0.231879
vt 0.866597 0.279276
vt 0.364939 0.231844
vt 0.851609 0.279221
vt 0.375011 0.231825
vt 0.883715 0.218905
vt 0.878048 0.218925
vt 0.354792 0.196033
vt 0.345803 0.196050
vt 0.383976 0.231808
vt 0.866799 0.218932
vt 0.364872 0.196014
vt 0.851779 0.218928
vt 0.816540 0.279119
vt 0.801555 0.279091
vt 0.374953 0.195996
vt 0.790341 0.279074
vt 0.784690 0.279074
vt 0.834225 0.218895
vt 0.834074 0.279162
vt 0.383942 0.195979
vt 0.816659 0.218822
vt 0.801615 0.218742
vt 0.790350 0.218677
vt 0.784693 0.218641
vt 0.880711 0.107904
vt 0.875774 0.108653
vt 0.877500 0.156393
vt 0.883152 0.156180
vt 0.354766 0.158159
vt 0.354822 0.127420
vt 0.346312 0.128854
vt 0.345912 0.158625
vt 0.865218 0.110065
vt 0.866426 0.157468
vt 0.877623 0.089213
vt 0.888043 0.106817
vt 0.882891 0.085557
vt 0.364801 0.157991
vt 0.364743 0.126929
vt 0.872417 0.097912
vt 0.851043 0.111348
vt 0.851669 0.158608
vt 0.865487 0.086715
vt 0.864715 0.094495
vt 0.850837 0.094456
vt 0.374837 0.158122
vt 0.374666 0.127383
vt 0.851399 0.084837
vt 0.383182 0.128785
vt 0.383693 0.158554
vt 0.834563 0.094302
vt 0.834489 0.111714
vt 0.834606 0.084140
vt 0.817068 0.158486
vt 0.817930 0.111248
vt 0.803806 0.109834
vt 0.802291 0.157276
vt 0.818288 0.094350
vt 0.793304 0.108343
vt 0.791208 0.156138
vt 0.788377 0.107565
vt 0.785581 0.155899
vt 0.817825 0.084733
vt 0.804398 0.094251
vt 0.803676 0.086453
vt 0.796669 0.097629
vt 0.791416 0.088974
vt 0.786530 0.085109
vt 0.780906 0.106516
vt 0.881066 0.436949
vt 0.885773 0.425153
vt 0.889949 0.380302
vt 0.891265 0.330772
vt 0.786694 0.435642
vt 0.782184 0.423799
vt 0.891784 0.279380
vt 0.892046 0.218859
vt 0.776372 0.279097
vt 0.776372 0.218571
vt 0.891497 0.156206
vt 0.868836 0.077198
vt 0.853070 0.072989
vt 0.834634 0.071421
vt 0.777257 0.155889
vt 0.816186 0.072943
vt 0.800517 0.077202
vt 0.834363 0.159308
vt 0.391959 0.159137
vt 0.390994 0.130661
vt 0.392386 0.195963
vt 0.392386 0.231792
vt 0.392187 0.262159
vt 0.391807 0.291108
vt 0.390742 0.316384
vt 0.346868 0.322472
vt 0.355235 0.321885
vt 0.365108 0.321676
vt 0.374581 0.321341
vt 0.382851 0.321770
vt 0.390565 0.322640
vt 0.338506 0.130759
vt 0.337649 0.159239
vt 0.337359 0.196066
vt 0.337493 0.231895
vt 0.337806 0.262261
vt 0.338294 0.291209
vt 0.339070 0.317082
vt 0.339253 0.323248
vt 0.346482 0.116624
vt 0.338871 0.119076
vt 0.354847 0.114780
vt 0.364719 0.114152
vt 0.374594 0.114743
vt 0.382965 0.116556
vt 0.390585 0.118979
s 1
usemtl lambert2.003
f 3269/2745/2448 3270/2746/2449 3271/2747/2450
f 3269/2745/2448 3271/2747/2450 3272/2748/2451
f 3271/2747/2450 3273/2749/2452 3274/2750/2453
f 3271/2747/2450 3274/2750/2453 3272/2748/2451
f 3270/2746/2449 3275/2751/2454 3273/2749/2452
f 3270/2746/2449 3273/2749/2452 3271/2747/2450
f 3274/2750/2453 3276/2752/2455 3277/2753/2456
f 3274/2750/2453 3277/2753/2456 3278/2754/2457
f 3273/2749/2452 3279/2755/2458 3276/2752/2455
f 3273/2749/2452 3276/2752/2455 3274/2750/2453
f 3275/2751/2454 3280/2756/2459 3279/2755/2458
f 3275/2751/2454 3279/2755/2458 3273/2749/2452
f 3276/2752/2455 3281/2757/2460 3282/2758/2461
f 3276/2752/2455 3282/2758/2461 3277/2753/2456
f 3283/2759/2462 3284/2760/2463 3270/2746/2449
f 3283/2759/2462 3270/2746/2449 3269/2745/2448
f 3279/2755/2458 3285/2761/2464 3281/2757/2460
f 3279/2755/2458 3281/2757/2460 3276/2752/2455
f 3286/2762/2465 3287/2763/2466 3288/2764/2467
f 3286/2762/2465 3288/2764/2467 3289/2765/2468
f 3280/2756/2459 3290/2766/2469 3285/2761/2464
f 3280/2756/2459 3285/2761/2464 3279/2755/2458
f 3270/2746/2449 3284/2760/2463 3291/2767/2470
f 3270/2746/2449 3291/2767/2470 3275/2751/2454
f 3281/2757/2460 3292/2768/2471 3293/2769/2472
f 3281/2757/2460 3293/2769/2472 3282/2758/2461
f 3294/2770/2473 3292/2768/2471 3281/2757/2460
f 3294/2770/2473 3281/2757/2460 3285/2761/2464
f 3295/2771/2474 3287/2763/2466 3286/2762/2465
f 3295/2771/2474 3286/2762/2465 3296/2772/2474
f 3292/2768/2471 3297/2773/2475 3298/2774/2476
f 3292/2768/2471 3298/2774/2476 3293/2769/2472
f 3299/2775/2477 3300/2776/2478 3284/2760/2463
f 3299/2775/2477 3284/2760/2463 3283/2759/2462
f 3275/2751/2454 3291/2767/2470 3301/2777/2479
f 3275/2751/2454 3301/2777/2479 3280/2756/2459
f 3285/2761/2464 3290/2766/2469 3302/2778/2480
f 3285/2761/2464 3302/2778/2480 3294/2770/2473
f 3303/2779/2481 3297/2773/2475 3292/2768/2471
f 3303/2779/2481 3292/2768/2471 3294/2770/2473
f 3304/2780/2482 3305/2781/2483 3288/2764/2467
f 3304/2780/2482 3288/2764/2467 3287/2763/2466
f 3300/2776/2478 3306/2782/2484 3291/2767/2470
f 3300/2776/2478 3291/2767/2470 3284/2760/2463
f 3307/2783/2485 3308/2784/2486 3297/2773/2475
f 3307/2783/2485 3297/2773/2475 3303/2779/2481
f 3294/2770/2473 3302/2778/2480 3309/2785/2487
f 3294/2770/2473 3309/2785/2487 3303/2779/2481
f 3310/2786/2488 3311/2787/2489 3295/2771/2474
f 3310/2786/2488 3295/2771/2474 3296/2772/2474
f 3303/2779/2481 3309/2785/2487 3312/2788/2490
f 3303/2779/2481 3312/2788/2490 3307/2783/2485
f 3307/2783/2485 3312/2788/2490 3313/2789/2491
f 3307/2783/2485 3313/2789/2491 3308/2784/2486
f 3280/2756/2459 3301/2777/2479 3314/2790/2492
f 3280/2756/2459 3314/2790/2492 3290/2766/2469
f 3315/2791/2474 3304/2780/2482 3287/2763/2466
f 3315/2791/2474 3287/2763/2466 3295/2771/2474
f 3306/2782/2484 3316/2792/2493 3301/2777/2479
f 3306/2782/2484 3301/2777/2479 3291/2767/2470
f 3317/2793/2494 3311/2787/2489 3310/2786/2488
f 3317/2793/2494 3310/2786/2488 3318/2794/2495
f 3290/2766/2469 3314/2790/2492 3319/2795/2496
f 3290/2766/2469 3319/2795/2496 3302/2778/2480
f 3320/2796/2497 3315/2791/2474 3295/2771/2474
f 3320/2796/2497 3295/2771/2474 3311/2787/2489
f 3316/2792/2493 3321/2797/2498 3314/2790/2492
f 3316/2792/2493 3314/2790/2492 3301/2777/2479
f 3302/2778/2480 3319/2795/2496 3322/2798/2499
f 3302/2778/2480 3322/2798/2499 3309/2785/2487
f 3312/2788/2490 3323/2799/2500 3324/2800/2501
f 3312/2788/2490 3324/2800/2501 3313/2789/2491
f 3309/2785/2487 3322/2798/2499 3323/2799/2500
f 3309/2785/2487 3323/2799/2500 3312/2788/2490
f 3325/2801/2502 3320/2796/2497 3311/2787/2489
f 3325/2801/2502 3311/2787/2489 3317/2793/2494
f 3321/2797/2498 3326/2802/2503 3319/2795/2496
f 3321/2797/2498 3319/2795/2496 3314/2790/2492
f 3327/2803/2504 3328/2804/2505 3300/2776/2478
f 3327/2803/2504 3300/2776/2478 3299/2775/2477
f 3326/2802/2503 3329/2805/2506 3322/2798/2499
f 3326/2802/2503 3322/2798/2499 3319/2795/2496
f 3330/2806/2507 3331/2807/2508 3332/2808/2509
f 3330/2806/2507 3332/2808/2509 3324/2800/2501
f 3333/2809/2510 3330/2806/2507 3324/2800/2501
f 3333/2809/2510 3324/2800/2501 3323/2799/2500
f 3329/2805/2506 3333/2809/2510 3323/2799/2500
f 3329/2805/2506 3323/2799/2500 3322/2798/2499
f 3304/2780/2482 3334/2810/2511 3335/2811/2512
f 3304/2780/2482 3335/2811/2512 3305/2781/2483
f 3300/2776/2478 3328/2804/2505 3336/2812/2513
f 3300/2776/2478 3336/2812/2513 3306/2782/2484
f 3315/2791/2474 3337/2813/2474 3334/2810/2511
f 3315/2791/2474 3334/2810/2511 3304/2780/2482
f 3306/2782/2484 3336/2812/2513 3338/2814/2514
f 3306/2782/2484 3338/2814/2514 3316/2792/2493
f 3320/2796/2497 3339/2815/2515 3337/2813/2474
f 3320/2796/2497 3337/2813/2474 3315/2791/2474
f 3327/2803/2504 3340/2816/2516 3341/2817/2517
f 3327/2803/2504 3341/2817/2517 3328/2804/2505
f 3342/2818/2511 3343/2819/2518 3335/2811/2512
f 3342/2818/2511 3335/2811/2512 3334/2810/2511
f 3344/2820/2519 3339/2815/2515 3320/2796/2497
f 3344/2820/2519 3320/2796/2497 3325/2801/2502
f 3341/2817/2517 3345/2821/2520 3336/2812/2513
f 3341/2817/2517 3336/2812/2513 3328/2804/2505
f 3346/2822/2474 3342/2818/2511 3334/2810/2511
f 3346/2822/2474 3334/2810/2511 3337/2813/2474
f 3345/2821/2520 3347/2823/2521 3338/2814/2514
f 3345/2821/2520 3338/2814/2514 3336/2812/2513
f 3348/2824/2522 3349/2825/2523 3329/2805/2506
f 3348/2824/2522 3329/2805/2506 3326/2802/2503
f 3350/2826/2515 3346/2822/2474 3337/2813/2474
f 3350/2826/2515 3337/2813/2474 3339/2815/2515
f 3329/2805/2506 3349/2825/2523 3351/2827/2524
f 3329/2805/2506 3351/2827/2524 3333/2809/2510
f 3333/2809/2510 3351/2827/2524 3352/2828/2525
f 3333/2809/2510 3352/2828/2525 3330/2806/2507
f 3347/2823/2521 3353/2829/2526 3354/2830/2527
f 3347/2823/2521 3354/2830/2527 3338/2814/2514
f 3355/2831/2528 3350/2826/2515 3339/2815/2515
f 3355/2831/2528 3339/2815/2515 3344/2820/2519
f 3353/2829/2526 3356/2832/2529 3348/2824/2522
f 3353/2829/2526 3348/2824/2522 3354/2830/2527
f 3356/2832/2529 3357/2833/2530 3349/2825/2523
f 3356/2832/2529 3349/2825/2523 3348/2824/2522
f 3357/2833/2530 3358/2834/2531 3351/2827/2524
f 3357/2833/2530 3351/2827/2524 3349/2825/2523
f 3358/2834/2531 3359/2835/2532 3352/2828/2525
f 3358/2834/2531 3352/2828/2525 3351/2827/2524
f 3360/2836/2533 3361/2837/2534 3362/2838/2535
f 3360/2836/2533 3362/2838/2535 3363/2839/2536
f 3364/2840/2482 3365/2841/2537 3366/2842/2538
f 3364/2840/2482 3366/2842/2538 3367/2843/2539
f 3362/2838/2535 3361/2837/2534 3368/2844/2540
f 3362/2838/2535 3368/2844/2540 3369/2845/2541
f 3370/2846/2542 3360/2836/2533 3371/2847/2543
f 3370/2846/2542 3371/2847/2543 3372/2848/2544
f 3373/2849/2474 3374/2850/2474 3365/2841/2537
f 3373/2849/2474 3365/2841/2537 3364/2840/2482
f 3360/2836/2533 3370/2846/2542 3375/2851/2545
f 3360/2836/2533 3375/2851/2545 3361/2837/2534
f 3369/2845/2541 3368/2844/2540 3376/2852/2546
f 3369/2845/2541 3376/2852/2546 3377/2853/2547
f 3370/2846/2542 3378/2854/2548 3379/2855/2549
f 3370/2846/2542 3379/2855/2549 3375/2851/2545
f 3380/2856/2550 3376/2852/2546 3368/2844/2540
f 3380/2856/2550 3368/2844/2540 3379/2855/2549
f 3381/2857/2551 3382/2858/2552 3374/2850/2474
f 3381/2857/2551 3374/2850/2474 3373/2849/2474
f 3383/2859/2553 3380/2856/2550 3379/2855/2549
f 3383/2859/2553 3379/2855/2549 3378/2854/2548
f 3384/2860/2554 3382/2858/2552 3381/2857/2551
f 3384/2860/2554 3381/2857/2551 3385/2861/2555
f 3386/2862/2556 3387/2863/2557 3376/2852/2546
f 3386/2862/2556 3376/2852/2546 3380/2856/2550
f 3388/2864/2558 3386/2862/2556 3380/2856/2550
f 3388/2864/2558 3380/2856/2550 3383/2859/2553
f 3389/2865/2559 3390/2866/2560 3391/2867/2561
f 3389/2865/2559 3391/2867/2561 3392/2868/2562
f 3386/2862/2556 3393/2869/2563 3390/2866/2560
f 3386/2862/2556 3390/2866/2560 3387/2863/2557
f 3392/2868/2562 3391/2867/2561 3394/2870/2564
f 3392/2868/2562 3394/2870/2564 3395/2871/2565
f 3395/2871/2565 3394/2870/2564 3396/2872/2566
f 3395/2871/2565 3396/2872/2566 3397/2873/2567
f 3388/2864/2558 3398/2874/2568 3393/2869/2563
f 3388/2864/2558 3393/2869/2563 3386/2862/2556
f 3393/2869/2563 3399/2875/2569 3391/2867/2561
f 3393/2869/2563 3391/2867/2561 3390/2866/2560
f 3398/2874/2568 3400/2876/2570 3399/2875/2569
f 3398/2874/2568 3399/2875/2569 3393/2869/2563
f 3391/2867/2561 3399/2875/2569 3401/2877/2571
f 3391/2867/2561 3401/2877/2571 3394/2870/2564
f 3394/2870/2564 3401/2877/2571 3402/2878/2572
f 3394/2870/2564 3402/2878/2572 3396/2872/2566
f 3402/2878/2572 3401/2877/2571 3399/2875/2569
f 3402/2878/2572 3399/2875/2569 3400/2876/2570
f 3396/2872/2566 3402/2878/2572 3403/2879/2573
f 3396/2872/2566 3403/2879/2573 3404/2880/2574
f 3272/2748/2451 3405/2881/2575 3406/2882/2576
f 3272/2748/2451 3406/2882/2576 3269/2745/2448
f 3274/2750/2453 3278/2754/2457 3405/2881/2575
f 3274/2750/2453 3405/2881/2575 3272/2748/2451
f 3407/2883/2577 3283/2759/2462 3269/2745/2448
f 3407/2883/2577 3269/2745/2448 3406/2882/2576
f 3408/2884/2578 3299/2775/2477 3283/2759/2462
f 3408/2884/2578 3283/2759/2462 3407/2883/2577
f 3308/2784/2486 3409/2885/2579 3298/2774/2476
f 3308/2784/2486 3298/2774/2476 3297/2773/2475
f 3313/2789/2491 3410/2886/2580 3409/2885/2579
f 3313/2789/2491 3409/2885/2579 3308/2784/2486
f 3313/2789/2491 3324/2800/2501 3332/2808/2509
f 3313/2789/2491 3332/2808/2509 3410/2886/2580
f 3411/2887/2581 3327/2803/2504 3299/2775/2477
f 3411/2887/2581 3299/2775/2477 3408/2884/2578
f 3412/2888/2582 3340/2816/2516 3327/2803/2504
f 3412/2888/2582 3327/2803/2504 3411/2887/2581
f 3330/2806/2507 3352/2828/2525 3413/2889/2583
f 3330/2806/2507 3413/2889/2583 3331/2807/2508
f 3359/2835/2532 3414/2890/2584 3413/2889/2583
f 3359/2835/2532 3413/2889/2583 3352/2828/2525
f 3371/2847/2543 3360/2836/2533 3363/2839/2536
f 3371/2847/2543 3363/2839/2536 3415/2891/2585
f 3368/2844/2540 3361/2837/2534 3375/2851/2545
f 3368/2844/2540 3375/2851/2545 3379/2855/2549
f 3370/2846/2542 3372/2848/2544 3416/2892/2586
f 3370/2846/2542 3416/2892/2586 3378/2854/2548
f 3378/2854/2548 3416/2892/2586 3417/2893/2587
f 3378/2854/2548 3417/2893/2587 3383/2859/2553
f 3383/2859/2553 3417/2893/2587 3418/2894/2588
f 3383/2859/2553 3418/2894/2588 3388/2864/2558
f 3397/2873/2567 3396/2872/2566 3404/2880/2574
f 3397/2873/2567 3404/2880/2574 3419/2895/2589
f 3388/2864/2558 3418/2894/2588 3420/2896/2590
f 3388/2864/2558 3420/2896/2590 3398/2874/2568
f 3398/2874/2568 3420/2896/2590 3421/2897/2591
f 3398/2874/2568 3421/2897/2591 3400/2876/2570
f 3400/2876/2570 3421/2897/2591 3403/2879/2573
f 3400/2876/2570 3403/2879/2573 3402/2878/2572
f 3389/2865/2559 3422/2898/2592 3387/2863/2557
f 3389/2865/2559 3387/2863/2557 3390/2866/2560
f 3387/2863/2557 3422/2898/2592 3377/2853/2547
f 3387/2863/2557 3377/2853/2547 3376/2852/2546
f 3415/2891/2585 3363/2839/2536 3340/2816/2516
f 3415/2891/2585 3340/2816/2516 3412/2888/2582
f 3340/2816/2516 3363/2839/2536 3362/2838/2535
f 3340/2816/2516 3362/2838/2535 3341/2817/2517
f 3341/2817/2517 3362/2838/2535 3369/2845/2541
f 3341/2817/2517 3369/2845/2541 3345/2821/2520
f 3345/2821/2520 3369/2845/2541 3377/2853/2547
f 3345/2821/2520 3377/2853/2547 3347/2823/2521
f 3347/2823/2521 3377/2853/2547 3422/2898/2592
f 3347/2823/2521 3422/2898/2592 3353/2829/2526
f 3353/2829/2526 3422/2898/2592 3389/2865/2559
f 3353/2829/2526 3389/2865/2559 3356/2832/2529
f 3356/2832/2529 3389/2865/2559 3392/2868/2562
f 3356/2832/2529 3392/2868/2562 3357/2833/2530
f 3357/2833/2530 3392/2868/2562 3395/2871/2565
f 3357/2833/2530 3395/2871/2565 3358/2834/2531
f 3358/2834/2531 3395/2871/2565 3397/2873/2567
f 3358/2834/2531 3397/2873/2567 3359/2835/2532
f 3359/2835/2532 3397/2873/2567 3419/2895/2589
f 3359/2835/2532 3419/2895/2589 3414/2890/2584
f 3385/2861/2555 3381/2857/2551 3350/2826/2515
f 3385/2861/2555 3350/2826/2515 3355/2831/2528
f 3350/2826/2515 3381/2857/2551 3373/2849/2474
f 3350/2826/2515 3373/2849/2474 3346/2822/2474
f 3346/2822/2474 3373/2849/2474 3364/2840/2482
f 3346/2822/2474 3364/2840/2482 3342/2818/2511
f 3342/2818/2511 3364/2840/2482 3367/2843/2539
f 3342/2818/2511 3367/2843/2539 3343/2819/2518
f 3354/2830/2527 3348/2824/2522 3326/2802/2503
f 3354/2830/2527 3326/2802/2503 3321/2797/2498
f 3316/2792/2493 3338/2814/2514 3354/2830/2527
f 3316/2792/2493 3354/2830/2527 3321/2797/2498
f 3423/2899/2593 3424/2900/2594 3425/2860/2595
f 3423/2899/2593 3425/2860/2595 3426/2861/2596
f 3427/2901/2597 3428/2899/2598 3429/2861/2598
f 3427/2901/2597 3429/2861/2598 3430/2831/2599
f 3431/2902/2600 3432/2901/2600 3433/2831/2600
f 3431/2902/2600 3433/2831/2600 3434/2820/2600
f 3435/2903/2601 3436/2902/2602 3437/2820/2603
f 3435/2903/2601 3437/2820/2603 3438/2801/2604
f 3439/2904/2605 3440/2903/2606 3441/2801/2607
f 3439/2904/2605 3441/2801/2607 3442/2793/2605
f 3443/2905/2608 3444/2904/2609 3445/2793/2610
f 3443/2905/2608 3445/2793/2610 3446/2794/2611
f 3447/2906/2612 3448/2907/2613 3449/2762/2612
f 3447/2906/2612 3449/2762/2612 3450/2765/2468
f 3451/2907/2614 3452/2908/2614 3453/2772/2614
f 3451/2907/2614 3453/2772/2614 3454/2762/2615
f 3455/2908/2616 3456/2909/2616 3457/2786/2616
f 3455/2908/2616 3457/2786/2616 3458/2772/2616
f 3459/2909/2617 3460/2910/2618 3461/2794/2617
f 3459/2909/2617 3461/2794/2617 3462/2786/2617
f 3463/2910/2619 3464/2911/2620 3465/2905/2621
f 3463/2910/2619 3465/2905/2621 3466/2794/2622
f 3467/2843/2623 3468/2842/2624 3469/2912/2625
f 3467/2843/2623 3469/2912/2625 3470/2913/2626
f 3471/2819/2627 3472/2843/2628 3473/2913/2628
f 3471/2819/2627 3473/2913/2628 3474/2914/2629
f 3475/2811/2630 3476/2819/2631 3477/2914/2631
f 3475/2811/2630 3477/2914/2631 3478/2915/2630
f 3479/2781/2632 3480/2811/2630 3481/2915/2633
f 3479/2781/2632 3481/2915/2633 3482/2916/2634
f 3483/2764/2635 3484/2781/2634 3485/2916/2636
f 3483/2764/2635 3485/2916/2636 3486/2917/2637
f 3487/2765/2638 3488/2764/2638 3489/2917/2639
f 3487/2765/2638 3489/2917/2639 3490/2918/2640
f 3491/2918/2641 3492/2919/2642 3493/2906/2643
f 3491/2918/2641 3493/2906/2643 3494/2765/2642
f 3495/2912/2644 3496/2842/2645 3497/2920/2646
f 3495/2912/2644 3497/2920/2646 3498/2921/2647
f 3499/2842/2648 3500/2841/2649 3501/2922/2648
f 3499/2842/2648 3501/2922/2648 3502/2920/2650
f 3503/2841/2614 3504/2850/2614 3505/2923/2614
f 3503/2841/2614 3505/2923/2614 3506/2922/2614
f 3507/2850/2651 3508/2858/2651 3509/2924/2651
f 3507/2850/2651 3509/2924/2651 3510/2923/2651
f 3511/2858/2652 3512/2860/2653 3513/2925/2652
f 3511/2858/2652 3513/2925/2652 3514/2924/2654
f 3515/2860/2655 3516/2900/2656 3517/2926/2657
f 3515/2860/2655 3517/2926/2657 3518/2925/2658
o Wood_R_low_lambert2_0
v 0.121060 0.460808 0.085321
v 0.166346 0.465858 0.081997
v 0.167902 0.430831 0.081911
v 0.122095 0.426275 0.085264
v 0.166173 0.426489 0.106869
v 0.165877 0.460671 0.104219
v 0.154525 0.455688 0.112702
v 0.154354 0.420290 0.118129
v 0.122616 0.455962 0.114735
v 0.123251 0.451115 0.127336
v 0.174321 0.287466 0.081559
v 0.126322 0.284732 0.085033
v 0.121060 0.460808 0.085321
v 0.071274 0.456243 0.088681
v 0.073977 0.451531 0.123510
v 0.071274 0.456243 0.088681
v 0.071917 0.422156 0.088646
v 0.124195 0.410381 0.135623
v 0.158988 0.281444 0.123333
v 0.171672 0.285389 0.109224
v 0.075754 0.446958 0.141525
v 0.074480 0.282508 0.088506
v 0.012478 0.452897 0.092114
v 0.014563 0.448212 0.128802
v 0.012478 0.452897 0.092114
v 0.012992 0.418930 0.092086
v 0.128075 0.273713 0.143960
v 0.077743 0.400958 0.152009
v 0.015720 0.443700 0.148677
v 0.014953 0.281331 0.091979
v -0.045125 0.447484 0.130037
v -0.046392 0.452253 0.095130
v 0.080961 0.265939 0.162811
v -0.046004 0.418142 0.095108
v -0.046392 0.452253 0.095130
v 0.017033 0.396626 0.159950
v -0.044783 0.442864 0.148131
v 0.179268 0.128585 0.081288
v 0.129948 0.127312 0.084834
v -0.094534 0.449364 0.126635
v -0.096354 0.454393 0.097236
v 0.179268 0.128585 0.081288
v 0.174321 0.287466 0.081559
v 0.176848 0.128050 0.108937
v -0.044586 0.280299 0.095031
v -0.096346 0.419888 0.097235
v -0.096354 0.454393 0.097236
v 0.019624 0.263333 0.171596
v 0.163841 0.126897 0.123104
v -0.044229 0.396772 0.158694
v -0.093640 0.444459 0.139222
v 0.077120 0.126079 0.088361
v -0.096539 0.280658 0.097245
v 0.131498 0.124507 0.143936
v -0.126454 0.448084 0.128100
v -0.138812 0.452754 0.120916
v -0.092446 0.403969 0.147495
v -0.124620 0.412798 0.133417
v -0.137783 0.418623 0.123526
v 0.017274 0.124926 0.091851
v -0.042310 0.263616 0.169576
v 0.083068 0.121948 0.162986
v -0.091388 0.269694 0.156026
v -0.138893 0.279751 0.126282
v -0.124575 0.276262 0.138931
v 0.183365 -0.040977 0.081064
v 0.133275 -0.041857 0.084651
v 0.167722 -0.041243 0.122949
v 0.180961 -0.041016 0.108740
v -0.042597 0.123977 0.094922
v 0.134655 -0.041845 0.143847
v 0.079869 -0.042796 0.088210
v 0.021796 0.120288 0.171809
v 0.019831 -0.043850 0.091711
v -0.095505 0.123353 0.097189
v 0.085557 -0.042741 0.162954
v -0.040078 0.119747 0.169749
v -0.144697 0.281700 0.099042
v -0.144928 0.122892 0.099054
v -0.040230 -0.044905 0.094792
v -0.144697 0.281700 0.099042
v -0.144928 0.122892 0.099054
v -0.139370 0.122454 0.126325
v -0.090315 0.120546 0.156150
v -0.124788 0.121758 0.139009
v -0.093705 -0.045843 0.097090
v -0.143887 -0.046724 0.098997
v 0.183365 -0.040977 0.081064
v 0.184352 -0.240935 0.108573
v 0.186795 -0.240937 0.080876
v 0.186795 -0.240937 0.080876
v 0.136505 -0.241821 0.084474
v -0.143887 -0.046724 0.098997
v -0.138467 -0.046681 0.126249
v -0.088598 -0.045851 0.156085
v -0.037708 -0.044956 0.169709
v 0.171038 -0.241143 0.122794
v -0.123751 -0.046452 0.138927
v 0.082949 -0.242762 0.088042
v 0.137823 -0.241774 0.143691
v 0.022861 -0.243817 0.091545
v 0.185194 -0.447611 0.108530
v 0.187768 -0.446503 0.080822
v 0.187768 -0.446503 0.080822
v 0.138599 -0.450711 0.084360
v 0.088587 -0.242709 0.162792
v -0.037251 -0.244873 0.094629
v 0.171998 -0.447633 0.122789
v 0.024223 -0.043849 0.171787
v 0.027209 -0.243832 0.171623
v 0.085883 -0.454145 0.087881
v 0.139403 -0.445485 0.143774
v -0.090876 -0.245814 0.096935
v -0.034774 -0.244930 0.169544
v 0.026076 -0.456032 0.091369
v 0.184651 -0.602748 0.080993
v 0.182978 -0.602323 0.105960
v 0.184651 -0.602748 0.080993
v 0.138306 -0.614136 0.084376
v -0.141257 -0.246698 0.098853
v 0.090964 -0.443359 0.162953
v 0.170645 -0.601750 0.117836
v -0.085824 -0.245792 0.155914
v 0.087718 -0.623168 0.087780
v -0.121129 -0.246370 0.138754
v -0.033781 -0.456247 0.094438
v -0.135873 -0.246617 0.126087
v 0.138831 -0.600750 0.137158
v 0.030216 -0.442346 0.171786
v 0.028618 -0.626893 0.091230
v -0.086642 -0.454667 0.096703
v -0.031079 -0.445543 0.169628
v 0.091396 -0.600132 0.155333
v -0.136003 -0.452189 0.098565
v -0.081264 -0.449428 0.155818
v -0.030020 -0.624501 0.094232
v -0.115879 -0.452761 0.138491
v -0.130484 -0.453199 0.125781
v -0.079969 -0.616002 0.096337
v 0.187187 -0.665487 0.080855
v 0.186546 -0.662379 0.103089
v 0.187187 -0.665487 0.080855
v 0.142042 -0.679890 0.084171
v 0.164560 -0.636534 0.117049
v -0.126599 -0.606109 0.098050
v -0.075550 -0.603061 0.148894
v -0.027555 -0.602155 0.161849
v 0.141462 -0.649686 0.128247
v 0.142887 -0.671652 0.115544
v 0.092345 -0.690971 0.087527
v -0.108732 -0.604604 0.133128
v -0.122181 -0.605665 0.122671
v 0.092883 -0.653156 0.143921
v 0.032204 -0.600699 0.163769
v 0.033544 -0.695406 0.090960
v 0.094225 -0.678886 0.125757
v 0.036240 -0.654585 0.151362
v 0.035562 -0.682042 0.131487
v -0.024474 -0.691890 0.093929
v -0.024232 -0.654188 0.150338
v -0.073373 -0.684123 0.095976
v -0.022449 -0.679701 0.132151
v -0.071703 -0.652671 0.139926
v -0.118557 -0.675779 0.097610
v -0.097447 -0.643537 0.131399
v -0.115582 -0.672684 0.119646
v -0.070996 -0.676315 0.127264
v -0.126599 -0.606109 0.098050
v -0.118557 -0.675779 0.097610
v 0.167902 0.430831 0.081911
v 0.166346 0.465858 0.081997
v -0.141867 0.458017 0.098887
v -0.142362 0.422982 0.098914
v -0.141257 -0.246698 0.098853
v -0.136003 -0.452189 0.098565
v 0.142042 -0.679890 0.084171
v 0.092345 -0.690971 0.087527
v 0.033544 -0.695406 0.090960
v -0.024474 -0.691890 0.093929
v -0.073373 -0.684123 0.095976
v -0.096354 0.454393 0.097236
v -0.096346 0.419888 0.097235
v -0.142362 0.422982 0.098914
v -0.141867 0.458017 0.098887
v -0.144697 0.281700 0.099042
v -0.142362 0.422982 0.098914
v -0.096346 0.419888 0.097235
v -0.096539 0.280658 0.097245
vn -0.0703 -0.0005 -0.9975
vn -0.0731 -0.0008 -0.9973
vn -0.0730 -0.0008 -0.9973
vn -0.0697 -0.0005 -0.9976
vn 0.9454 0.0489 0.3223
vn 0.5555 0.7610 0.3350
vn 0.4180 0.3797 0.8253
vn 0.5750 0.0745 0.8148
vn -0.0518 0.9743 0.2194
vn 0.2824 0.4267 0.8592
vn -0.0722 -0.0006 -0.9974
vn -0.0695 -0.0004 -0.9976
vn -0.0742 0.9829 0.1688
vn -0.0569 0.9884 0.1410
vn -0.0447 0.9820 0.1833
vn -0.0629 -0.0002 -0.9980
vn -0.0627 -0.0002 -0.9980
vn 0.4052 0.0974 0.9090
vn 0.6017 0.0354 0.7979
vn 0.9365 0.0374 0.3486
vn 0.1440 0.4745 0.8684
vn -0.0625 -0.0002 -0.9980
vn -0.0264 0.9909 0.1322
vn -0.0241 0.9852 0.1699
vn -0.0548 -0.0000 -0.9985
vn -0.0547 -0.0000 -0.9985
vn 0.4331 0.0381 0.9005
vn 0.2198 0.1151 0.9687
vn 0.0316 0.4894 0.8715
vn 0.0046 0.9833 0.1820
vn 0.0124 0.9903 0.1387
vn 0.2378 0.0406 0.9705
vn -0.0467 0.0001 -0.9989
vn -0.0469 0.0001 -0.9989
vn 0.0514 0.1210 0.9913
vn -0.0761 0.4688 0.8800
vn -0.0717 -0.0004 -0.9974
vn -0.0692 -0.0003 -0.9976
vn 0.0327 0.9752 0.2189
vn 0.0509 0.9847 0.1664
vn 0.9956 0.0278 0.0898
vn 0.9952 0.0368 0.0904
vn 0.9379 0.0257 0.3461
vn -0.0422 0.0001 -0.9991
vn -0.0421 -0.0000 -0.9991
vn 0.0538 0.0414 0.9977
vn 0.6120 0.0149 0.7907
vn -0.1172 0.1107 0.9869
vn -0.2058 0.4171 0.8853
vn -0.0624 -0.0001 -0.9981
vn -0.0408 0.0001 -0.9992
vn 0.4439 0.0091 0.8960
vn -0.3364 0.3688 0.8665
vn -0.5379 0.7433 0.3978
vn -0.3064 0.0881 0.9478
vn -0.4840 0.0599 0.8730
vn -0.9050 0.0223 0.4248
vn -0.1318 0.0353 0.9906
vn 0.2468 0.0045 0.9691
vn -0.3331 0.0271 0.9425
vn -0.8927 0.0106 0.4505
vn -0.5116 0.0192 0.8590
vn -0.0714 -0.0003 -0.9974
vn -0.0690 -0.0002 -0.9976
vn 0.6053 0.0109 0.7959
vn 0.9369 0.0186 0.3492
vn -0.0470 0.0001 -0.9989
vn 0.4386 0.0070 0.8987
vn 0.0547 0.0014 0.9985
vn -0.0402 0.0001 -0.9992
vn 0.2455 0.0033 0.9694
vn -0.1392 -0.0013 0.9903
vn -0.0374 0.0001 -0.9993
vn -0.0377 0.0001 -0.9993
vn -0.0471 0.0001 -0.9989
vn -0.9795 0.0079 0.2012
vn -0.9797 -0.0018 0.2007
vn -0.8938 -0.0017 0.4485
vn -0.3431 -0.0027 0.9393
vn -0.5217 -0.0021 0.8531
vn -0.0404 0.0002 -0.9992
vn -0.0380 0.0002 -0.9993
vn 0.9960 0.0202 0.0872
vn 0.9363 0.0097 0.3511
vn 0.9960 0.0105 0.0888
vn -0.0714 -0.0002 -0.9975
vn -0.0689 -0.0002 -0.9976
vn -0.9807 -0.0092 0.1953
vn -0.8931 -0.0090 0.4497
vn -0.3378 -0.0047 0.9412
vn -0.1381 -0.0024 0.9904
vn 0.6051 0.0063 0.7961
vn -0.5147 -0.0060 0.8574
vn -0.0623 -0.0001 -0.9981
vn 0.4392 0.0050 0.8984
vn 0.9354 -0.0069 0.3535
vn 0.9963 -0.0046 0.0862
vn -0.0717 0.0001 -0.9974
vn -0.0693 -0.0000 -0.9976
vn 0.2463 0.0032 0.9692
vn 0.6009 -0.0120 0.7992
vn 0.0547 0.0003 0.9985
vn 0.0546 0.0007 0.9985
vn -0.0625 -0.0001 -0.9980
vn 0.4384 -0.0148 0.8986
vn -0.0405 0.0002 -0.9992
vn -0.1392 -0.0026 0.9903
vn 0.9975 -0.0001 0.0709
vn 0.9305 -0.0145 0.3659
vn -0.0726 -0.0003 -0.9974
vn -0.0695 -0.0003 -0.9976
vn -0.0380 0.0003 -0.9993
vn 0.2463 -0.0178 0.9690
vn 0.5837 -0.0435 0.8108
vn -0.3386 -0.0067 0.9409
vn -0.0623 -0.0002 -0.9981
vn -0.5147 -0.0106 0.8573
vn -0.0473 0.0002 -0.9989
vn -0.8929 -0.0179 0.4499
vn 0.4251 -0.0660 0.9027
vn 0.0550 -0.0202 0.9983
vn -0.0546 -0.0000 -0.9985
vn -0.0402 0.0004 -0.9992
vn -0.1389 -0.0239 0.9900
vn 0.2398 -0.0822 0.9673
vn -0.0376 0.0006 -0.9993
vn -0.3389 -0.0276 0.9404
vn -0.0472 0.0004 -0.9989
vn -0.5109 -0.0312 0.8591
vn -0.8915 -0.0389 0.4514
vn -0.0396 0.0010 -0.9992
vn 0.8271 -0.5416 0.1503
vn 0.7834 -0.4673 0.4097
vn -0.0728 -0.0009 -0.9973
vn -0.0696 -0.0009 -0.9976
vn 0.5031 -0.1431 0.8523
vn -0.0368 0.0012 -0.9993
vn -0.3267 -0.0859 0.9412
vn -0.1317 -0.0932 0.9869
vn 0.3638 -0.2727 0.8907
vn 0.3055 -0.7737 0.5550
vn -0.0622 -0.0005 -0.9981
vn -0.4912 -0.0760 0.8677
vn -0.8838 -0.0785 0.4613
vn 0.2133 -0.3290 0.9199
vn 0.0551 -0.0911 0.9943
vn 0.1677 -0.8180 0.5502
vn 0.0572 -0.3568 0.9324
vn 0.0370 -0.8287 0.5584
vn -0.0473 0.0006 -0.9989
vn -0.1011 -0.3458 0.9328
vn -0.0393 0.0014 -0.9992
vn -0.0757 -0.8195 0.5680
vn -0.2542 -0.3027 0.9186
vn -0.0360 0.0019 -0.9994
vn -0.3973 -0.1990 0.8959
vn -0.6845 -0.5442 0.4850
vn -0.1778 -0.7918 0.5843
vn -0.9808 -0.0734 0.1806
vn -0.7598 -0.6080 0.2303
vn 0.9960 0.0394 0.0804
vn 0.4804 0.8555 0.1932
vn -0.4800 0.8406 0.2508
vn -0.9817 0.0108 0.1901
vn -0.9806 -0.0194 0.1952
vn -0.9805 -0.0390 0.1925
vn 0.2415 -0.9405 0.2390
vn 0.1382 -0.9476 0.2880
vn 0.0240 -0.9514 0.3069
vn -0.0711 -0.9518 0.2985
vn -0.1278 -0.9589 0.2534
vn -0.0364 -0.0001 -0.9993
vn -0.0363 -0.0003 -0.9993
vn -0.0363 -0.0001 -0.9993
vn -0.0371 -0.0001 -0.9993
vn -0.0365 -0.0003 -0.9993
vn -0.0366 -0.0002 -0.9993
vn -0.0373 -0.0000 -0.9993
vt 0.015344 0.070209
vt 0.007730 0.069432
vt 0.007546 0.075711
vt 0.015246 0.076398
vt 0.413625 0.384954
vt 0.415003 0.394624
vt 0.418641 0.392978
vt 0.418161 0.382623
vt 0.427144 0.395460
vt 0.427930 0.391493
vt 0.006786 0.101411
vt 0.014850 0.101765
vt 0.425158 0.404414
vt 0.440633 0.406082
vt 0.441343 0.395573
vt 0.023709 0.070885
vt 0.023676 0.076993
vt 0.427800 0.379099
vt 0.415914 0.340431
vt 0.410434 0.341807
vt 0.441612 0.390036
vt 0.023554 0.102016
vt 0.458669 0.406375
vt 0.458507 0.395443
vt 0.033578 0.071318
vt 0.033567 0.077404
vt 0.426504 0.337871
vt 0.441409 0.375927
vt 0.458414 0.389286
vt 0.033541 0.102059
vt 0.475662 0.394936
vt 0.476654 0.405435
vt 0.440843 0.335415
vt 0.043459 0.077378
vt 0.043449 0.071267
vt 0.458365 0.374757
vt 0.475251 0.389399
vt 0.006307 0.129886
vt 0.014589 0.129975
vt 0.489860 0.394446
vt 0.492013 0.403376
vt 0.400826 0.294137
vt 0.402172 0.342905
vt 0.409131 0.293839
vt 0.043526 0.102075
vt 0.051892 0.076923
vt 0.051818 0.070742
vt 0.458249 0.334790
vt 0.414733 0.293492
vt 0.475318 0.375259
vt 0.489010 0.390474
vt 0.023457 0.130046
vt 0.052232 0.101864
vt 0.425784 0.292825
vt 0.498346 0.391870
vt 0.502001 0.393490
vt 0.489001 0.378129
vt 0.498720 0.381527
vt 0.503300 0.383813
vt 0.033497 0.130083
vt 0.475652 0.335249
vt 0.440610 0.292180
vt 0.489984 0.337633
vt 0.506073 0.341470
vt 0.500575 0.340122
vt 0.005993 0.160272
vt 0.014404 0.160288
vt 0.414302 0.242649
vt 0.408652 0.242665
vt 0.043537 0.130083
vt 0.425520 0.242610
vt 0.023368 0.160305
vt 0.458146 0.291915
vt 0.033440 0.160324
vt 0.052405 0.130045
vt 0.440505 0.242556
vt 0.475675 0.292075
vt 0.060298 0.101541
vt 0.060687 0.129988
vt 0.043512 0.160342
vt 0.514392 0.342506
vt 0.515461 0.293857
vt 0.507132 0.293589
vt 0.490477 0.292643
vt 0.501512 0.293260
vt 0.052476 0.160359
vt 0.060887 0.160375
vt 0.400334 0.242709
vt 0.408400 0.182230
vt 0.400075 0.182184
vt 0.005859 0.196102
vt 0.014303 0.196118
vt 0.515740 0.242433
vt 0.507418 0.242408
vt 0.490552 0.242422
vt 0.475569 0.242452
vt 0.414065 0.182251
vt 0.501768 0.242407
vt 0.023293 0.196134
vt 0.425315 0.182261
vt 0.033373 0.196153
vt 0.408993 0.119497
vt 0.400643 0.119523
vt 0.006149 0.232929
vt 0.014413 0.233543
vt 0.440338 0.182258
vt 0.043454 0.196172
vt 0.414633 0.119709
vt 0.458036 0.242499
vt 0.457895 0.182229
vt 0.023267 0.234009
vt 0.425701 0.120789
vt 0.052443 0.196189
vt 0.475459 0.182159
vt 0.033302 0.234177
vt 0.403884 0.071060
vt 0.411384 0.072048
vt 0.007017 0.260909
vt 0.014822 0.262817
vt 0.060887 0.196205
vt 0.440452 0.121939
vt 0.416348 0.072755
vt 0.490500 0.182078
vt 0.023332 0.264292
vt 0.501764 0.182013
vt 0.043338 0.234046
vt 0.507421 0.181976
vt 0.426923 0.073999
vt 0.457752 0.122649
vt 0.033252 0.264792
vt 0.052193 0.233614
vt 0.475041 0.121832
vt 0.441107 0.075116
vt 0.060459 0.233030
vt 0.489812 0.120620
vt 0.043078 0.264197
vt 0.500892 0.119477
vt 0.506519 0.119231
vt 0.051430 0.262533
vt 0.408598 0.050268
vt 0.413534 0.054037
vt 0.006730 0.272154
vt 0.014341 0.274607
vt 0.419241 0.062472
vt 0.059221 0.260629
vt 0.488027 0.074297
vt 0.474197 0.075066
vt 0.426779 0.059161
vt 0.425692 0.051599
vt 0.022705 0.276451
vt 0.498405 0.073202
vt 0.503306 0.072455
vt 0.440867 0.059074
vt 0.457656 0.075432
vt 0.032578 0.277079
vt 0.439773 0.049743
vt 0.456587 0.059047
vt 0.456555 0.049051
vt 0.042297 0.276284
vt 0.473222 0.059255
vt 0.050474 0.274755
vt 0.473115 0.049843
vt 0.486651 0.059174
vt 0.058027 0.273132
vt 0.494381 0.061619
vt 0.499119 0.052588
vt 0.486985 0.051033
vt 0.510789 0.071238
vt 0.503951 0.048645
vt 0.406290 0.387443
vt 0.411021 0.399426
vt 0.506036 0.398276
vt 0.510591 0.386310
vt 0.515740 0.181905
vt 0.514816 0.119194
vt 0.422451 0.042077
vt 0.438141 0.037893
vt 0.456552 0.036355
vt 0.474672 0.038000
vt 0.489949 0.041695
vt 0.059595 0.076239
vt 0.059435 0.069964
s 1
usemtl lambert2.003
f 3519/2927/2659 3520/2928/2660 3521/2929/2661
f 3519/2927/2659 3521/2929/2661 3522/2930/2662
f 3523/2931/2663 3524/2932/2664 3525/2933/2665
f 3523/2931/2663 3525/2933/2665 3526/2934/2666
f 3525/2933/2665 3524/2932/2664 3527/2935/2667
f 3525/2933/2665 3527/2935/2667 3528/2936/2668
f 3522/2930/2662 3521/2929/2661 3529/2937/2669
f 3522/2930/2662 3529/2937/2669 3530/2938/2670
f 3527/2935/2667 3531/2939/2671 3532/2940/2672
f 3527/2935/2667 3532/2940/2672 3533/2941/2673
f 3534/2942/2674 3519/2927/2659 3522/2930/2662
f 3534/2942/2674 3522/2930/2662 3535/2943/2675
f 3526/2934/2666 3525/2933/2665 3528/2936/2668
f 3526/2934/2666 3528/2936/2668 3536/2944/2676
f 3523/2931/2663 3526/2934/2666 3537/2945/2677
f 3523/2931/2663 3537/2945/2677 3538/2946/2678
f 3528/2936/2668 3527/2935/2667 3533/2941/2673
f 3528/2936/2668 3533/2941/2673 3539/2947/2679
f 3535/2943/2675 3522/2930/2662 3530/2938/2670
f 3535/2943/2675 3530/2938/2670 3540/2948/2680
f 3533/2941/2673 3532/2940/2672 3541/2949/2681
f 3533/2941/2673 3541/2949/2681 3542/2950/2682
f 3543/2951/2683 3534/2942/2674 3535/2943/2675
f 3543/2951/2683 3535/2943/2675 3544/2952/2684
f 3526/2934/2666 3536/2944/2676 3545/2953/2685
f 3526/2934/2666 3545/2953/2685 3537/2945/2677
f 3536/2944/2676 3528/2936/2668 3539/2947/2679
f 3536/2944/2676 3539/2947/2679 3546/2954/2686
f 3539/2947/2679 3533/2941/2673 3542/2950/2682
f 3539/2947/2679 3542/2950/2682 3547/2955/2687
f 3544/2952/2684 3535/2943/2675 3540/2948/2680
f 3544/2952/2684 3540/2948/2680 3548/2956/2684
f 3549/2957/2688 3542/2950/2682 3541/2949/2681
f 3549/2957/2688 3541/2949/2681 3550/2958/2689
f 3536/2944/2676 3546/2954/2686 3551/2959/2690
f 3536/2944/2676 3551/2959/2690 3545/2953/2685
f 3543/2951/2683 3544/2952/2684 3552/2960/2691
f 3543/2951/2683 3552/2960/2691 3553/2961/2692
f 3546/2954/2686 3539/2947/2679 3547/2955/2687
f 3546/2954/2686 3547/2955/2687 3554/2962/2693
f 3555/2963/2694 3547/2955/2687 3542/2950/2682
f 3555/2963/2694 3542/2950/2682 3549/2957/2688
f 3530/2938/2670 3529/2937/2669 3556/2964/2695
f 3530/2938/2670 3556/2964/2695 3557/2965/2696
f 3558/2966/2697 3549/2957/2688 3550/2958/2689
f 3558/2966/2697 3550/2958/2689 3559/2967/2698
f 3560/2968/2699 3561/2969/2700 3538/2946/2678
f 3560/2968/2699 3538/2946/2678 3562/2970/2701
f 3552/2960/2691 3544/2952/2684 3548/2956/2684
f 3552/2960/2691 3548/2956/2684 3563/2971/2692
f 3553/2961/2692 3552/2960/2691 3564/2972/2702
f 3553/2961/2692 3564/2972/2702 3565/2973/2703
f 3546/2954/2686 3554/2962/2693 3566/2974/2704
f 3546/2954/2686 3566/2974/2704 3551/2959/2690
f 3538/2946/2678 3537/2945/2677 3567/2975/2705
f 3538/2946/2678 3567/2975/2705 3562/2970/2701
f 3547/2955/2687 3555/2963/2694 3568/2976/2706
f 3547/2955/2687 3568/2976/2706 3554/2962/2693
f 3569/2977/2707 3555/2963/2694 3549/2957/2688
f 3569/2977/2707 3549/2957/2688 3558/2966/2697
f 3540/2948/2680 3530/2938/2670 3557/2965/2696
f 3540/2948/2680 3557/2965/2696 3570/2978/2708
f 3564/2972/2702 3552/2960/2691 3563/2971/2692
f 3564/2972/2702 3563/2971/2692 3571/2979/2709
f 3537/2945/2677 3545/2953/2685 3572/2980/2710
f 3537/2945/2677 3572/2980/2710 3567/2975/2705
f 3573/2981/2711 3569/2977/2707 3558/2966/2697
f 3573/2981/2711 3558/2966/2697 3574/2982/2712
f 3555/2963/2694 3569/2977/2707 3575/2983/2713
f 3555/2963/2694 3575/2983/2713 3568/2976/2706
f 3569/2977/2707 3573/2981/2711 3576/2984/2714
f 3569/2977/2707 3576/2984/2714 3575/2983/2713
f 3573/2981/2711 3574/2982/2712 3577/2985/2715
f 3573/2981/2711 3577/2985/2715 3576/2984/2714
f 3548/2956/2684 3540/2948/2680 3570/2978/2708
f 3548/2956/2684 3570/2978/2708 3578/2986/2684
f 3566/2974/2704 3554/2962/2693 3568/2976/2706
f 3566/2974/2704 3568/2976/2706 3579/2987/2716
f 3545/2953/2685 3551/2959/2690 3580/2988/2717
f 3545/2953/2685 3580/2988/2717 3572/2980/2710
f 3568/2976/2706 3575/2983/2713 3581/2989/2718
f 3568/2976/2706 3581/2989/2718 3579/2987/2716
f 3576/2984/2714 3577/2985/2715 3582/2990/2719
f 3576/2984/2714 3582/2990/2719 3583/2991/2720
f 3557/2965/2696 3556/2964/2695 3584/2992/2721
f 3557/2965/2696 3584/2992/2721 3585/2993/2722
f 3575/2983/2713 3576/2984/2714 3583/2991/2720
f 3575/2983/2713 3583/2991/2720 3581/2989/2718
f 3562/2970/2701 3567/2975/2705 3586/2994/2723
f 3562/2970/2701 3586/2994/2723 3587/2995/2724
f 3563/2971/2692 3548/2956/2684 3578/2986/2684
f 3563/2971/2692 3578/2986/2684 3588/2996/2725
f 3567/2975/2705 3572/2980/2710 3589/2997/2726
f 3567/2975/2705 3589/2997/2726 3586/2994/2723
f 3570/2978/2708 3557/2965/2696 3585/2993/2722
f 3570/2978/2708 3585/2993/2722 3590/2998/2708
f 3551/2959/2690 3566/2974/2704 3591/2999/2727
f 3551/2959/2690 3591/2999/2727 3580/2988/2717
f 3578/2986/2684 3570/2978/2708 3590/2998/2708
f 3578/2986/2684 3590/2998/2708 3592/3000/2684
f 3571/2979/2709 3563/2971/2692 3588/2996/2725
f 3571/2979/2709 3588/2996/2725 3593/3001/2728
f 3572/2980/2710 3580/2988/2717 3594/3002/2729
f 3572/2980/2710 3594/3002/2729 3589/2997/2726
f 3566/2974/2704 3579/2987/2716 3595/3003/2730
f 3566/2974/2704 3595/3003/2730 3591/2999/2727
f 3596/3004/2731 3571/2979/2709 3593/3001/2728
f 3596/3004/2731 3593/3001/2728 3597/3005/2732
f 3588/2996/2725 3578/2986/2684 3592/3000/2684
f 3588/2996/2725 3592/3000/2684 3598/3006/2733
f 3582/2990/2719 3599/3007/2734 3600/3008/2735
f 3582/2990/2719 3600/3008/2735 3601/3009/2736
f 3579/2987/2716 3581/2989/2718 3602/3010/2737
f 3579/2987/2716 3602/3010/2737 3595/3003/2730
f 3583/2991/2720 3582/2990/2719 3601/3009/2736
f 3583/2991/2720 3601/3009/2736 3603/3011/2738
f 3581/2989/2718 3583/2991/2720 3603/3011/2738
f 3581/2989/2718 3603/3011/2738 3602/3010/2737
f 3593/3001/2728 3588/2996/2725 3598/3006/2733
f 3593/3001/2728 3598/3006/2733 3604/3012/2739
f 3597/3005/2732 3593/3001/2728 3604/3012/2739
f 3597/3005/2732 3604/3012/2739 3605/3013/2740
f 3606/3014/2741 3587/2995/2724 3607/3015/2742
f 3606/3014/2741 3607/3015/2742 3608/3016/2743
f 3585/2993/2722 3584/2992/2721 3609/3017/2744
f 3585/2993/2722 3609/3017/2744 3610/3018/2745
f 3601/3009/2736 3600/3008/2735 3611/3019/2746
f 3601/3009/2736 3611/3019/2746 3612/3020/2747
f 3595/3003/2730 3602/3010/2737 3613/3021/2748
f 3595/3003/2730 3613/3021/2748 3614/3022/2749
f 3607/3015/2742 3587/2995/2724 3586/2994/2723
f 3607/3015/2742 3586/2994/2723 3615/3023/2750
f 3602/3010/2737 3603/3011/2738 3616/3024/2751
f 3602/3010/2737 3616/3024/2751 3613/3021/2748
f 3603/3011/2738 3601/3009/2736 3612/3020/2747
f 3603/3011/2738 3612/3020/2747 3616/3024/2751
f 3590/2998/2708 3585/2993/2722 3610/3018/2745
f 3590/2998/2708 3610/3018/2745 3617/3025/2752
f 3586/2994/2723 3589/2997/2726 3618/3026/2753
f 3586/2994/2723 3618/3026/2753 3615/3023/2750
f 3592/3000/2684 3590/2998/2708 3617/3025/2752
f 3592/3000/2684 3617/3025/2752 3619/3027/2684
f 3608/3016/2743 3607/3015/2742 3620/3028/2754
f 3608/3016/2743 3620/3028/2754 3621/3029/2755
f 3610/3018/2745 3609/3017/2744 3622/3030/2756
f 3610/3018/2745 3622/3030/2756 3623/3031/2757
f 3589/2997/2726 3594/3002/2729 3624/3032/2758
f 3589/2997/2726 3624/3032/2758 3618/3026/2753
f 3598/3006/2733 3592/3000/2684 3619/3027/2684
f 3598/3006/2733 3619/3027/2684 3625/3033/2733
f 3607/3015/2742 3615/3023/2750 3626/3034/2759
f 3607/3015/2742 3626/3034/2759 3620/3028/2754
f 3594/3002/2729 3627/3035/2760 3628/3036/2761
f 3594/3002/2729 3628/3036/2761 3624/3032/2758
f 3617/3025/2752 3610/3018/2745 3623/3031/2757
f 3617/3025/2752 3623/3031/2757 3629/3037/2762
f 3615/3023/2750 3618/3026/2753 3630/3038/2763
f 3615/3023/2750 3630/3038/2763 3626/3034/2759
f 3604/3012/2739 3598/3006/2733 3625/3033/2733
f 3604/3012/2739 3625/3033/2733 3631/3039/2764
f 3627/3035/2760 3614/3022/2749 3632/3040/2765
f 3627/3035/2760 3632/3040/2765 3628/3036/2761
f 3619/3027/2684 3617/3025/2752 3629/3037/2762
f 3619/3027/2684 3629/3037/2762 3633/3041/2684
f 3634/3042/2766 3621/3029/2755 3620/3028/2754
f 3634/3042/2766 3620/3028/2754 3635/3043/2767
f 3623/3031/2757 3622/3030/2756 3636/3044/2768
f 3623/3031/2757 3636/3044/2768 3637/3045/2769
f 3605/3013/2740 3604/3012/2739 3631/3039/2764
f 3605/3013/2740 3631/3039/2764 3638/3046/2770
f 3618/3026/2753 3624/3032/2758 3639/3047/2771
f 3618/3026/2753 3639/3047/2771 3630/3038/2763
f 3620/3028/2754 3626/3034/2759 3640/3048/2772
f 3620/3028/2754 3640/3048/2772 3635/3043/2767
f 3614/3022/2749 3613/3021/2748 3641/3049/2773
f 3614/3022/2749 3641/3049/2773 3632/3040/2765
f 3629/3037/2762 3623/3031/2757 3637/3045/2769
f 3629/3037/2762 3637/3045/2769 3642/3050/2774
f 3613/3021/2748 3616/3024/2751 3643/3051/2775
f 3613/3021/2748 3643/3051/2775 3641/3049/2773
f 3625/3033/2733 3619/3027/2684 3633/3041/2684
f 3625/3033/2733 3633/3041/2684 3644/3052/2776
f 3616/3024/2751 3612/3020/2747 3645/3053/2777
f 3616/3024/2751 3645/3053/2777 3643/3051/2775
f 3626/3034/2759 3630/3038/2763 3646/3054/2778
f 3626/3034/2759 3646/3054/2778 3640/3048/2772
f 3624/3032/2758 3628/3036/2761 3647/3055/2779
f 3624/3032/2758 3647/3055/2779 3639/3047/2771
f 3633/3041/2684 3629/3037/2762 3642/3050/2774
f 3633/3041/2684 3642/3050/2774 3648/3056/2780
f 3631/3039/2764 3625/3033/2733 3644/3052/2776
f 3631/3039/2764 3644/3052/2776 3649/3057/2781
f 3628/3036/2761 3632/3040/2765 3650/3058/2782
f 3628/3036/2761 3650/3058/2782 3647/3055/2779
f 3630/3038/2763 3639/3047/2771 3651/3059/2783
f 3630/3038/2763 3651/3059/2783 3646/3054/2778
f 3638/3046/2770 3631/3039/2764 3649/3057/2781
f 3638/3046/2770 3649/3057/2781 3652/3060/2784
f 3632/3040/2765 3641/3049/2773 3653/3061/2785
f 3632/3040/2765 3653/3061/2785 3650/3058/2782
f 3644/3052/2776 3633/3041/2684 3648/3056/2780
f 3644/3052/2776 3648/3056/2780 3654/3062/2786
f 3641/3049/2773 3643/3051/2775 3655/3063/2787
f 3641/3049/2773 3655/3063/2787 3653/3061/2785
f 3643/3051/2775 3645/3053/2777 3656/3064/2788
f 3643/3051/2775 3656/3064/2788 3655/3063/2787
f 3649/3057/2781 3644/3052/2776 3654/3062/2786
f 3649/3057/2781 3654/3062/2786 3657/3065/2789
f 3658/3066/2790 3634/3042/2766 3635/3043/2767
f 3658/3066/2790 3635/3043/2767 3659/3067/2791
f 3637/3045/2769 3636/3044/2768 3660/3068/2792
f 3637/3045/2769 3660/3068/2792 3661/3069/2793
f 3635/3043/2767 3640/3048/2772 3662/3070/2794
f 3635/3043/2767 3662/3070/2794 3659/3067/2791
f 3652/3060/2784 3649/3057/2781 3657/3065/2789
f 3652/3060/2784 3657/3065/2789 3663/3071/2795
f 3650/3058/2782 3653/3061/2785 3664/3072/2796
f 3650/3058/2782 3664/3072/2796 3665/3073/2797
f 3659/3067/2791 3662/3070/2794 3666/3074/2798
f 3659/3067/2791 3666/3074/2798 3667/3075/2799
f 3642/3050/2774 3637/3045/2769 3661/3069/2793
f 3642/3050/2774 3661/3069/2793 3668/3076/2800
f 3646/3054/2778 3666/3074/2798 3662/3070/2794
f 3646/3054/2778 3662/3070/2794 3640/3048/2772
f 3653/3061/2785 3655/3063/2787 3669/3077/2801
f 3653/3061/2785 3669/3077/2801 3664/3072/2796
f 3655/3063/2787 3656/3064/2788 3670/3078/2802
f 3655/3063/2787 3670/3078/2802 3669/3077/2801
f 3671/3079/2803 3666/3074/2798 3646/3054/2778
f 3671/3079/2803 3646/3054/2778 3651/3059/2783
f 3672/3080/2804 3651/3059/2783 3639/3047/2771
f 3672/3080/2804 3639/3047/2771 3647/3055/2779
f 3648/3056/2780 3642/3050/2774 3668/3076/2800
f 3648/3056/2780 3668/3076/2800 3673/3081/2683
f 3674/3082/2805 3667/3075/2799 3666/3074/2798
f 3674/3082/2805 3666/3074/2798 3671/3079/2803
f 3650/3058/2782 3665/3073/2797 3672/3080/2804
f 3650/3058/2782 3672/3080/2804 3647/3055/2779
f 3675/3083/2806 3671/3079/2803 3651/3059/2783
f 3675/3083/2806 3651/3059/2783 3672/3080/2804
f 3676/3084/2807 3674/3082/2805 3671/3079/2803
f 3676/3084/2807 3671/3079/2803 3675/3083/2806
f 3677/3085/2808 3654/3062/2786 3648/3056/2780
f 3677/3085/2808 3648/3056/2780 3673/3081/2683
f 3675/3083/2806 3672/3080/2804 3665/3073/2797
f 3675/3083/2806 3665/3073/2797 3678/3086/2809
f 3679/3087/2810 3657/3065/2789 3654/3062/2786
f 3679/3087/2810 3654/3062/2786 3677/3085/2808
f 3676/3084/2807 3675/3083/2806 3678/3086/2809
f 3676/3084/2807 3678/3086/2809 3680/3088/2811
f 3678/3086/2809 3665/3073/2797 3664/3072/2796
f 3678/3086/2809 3664/3072/2796 3681/3089/2812
f 3682/3090/2813 3663/3071/2795 3657/3065/2789
f 3682/3090/2813 3657/3065/2789 3679/3087/2810
f 3664/3072/2796 3669/3077/2801 3683/3091/2814
f 3664/3072/2796 3683/3091/2814 3681/3089/2812
f 3683/3091/2814 3669/3077/2801 3670/3078/2802
f 3683/3091/2814 3670/3078/2802 3684/3092/2815
f 3680/3088/2811 3678/3086/2809 3681/3089/2812
f 3680/3088/2811 3681/3089/2812 3685/3093/2816
f 3670/3078/2802 3686/3094/2817 3687/3095/2818
f 3670/3078/2802 3687/3095/2818 3684/3092/2815
f 3685/3093/2816 3681/3089/2812 3683/3091/2814
f 3685/3093/2816 3683/3091/2814 3684/3092/2815
f 3688/3096/2819 3689/3097/2820 3524/2932/2664
f 3688/3096/2819 3524/2932/2664 3523/2931/2663
f 3689/3097/2820 3531/2939/2671 3527/2935/2667
f 3689/3097/2820 3527/2935/2667 3524/2932/2664
f 3561/2969/2700 3688/3096/2819 3523/2931/2663
f 3561/2969/2700 3523/2931/2663 3538/2946/2678
f 3558/2966/2697 3559/2967/2698 3690/3098/2821
f 3558/2966/2697 3690/3098/2821 3574/2982/2712
f 3574/2982/2712 3690/3098/2821 3691/3099/2822
f 3574/2982/2712 3691/3099/2822 3577/2985/2715
f 3582/2990/2719 3577/2985/2715 3691/3099/2822
f 3582/2990/2719 3691/3099/2822 3599/3007/2734
f 3606/3014/2741 3560/2968/2699 3562/2970/2701
f 3606/3014/2741 3562/2970/2701 3587/2995/2724
f 3612/3020/2747 3611/3019/2746 3692/3100/2823
f 3612/3020/2747 3692/3100/2823 3645/3053/2777
f 3645/3053/2777 3692/3100/2823 3693/3101/2824
f 3645/3053/2777 3693/3101/2824 3656/3064/2788
f 3694/3102/2825 3658/3066/2790 3659/3067/2791
f 3694/3102/2825 3659/3067/2791 3667/3075/2799
f 3670/3078/2802 3656/3064/2788 3693/3101/2824
f 3670/3078/2802 3693/3101/2824 3686/3094/2817
f 3695/3103/2826 3694/3102/2825 3667/3075/2799
f 3695/3103/2826 3667/3075/2799 3674/3082/2805
f 3696/3104/2827 3695/3103/2826 3674/3082/2805
f 3696/3104/2827 3674/3082/2805 3676/3084/2807
f 3697/3105/2828 3696/3104/2827 3676/3084/2807
f 3697/3105/2828 3676/3084/2807 3680/3088/2811
f 3698/3106/2829 3697/3105/2828 3680/3088/2811
f 3698/3106/2829 3680/3088/2811 3685/3093/2816
f 3684/3092/2815 3687/3095/2818 3698/3106/2829
f 3684/3092/2815 3698/3106/2829 3685/3093/2816
f 3591/2999/2727 3595/3003/2730 3614/3022/2749
f 3591/2999/2727 3614/3022/2749 3627/3035/2760
f 3594/3002/2729 3580/2988/2717 3591/2999/2727
f 3594/3002/2729 3591/2999/2727 3627/3035/2760
f 3699/2973/2830 3700/2972/2831 3701/3107/2832
f 3699/2973/2830 3701/3107/2832 3702/3108/2831
f 3703/3004/2833 3704/3107/2834 3705/2972/2835
f 3703/3004/2833 3705/2972/2835 3706/2979/2836
